2026-06-22 10:29:02 [main] INFO  c.f.e.EurekaServerApplicationTest - Starting EurekaServerApplicationTest using Java 17.0.12 with PID 30008 (started by avilakad in C:\Users\avilakad\OneDrive - Publicis Groupe\Documents\Food-Delivery-main\eureka-server)
2026-06-22 10:29:02 [main] DEBUG c.f.e.EurekaServerApplicationTest - Running with Spring Boot v3.2.0, Spring v6.1.1
2026-06-22 10:29:02 [main] INFO  c.f.e.EurekaServerApplicationTest - No active profile set, falling back to 1 default profile: "default"
2026-06-22 10:29:02 [main] INFO  o.s.c.c.c.ConfigServerConfigDataLoader - Fetching config from server at : http://localhost:8888
2026-06-22 10:29:02 [main] INFO  o.s.c.c.c.ConfigServerConfigDataLoader - Located environment: name=eureka-server, profiles=[default], label=null, version=b0b2bbdb6b6c86c992b2abfd6ea7ee8a314f0ebf, state=null
2026-06-22 10:29:07 [main] INFO  o.s.cloud.context.scope.GenericScope - BeanFactory id=8bf17b23-2af8-326c-864e-1dfd2c87be20
2026-06-22 10:29:08 [main] WARN  o.s.c.s.PostProcessorRegistrationDelegate$BeanPostProcessorChecker - Bean 'org.springframework.cloud.client.loadbalancer.LoadBalancerAutoConfiguration$LoadBalancerInterceptorConfig' of type [org.springframework.cloud.client.loadbalancer.LoadBalancerAutoConfiguration$LoadBalancerInterceptorConfig] is not eligible for getting processed by all BeanPostProcessors (for example: not eligible for auto-proxying). The currently created BeanPostProcessor [lbRestClientPostProcessor] is declared through a non-static factory method on that class; consider declaring it as static instead.
2026-06-22 10:29:08 [main] WARN  o.s.c.s.PostProcessorRegistrationDelegate$BeanPostProcessorChecker - Bean 'org.springframework.cloud.loadbalancer.config.BlockingLoadBalancerClientAutoConfiguration' of type [org.springframework.cloud.loadbalancer.config.BlockingLoadBalancerClientAutoConfiguration] is not eligible for getting processed by all BeanPostProcessors (for example: not eligible for auto-proxying). Is this bean getting eagerly injected into a currently created BeanPostProcessor [lbRestClientPostProcessor]? Check the corresponding BeanPostProcessor declaration and its dependencies.
2026-06-22 10:29:08 [main] WARN  o.s.c.s.PostProcessorRegistrationDelegate$BeanPostProcessorChecker - Bean 'org.springframework.cloud.loadbalancer.config.LoadBalancerAutoConfiguration' of type [org.springframework.cloud.loadbalancer.config.LoadBalancerAutoConfiguration] is not eligible for getting processed by all BeanPostProcessors (for example: not eligible for auto-proxying). Is this bean getting eagerly injected into a currently created BeanPostProcessor [lbRestClientPostProcessor]? Check the corresponding BeanPostProcessor declaration and its dependencies.
2026-06-22 10:29:08 [main] WARN  o.s.c.s.PostProcessorRegistrationDelegate$BeanPostProcessorChecker - Bean 'org.springframework.cloud.commons.config.CommonsConfigAutoConfiguration' of type [org.springframework.cloud.commons.config.CommonsConfigAutoConfiguration] is not eligible for getting processed by all BeanPostProcessors (for example: not eligible for auto-proxying). Is this bean getting eagerly injected into a currently created BeanPostProcessor [lbRestClientPostProcessor]? Check the corresponding BeanPostProcessor declaration and its dependencies.
2026-06-22 10:29:08 [main] WARN  o.s.c.s.PostProcessorRegistrationDelegate$BeanPostProcessorChecker - Bean 'org.springframework.cloud.client.loadbalancer.LoadBalancerDefaultMappingsProviderAutoConfiguration' of type [org.springframework.cloud.client.loadbalancer.LoadBalancerDefaultMappingsProviderAutoConfiguration] is not eligible for getting processed by all BeanPostProcessors (for example: not eligible for auto-proxying). Is this bean getting eagerly injected into a currently created BeanPostProcessor [lbRestClientPostProcessor]? Check the corresponding BeanPostProcessor declaration and its dependencies.
2026-06-22 10:29:08 [main] WARN  o.s.c.s.PostProcessorRegistrationDelegate$BeanPostProcessorChecker - Bean 'loadBalancerClientsDefaultsMappingsProvider' of type [org.springframework.cloud.client.loadbalancer.LoadBalancerDefaultMappingsProviderAutoConfiguration$$Lambda$895/0x000001e2c6454698] is not eligible for getting processed by all BeanPostProcessors (for example: not eligible for auto-proxying). Is this bean getting eagerly injected into a currently created BeanPostProcessor [lbRestClientPostProcessor]? Check the corresponding BeanPostProcessor declaration and its dependencies.
2026-06-22 10:29:08 [main] WARN  o.s.c.s.PostProcessorRegistrationDelegate$BeanPostProcessorChecker - Bean 'defaultsBindHandlerAdvisor' of type [org.springframework.cloud.commons.config.DefaultsBindHandlerAdvisor] is not eligible for getting processed by all BeanPostProcessors (for example: not eligible for auto-proxying). Is this bean getting eagerly injected into a currently created BeanPostProcessor [lbRestClientPostProcessor]? Check the corresponding BeanPostProcessor declaration and its dependencies.
2026-06-22 10:29:08 [main] WARN  o.s.c.s.PostProcessorRegistrationDelegate$BeanPostProcessorChecker - Bean 'spring.cloud.loadbalancer-org.springframework.cloud.client.loadbalancer.LoadBalancerClientsProperties' of type [org.springframework.cloud.client.loadbalancer.LoadBalancerClientsProperties] is not eligible for getting processed by all BeanPostProcessors (for example: not eligible for auto-proxying). Is this bean getting eagerly injected into a currently created BeanPostProcessor [lbRestClientPostProcessor]? Check the corresponding BeanPostProcessor declaration and its dependencies.
2026-06-22 10:29:08 [main] WARN  o.s.c.s.PostProcessorRegistrationDelegate$BeanPostProcessorChecker - Bean 'default.org.springframework.cloud.loadbalancer.config.LoadBalancerAutoConfiguration.LoadBalancerClientSpecification' of type [org.springframework.cloud.loadbalancer.annotation.LoadBalancerClientSpecification] is not eligible for getting processed by all BeanPostProcessors (for example: not eligible for auto-proxying). Is this bean getting eagerly injected into a currently created BeanPostProcessor [lbRestClientPostProcessor]? Check the corresponding BeanPostProcessor declaration and its dependencies.
2026-06-22 10:29:08 [main] WARN  o.s.c.s.PostProcessorRegistrationDelegate$BeanPostProcessorChecker - Bean 'default.org.springframework.cloud.loadbalancer.config.BlockingLoadBalancerClientAutoConfiguration.LoadBalancerClientSpecification' of type [org.springframework.cloud.loadbalancer.annotation.LoadBalancerClientSpecification] is not eligible for getting processed by all BeanPostProcessors (for example: not eligible for auto-proxying). Is this bean getting eagerly injected into a currently created BeanPostProcessor [lbRestClientPostProcessor]? Check the corresponding BeanPostProcessor declaration and its dependencies.
2026-06-22 10:29:08 [main] WARN  o.s.c.s.PostProcessorRegistrationDelegate$BeanPostProcessorChecker - Bean 'default.org.springframework.cloud.netflix.eureka.loadbalancer.LoadBalancerEurekaAutoConfiguration.LoadBalancerClientSpecification' of type [org.springframework.cloud.loadbalancer.annotation.LoadBalancerClientSpecification] is not eligible for getting processed by all BeanPostProcessors (for example: not eligible for auto-proxying). Is this bean getting eagerly injected into a currently created BeanPostProcessor [lbRestClientPostProcessor]? Check the corresponding BeanPostProcessor declaration and its dependencies.
2026-06-22 10:29:08 [main] WARN  o.s.c.s.PostProcessorRegistrationDelegate$BeanPostProcessorChecker - Bean 'loadBalancerClientFactory' of type [org.springframework.cloud.loadbalancer.support.LoadBalancerClientFactory] is not eligible for getting processed by all BeanPostProcessors (for example: not eligible for auto-proxying). Is this bean getting eagerly injected into a currently created BeanPostProcessor [lbRestClientPostProcessor]? Check the corresponding BeanPostProcessor declaration and its dependencies.
2026-06-22 10:29:08 [main] WARN  o.s.c.s.PostProcessorRegistrationDelegate$BeanPostProcessorChecker - Bean 'blockingLoadBalancerClient' of type [org.springframework.cloud.loadbalancer.blocking.client.BlockingLoadBalancerClient] is not eligible for getting processed by all BeanPostProcessors (for example: not eligible for auto-proxying). Is this bean getting eagerly injected into a currently created BeanPostProcessor [lbRestClientPostProcessor]? Check the corresponding BeanPostProcessor declaration and its dependencies.
2026-06-22 10:29:08 [main] WARN  o.s.c.s.PostProcessorRegistrationDelegate$BeanPostProcessorChecker - Bean 'loadBalancerServiceInstanceCookieTransformer' of type [org.springframework.cloud.loadbalancer.core.LoadBalancerServiceInstanceCookieTransformer] is not eligible for getting processed by all BeanPostProcessors (for example: not eligible for auto-proxying). Is this bean getting eagerly injected into a currently created BeanPostProcessor [lbRestClientPostProcessor]? Check the corresponding BeanPostProcessor declaration and its dependencies.
2026-06-22 10:29:08 [main] WARN  o.s.c.s.PostProcessorRegistrationDelegate$BeanPostProcessorChecker - Bean 'xForwarderHeadersTransformer' of type [org.springframework.cloud.loadbalancer.blocking.XForwardedHeadersTransformer] is not eligible for getting processed by all BeanPostProcessors (for example: not eligible for auto-proxying). Is this bean getting eagerly injected into a currently created BeanPostProcessor [lbRestClientPostProcessor]? Check the corresponding BeanPostProcessor declaration and its dependencies.
2026-06-22 10:29:08 [main] WARN  o.s.c.s.PostProcessorRegistrationDelegate$BeanPostProcessorChecker - Bean 'org.springframework.cloud.client.loadbalancer.LoadBalancerAutoConfiguration' of type [org.springframework.cloud.client.loadbalancer.LoadBalancerAutoConfiguration] is not eligible for getting processed by all BeanPostProcessors (for example: not eligible for auto-proxying). Is this bean getting eagerly injected into a currently created BeanPostProcessor [lbRestClientPostProcessor]? Check the corresponding BeanPostProcessor declaration and its dependencies.
2026-06-22 10:29:08 [main] WARN  o.s.c.s.PostProcessorRegistrationDelegate$BeanPostProcessorChecker - Bean 'loadBalancerRequestFactory' of type [org.springframework.cloud.client.loadbalancer.LoadBalancerRequestFactory] is not eligible for getting processed by all BeanPostProcessors (for example: not eligible for auto-proxying). Is this bean getting eagerly injected into a currently created BeanPostProcessor [lbRestClientPostProcessor]? Check the corresponding BeanPostProcessor declaration and its dependencies.
2026-06-22 10:29:08 [main] WARN  o.s.c.s.PostProcessorRegistrationDelegate$BeanPostProcessorChecker - Bean 'loadBalancerInterceptor' of type [org.springframework.cloud.client.loadbalancer.LoadBalancerInterceptor] is not eligible for getting processed by all BeanPostProcessors (for example: not eligible for auto-proxying). Is this bean getting eagerly injected into a currently created BeanPostProcessor [lbRestClientPostProcessor]? Check the corresponding BeanPostProcessor declaration and its dependencies.
2026-06-22 10:29:20 [main] WARN  o.s.c.l.c.LoadBalancerCacheAutoConfiguration$LoadBalancerCaffeineWarnLogger - Spring Cloud LoadBalancer is currently working with the default cache. While this cache implementation is useful for development and tests, it's recommended to use Caffeine cache in production.You can switch to using Caffeine cache, by adding it and org.springframework.cache.caffeine.CaffeineCacheManager to the classpath.
2026-06-22 10:29:21 [main] INFO  o.s.c.n.eureka.InstanceInfoFactory - Setting initial instance status as: STARTING
2026-06-22 10:29:21 [main] INFO  c.netflix.discovery.DiscoveryClient - Initializing Eureka in region us-east-1
2026-06-22 10:29:21 [main] INFO  c.netflix.discovery.DiscoveryClient - Client configured to neither register nor query for data.
2026-06-22 10:29:21 [main] INFO  c.netflix.discovery.DiscoveryClient - Discovery Client initialized at timestamp 1782104361201 with initial instances count: 0
2026-06-22 10:29:21 [main] INFO  c.n.e.DefaultEurekaServerContext - Initializing ...
2026-06-22 10:29:21 [main] WARN  c.n.eureka.cluster.PeerEurekaNodes - The replica size seems to be empty. Check the route 53 DNS Registry
2026-06-22 10:29:21 [main] INFO  c.n.e.r.AbstractInstanceRegistry - Finished initializing remote region registries. All known remote regions: []
2026-06-22 10:29:21 [main] INFO  c.n.e.DefaultEurekaServerContext - Initialized
2026-06-22 10:29:22 [Thread-11] INFO  o.s.c.n.e.s.EurekaServerBootstrap - isAws returned false
2026-06-22 10:29:22 [Thread-11] INFO  o.s.c.n.e.s.EurekaServerBootstrap - Initialized server context
2026-06-22 10:29:22 [Thread-11] INFO  c.n.e.r.PeerAwareInstanceRegistryImpl - Got 1 instances from neighboring DS node
2026-06-22 10:29:22 [Thread-11] INFO  c.n.e.r.PeerAwareInstanceRegistryImpl - Renew threshold is: 1
2026-06-22 10:29:22 [Thread-11] INFO  c.n.e.r.PeerAwareInstanceRegistryImpl - Changing status to UP
2026-06-22 10:29:22 [Thread-11] INFO  o.s.c.n.e.s.EurekaServerInitializerConfiguration - Started Eureka Server
2026-06-22 10:29:23 [main] INFO  o.s.b.w.e.tomcat.TomcatWebServer - Tomcat initialized with port 0 (http)
2026-06-22 10:29:23 [main] INFO  o.a.catalina.core.StandardService - Starting service [Tomcat]
2026-06-22 10:29:23 [main] INFO  o.a.catalina.core.StandardEngine - Starting Servlet engine: [Apache Tomcat/10.1.16]
2026-06-22 10:29:23 [main] INFO  o.a.c.c.C.[Tomcat].[localhost].[/] - Initializing Spring embedded WebApplicationContext
2026-06-22 10:29:23 [main] INFO  o.s.b.w.s.c.ServletWebServerApplicationContext - Root WebApplicationContext: initialization completed in 1762 ms
2026-06-22 10:29:24 [main] INFO  o.s.b.a.e.web.EndpointLinksResolver - Exposing 3 endpoint(s) beneath base path '/actuator'
2026-06-22 10:29:24 [main] INFO  o.s.b.w.e.tomcat.TomcatWebServer - Tomcat started on port 53217 (http) with context path ''
2026-06-22 10:29:32 [Eureka-EvictionTimer] INFO  c.n.e.r.AbstractInstanceRegistry - Running the evict task with compensationTime 0ms
2026-06-22 10:29:32 [main] INFO  c.f.e.EurekaServerApplicationTest - Started EurekaServerApplicationTest in 37.168 seconds (process running for 42.5)
2026-06-22 10:29:42 [Eureka-EvictionTimer] INFO  c.n.e.r.AbstractInstanceRegistry - Running the evict task with compensationTime 19ms
2026-06-22 10:29:43 [main] INFO  o.s.t.c.s.AnnotationConfigContextLoaderUtils - Could not detect default configuration classes for test class [com.fooddelivery.eureka.EurekaServerMainTest]: EurekaServerMainTest does not declare any static, non-private, non-final, nested classes annotated with @Configuration.
2026-06-22 10:29:43 [main] INFO  o.s.b.t.c.SpringBootTestContextBootstrapper - Found @SpringBootConfiguration com.fooddelivery.eureka.EurekaServerApplication for test class com.fooddelivery.eureka.EurekaServerMainTest
2026-06-22 10:29:45 [SpringApplicationShutdownHook] INFO  o.s.c.n.e.s.EurekaServiceRegistry - Unregistering application EUREKA-SERVER with eureka with status DOWN
2026-06-22 10:29:45 [SpringApplicationShutdownHook] INFO  o.s.c.n.e.s.EurekaServerBootstrap - Shutting down Eureka Server..
2026-06-22 10:29:45 [SpringApplicationShutdownHook] INFO  c.n.e.DefaultEurekaServerContext - Shutting down ...
2026-06-22 10:29:45 [SpringApplicationShutdownHook] INFO  c.n.e.DefaultEurekaServerContext - Shut down
2026-06-22 10:29:45 [SpringApplicationShutdownHook] INFO  o.s.c.n.e.s.EurekaServerBootstrap - Eureka Service is now shutdown...
2026-06-22 10:29:45 [SpringApplicationShutdownHook] INFO  c.n.e.DefaultEurekaServerContext - Shutting down ...
2026-06-22 10:29:45 [SpringApplicationShutdownHook] INFO  c.n.e.DefaultEurekaServerContext - Shut down
2026-06-22 10:29:45 [SpringApplicationShutdownHook] INFO  c.netflix.discovery.DiscoveryClient - Shutting down DiscoveryClient ...
2026-06-22 10:29:45 [SpringApplicationShutdownHook] INFO  c.netflix.discovery.DiscoveryClient - Completed shut down of DiscoveryClient
2026-06-22 10:31:23 [main] INFO  c.f.eureka.EurekaServerApplication - Starting EurekaServerApplication using Java 17.0.12 with PID 24248 (C:\Users\avilakad\OneDrive - Publicis Groupe\Documents\Food-Delivery-main\eureka-server\target\classes started by avilakad in C:\Users\avilakad\OneDrive - Publicis Groupe\Documents\Food-Delivery-main\eureka-server)
2026-06-22 10:31:23 [main] DEBUG c.f.eureka.EurekaServerApplication - Running with Spring Boot v3.2.0, Spring v6.1.1
2026-06-22 10:31:23 [main] INFO  c.f.eureka.EurekaServerApplication - No active profile set, falling back to 1 default profile: "default"
2026-06-22 10:31:23 [main] INFO  o.s.c.c.c.ConfigServerConfigDataLoader - Fetching config from server at : http://localhost:8888
2026-06-22 10:31:23 [main] INFO  o.s.c.c.c.ConfigServerConfigDataLoader - Located environment: name=eureka-server, profiles=[default], label=null, version=b0b2bbdb6b6c86c992b2abfd6ea7ee8a314f0ebf, state=null
2026-06-22 10:31:28 [main] INFO  o.s.cloud.context.scope.GenericScope - BeanFactory id=ee7a14c8-7d1e-3f45-957f-3045030fd761
2026-06-22 10:31:28 [main] WARN  o.s.c.s.PostProcessorRegistrationDelegate$BeanPostProcessorChecker - Bean 'org.springframework.cloud.client.loadbalancer.LoadBalancerAutoConfiguration$LoadBalancerInterceptorConfig' of type [org.springframework.cloud.client.loadbalancer.LoadBalancerAutoConfiguration$LoadBalancerInterceptorConfig] is not eligible for getting processed by all BeanPostProcessors (for example: not eligible for auto-proxying). The currently created BeanPostProcessor [lbRestClientPostProcessor] is declared through a non-static factory method on that class; consider declaring it as static instead.
2026-06-22 10:31:28 [main] WARN  o.s.c.s.PostProcessorRegistrationDelegate$BeanPostProcessorChecker - Bean 'org.springframework.cloud.loadbalancer.config.BlockingLoadBalancerClientAutoConfiguration' of type [org.springframework.cloud.loadbalancer.config.BlockingLoadBalancerClientAutoConfiguration] is not eligible for getting processed by all BeanPostProcessors (for example: not eligible for auto-proxying). Is this bean getting eagerly injected into a currently created BeanPostProcessor [lbRestClientPostProcessor]? Check the corresponding BeanPostProcessor declaration and its dependencies.
2026-06-22 10:31:28 [main] WARN  o.s.c.s.PostProcessorRegistrationDelegate$BeanPostProcessorChecker - Bean 'org.springframework.cloud.loadbalancer.config.LoadBalancerAutoConfiguration' of type [org.springframework.cloud.loadbalancer.config.LoadBalancerAutoConfiguration] is not eligible for getting processed by all BeanPostProcessors (for example: not eligible for auto-proxying). Is this bean getting eagerly injected into a currently created BeanPostProcessor [lbRestClientPostProcessor]? Check the corresponding BeanPostProcessor declaration and its dependencies.
2026-06-22 10:31:28 [main] WARN  o.s.c.s.PostProcessorRegistrationDelegate$BeanPostProcessorChecker - Bean 'org.springframework.cloud.commons.config.CommonsConfigAutoConfiguration' of type [org.springframework.cloud.commons.config.CommonsConfigAutoConfiguration] is not eligible for getting processed by all BeanPostProcessors (for example: not eligible for auto-proxying). Is this bean getting eagerly injected into a currently created BeanPostProcessor [lbRestClientPostProcessor]? Check the corresponding BeanPostProcessor declaration and its dependencies.
2026-06-22 10:31:28 [main] WARN  o.s.c.s.PostProcessorRegistrationDelegate$BeanPostProcessorChecker - Bean 'org.springframework.cloud.client.loadbalancer.LoadBalancerDefaultMappingsProviderAutoConfiguration' of type [org.springframework.cloud.client.loadbalancer.LoadBalancerDefaultMappingsProviderAutoConfiguration] is not eligible for getting processed by all BeanPostProcessors (for example: not eligible for auto-proxying). Is this bean getting eagerly injected into a currently created BeanPostProcessor [lbRestClientPostProcessor]? Check the corresponding BeanPostProcessor declaration and its dependencies.
2026-06-22 10:31:28 [main] WARN  o.s.c.s.PostProcessorRegistrationDelegate$BeanPostProcessorChecker - Bean 'loadBalancerClientsDefaultsMappingsProvider' of type [org.springframework.cloud.client.loadbalancer.LoadBalancerDefaultMappingsProviderAutoConfiguration$$Lambda$507/0x000001e5223ab530] is not eligible for getting processed by all BeanPostProcessors (for example: not eligible for auto-proxying). Is this bean getting eagerly injected into a currently created BeanPostProcessor [lbRestClientPostProcessor]? Check the corresponding BeanPostProcessor declaration and its dependencies.
2026-06-22 10:31:28 [main] WARN  o.s.c.s.PostProcessorRegistrationDelegate$BeanPostProcessorChecker - Bean 'defaultsBindHandlerAdvisor' of type [org.springframework.cloud.commons.config.DefaultsBindHandlerAdvisor] is not eligible for getting processed by all BeanPostProcessors (for example: not eligible for auto-proxying). Is this bean getting eagerly injected into a currently created BeanPostProcessor [lbRestClientPostProcessor]? Check the corresponding BeanPostProcessor declaration and its dependencies.
2026-06-22 10:31:28 [main] WARN  o.s.c.s.PostProcessorRegistrationDelegate$BeanPostProcessorChecker - Bean 'spring.cloud.loadbalancer-org.springframework.cloud.client.loadbalancer.LoadBalancerClientsProperties' of type [org.springframework.cloud.client.loadbalancer.LoadBalancerClientsProperties] is not eligible for getting processed by all BeanPostProcessors (for example: not eligible for auto-proxying). Is this bean getting eagerly injected into a currently created BeanPostProcessor [lbRestClientPostProcessor]? Check the corresponding BeanPostProcessor declaration and its dependencies.
2026-06-22 10:31:28 [main] WARN  o.s.c.s.PostProcessorRegistrationDelegate$BeanPostProcessorChecker - Bean 'default.org.springframework.cloud.loadbalancer.config.LoadBalancerAutoConfiguration.LoadBalancerClientSpecification' of type [org.springframework.cloud.loadbalancer.annotation.LoadBalancerClientSpecification] is not eligible for getting processed by all BeanPostProcessors (for example: not eligible for auto-proxying). Is this bean getting eagerly injected into a currently created BeanPostProcessor [lbRestClientPostProcessor]? Check the corresponding BeanPostProcessor declaration and its dependencies.
2026-06-22 10:31:28 [main] WARN  o.s.c.s.PostProcessorRegistrationDelegate$BeanPostProcessorChecker - Bean 'default.org.springframework.cloud.loadbalancer.config.BlockingLoadBalancerClientAutoConfiguration.LoadBalancerClientSpecification' of type [org.springframework.cloud.loadbalancer.annotation.LoadBalancerClientSpecification] is not eligible for getting processed by all BeanPostProcessors (for example: not eligible for auto-proxying). Is this bean getting eagerly injected into a currently created BeanPostProcessor [lbRestClientPostProcessor]? Check the corresponding BeanPostProcessor declaration and its dependencies.
2026-06-22 10:31:28 [main] WARN  o.s.c.s.PostProcessorRegistrationDelegate$BeanPostProcessorChecker - Bean 'default.org.springframework.cloud.netflix.eureka.loadbalancer.LoadBalancerEurekaAutoConfiguration.LoadBalancerClientSpecification' of type [org.springframework.cloud.loadbalancer.annotation.LoadBalancerClientSpecification] is not eligible for getting processed by all BeanPostProcessors (for example: not eligible for auto-proxying). Is this bean getting eagerly injected into a currently created BeanPostProcessor [lbRestClientPostProcessor]? Check the corresponding BeanPostProcessor declaration and its dependencies.
2026-06-22 10:31:28 [main] WARN  o.s.c.s.PostProcessorRegistrationDelegate$BeanPostProcessorChecker - Bean 'loadBalancerClientFactory' of type [org.springframework.cloud.loadbalancer.support.LoadBalancerClientFactory] is not eligible for getting processed by all BeanPostProcessors (for example: not eligible for auto-proxying). Is this bean getting eagerly injected into a currently created BeanPostProcessor [lbRestClientPostProcessor]? Check the corresponding BeanPostProcessor declaration and its dependencies.
2026-06-22 10:31:28 [main] WARN  o.s.c.s.PostProcessorRegistrationDelegate$BeanPostProcessorChecker - Bean 'blockingLoadBalancerClient' of type [org.springframework.cloud.loadbalancer.blocking.client.BlockingLoadBalancerClient] is not eligible for getting processed by all BeanPostProcessors (for example: not eligible for auto-proxying). Is this bean getting eagerly injected into a currently created BeanPostProcessor [lbRestClientPostProcessor]? Check the corresponding BeanPostProcessor declaration and its dependencies.
2026-06-22 10:31:28 [main] WARN  o.s.c.s.PostProcessorRegistrationDelegate$BeanPostProcessorChecker - Bean 'loadBalancerServiceInstanceCookieTransformer' of type [org.springframework.cloud.loadbalancer.core.LoadBalancerServiceInstanceCookieTransformer] is not eligible for getting processed by all BeanPostProcessors (for example: not eligible for auto-proxying). Is this bean getting eagerly injected into a currently created BeanPostProcessor [lbRestClientPostProcessor]? Check the corresponding BeanPostProcessor declaration and its dependencies.
2026-06-22 10:31:28 [main] WARN  o.s.c.s.PostProcessorRegistrationDelegate$BeanPostProcessorChecker - Bean 'xForwarderHeadersTransformer' of type [org.springframework.cloud.loadbalancer.blocking.XForwardedHeadersTransformer] is not eligible for getting processed by all BeanPostProcessors (for example: not eligible for auto-proxying). Is this bean getting eagerly injected into a currently created BeanPostProcessor [lbRestClientPostProcessor]? Check the corresponding BeanPostProcessor declaration and its dependencies.
2026-06-22 10:31:28 [main] WARN  o.s.c.s.PostProcessorRegistrationDelegate$BeanPostProcessorChecker - Bean 'org.springframework.cloud.client.loadbalancer.LoadBalancerAutoConfiguration' of type [org.springframework.cloud.client.loadbalancer.LoadBalancerAutoConfiguration] is not eligible for getting processed by all BeanPostProcessors (for example: not eligible for auto-proxying). Is this bean getting eagerly injected into a currently created BeanPostProcessor [lbRestClientPostProcessor]? Check the corresponding BeanPostProcessor declaration and its dependencies.
2026-06-22 10:31:28 [main] WARN  o.s.c.s.PostProcessorRegistrationDelegate$BeanPostProcessorChecker - Bean 'loadBalancerRequestFactory' of type [org.springframework.cloud.client.loadbalancer.LoadBalancerRequestFactory] is not eligible for getting processed by all BeanPostProcessors (for example: not eligible for auto-proxying). Is this bean getting eagerly injected into a currently created BeanPostProcessor [lbRestClientPostProcessor]? Check the corresponding BeanPostProcessor declaration and its dependencies.
2026-06-22 10:31:28 [main] WARN  o.s.c.s.PostProcessorRegistrationDelegate$BeanPostProcessorChecker - Bean 'loadBalancerInterceptor' of type [org.springframework.cloud.client.loadbalancer.LoadBalancerInterceptor] is not eligible for getting processed by all BeanPostProcessors (for example: not eligible for auto-proxying). Is this bean getting eagerly injected into a currently created BeanPostProcessor [lbRestClientPostProcessor]? Check the corresponding BeanPostProcessor declaration and its dependencies.
2026-06-22 10:31:30 [main] INFO  o.s.b.w.e.tomcat.TomcatWebServer - Tomcat initialized with port 8761 (http)
2026-06-22 10:31:30 [main] INFO  o.a.catalina.core.StandardService - Starting service [Tomcat]
2026-06-22 10:31:30 [main] INFO  o.a.catalina.core.StandardEngine - Starting Servlet engine: [Apache Tomcat/10.1.16]
2026-06-22 10:31:30 [main] INFO  o.a.c.c.C.[Tomcat].[localhost].[/] - Initializing Spring embedded WebApplicationContext
2026-06-22 10:31:30 [main] INFO  o.s.b.w.s.c.ServletWebServerApplicationContext - Root WebApplicationContext: initialization completed in 6813 ms
2026-06-22 10:31:33 [main] INFO  c.n.d.p.DiscoveryJerseyProvider - Using JSON encoding codec LegacyJacksonJson
2026-06-22 10:31:33 [main] INFO  c.n.d.p.DiscoveryJerseyProvider - Using JSON decoding codec LegacyJacksonJson
2026-06-22 10:31:33 [main] INFO  c.n.d.p.DiscoveryJerseyProvider - Using XML encoding codec XStreamXml
2026-06-22 10:31:33 [main] INFO  c.n.d.p.DiscoveryJerseyProvider - Using XML decoding codec XStreamXml
2026-06-22 10:31:59 [main] WARN  o.s.c.l.c.LoadBalancerCacheAutoConfiguration$LoadBalancerCaffeineWarnLogger - Spring Cloud LoadBalancer is currently working with the default cache. While this cache implementation is useful for development and tests, it's recommended to use Caffeine cache in production.You can switch to using Caffeine cache, by adding it and org.springframework.cache.caffeine.CaffeineCacheManager to the classpath.
2026-06-22 10:32:00 [main] INFO  o.s.c.n.eureka.InstanceInfoFactory - Setting initial instance status as: STARTING
2026-06-22 10:32:00 [main] INFO  c.netflix.discovery.DiscoveryClient - Initializing Eureka in region us-east-1
2026-06-22 10:32:00 [main] INFO  c.netflix.discovery.DiscoveryClient - Client configured to neither register nor query for data.
2026-06-22 10:32:00 [main] INFO  c.netflix.discovery.DiscoveryClient - Discovery Client initialized at timestamp 1782104520446 with initial instances count: 0
2026-06-22 10:32:00 [main] INFO  c.n.e.DefaultEurekaServerContext - Initializing ...
2026-06-22 10:32:00 [main] WARN  c.n.eureka.cluster.PeerEurekaNodes - The replica size seems to be empty. Check the route 53 DNS Registry
2026-06-22 10:32:00 [main] INFO  c.n.e.r.AbstractInstanceRegistry - Finished initializing remote region registries. All known remote regions: []
2026-06-22 10:32:00 [main] INFO  c.n.e.DefaultEurekaServerContext - Initialized
2026-06-22 10:32:00 [main] INFO  o.s.b.a.e.web.EndpointLinksResolver - Exposing 3 endpoint(s) beneath base path '/actuator'
2026-06-22 10:32:01 [main] INFO  o.s.c.n.e.s.EurekaServiceRegistry - Registering application EUREKA-SERVER with eureka with status UP
2026-06-22 10:32:01 [Thread-9] INFO  o.s.c.n.e.s.EurekaServerBootstrap - isAws returned false
2026-06-22 10:32:01 [main] INFO  o.s.b.w.e.tomcat.TomcatWebServer - Tomcat started on port 8761 (http) with context path ''
2026-06-22 10:32:01 [Thread-9] INFO  o.s.c.n.e.s.EurekaServerBootstrap - Initialized server context
2026-06-22 10:32:01 [main] INFO  o.s.c.n.e.s.EurekaAutoServiceRegistration - Updating port to 8761
2026-06-22 10:32:01 [Thread-9] INFO  c.n.e.r.PeerAwareInstanceRegistryImpl - Got 1 instances from neighboring DS node
2026-06-22 10:32:01 [Thread-9] INFO  c.n.e.r.PeerAwareInstanceRegistryImpl - Renew threshold is: 1
2026-06-22 10:32:01 [Thread-9] INFO  c.n.e.r.PeerAwareInstanceRegistryImpl - Changing status to UP
2026-06-22 10:32:01 [Thread-9] INFO  o.s.c.n.e.s.EurekaServerInitializerConfiguration - Started Eureka Server
2026-06-22 10:32:02 [http-nio-8761-exec-2] INFO  o.a.c.c.C.[Tomcat].[localhost].[/] - Initializing Spring DispatcherServlet 'dispatcherServlet'
2026-06-22 10:32:02 [http-nio-8761-exec-2] INFO  o.s.web.servlet.DispatcherServlet - Initializing Servlet 'dispatcherServlet'
2026-06-22 10:32:02 [http-nio-8761-exec-2] INFO  o.s.web.servlet.DispatcherServlet - Completed initialization in 2 ms
2026-06-22 10:32:03 [http-nio-8761-exec-2] WARN  c.n.e.r.AbstractInstanceRegistry - DS: Registry: lease doesn't exist, registering resource: CONFIG-SERVER - config-server:c6eb0a69fbb6f88e5f180ebbd835049d
2026-06-22 10:32:03 [http-nio-8761-exec-2] WARN  c.n.e.resources.InstanceResource - Not Found (Renew): CONFIG-SERVER - config-server:c6eb0a69fbb6f88e5f180ebbd835049d
2026-06-22 10:32:03 [http-nio-8761-exec-10] INFO  c.n.e.r.AbstractInstanceRegistry - Registered instance CONFIG-SERVER/config-server:c6eb0a69fbb6f88e5f180ebbd835049d with status UP (replication=false)
2026-06-22 10:32:04 [main] INFO  c.f.eureka.EurekaServerApplication - Started EurekaServerApplication in 48.814 seconds (process running for 52.976)
2026-06-22 10:32:05 [http-nio-8761-exec-9] WARN  o.s.web.servlet.PageNotFound - No mapping for GET /actuator/prometheus
2026-06-22 10:32:05 [http-nio-8761-exec-9] WARN  o.s.web.servlet.PageNotFound - No endpoint GET /actuator/prometheus.
2026-06-22 10:32:11 [Eureka-EvictionTimer] INFO  c.n.e.r.AbstractInstanceRegistry - Running the evict task with compensationTime 0ms
2026-06-22 10:32:20 [http-nio-8761-exec-3] WARN  o.s.web.servlet.PageNotFound - No mapping for GET /actuator/prometheus
2026-06-22 10:32:20 [http-nio-8761-exec-3] WARN  o.s.web.servlet.PageNotFound - No endpoint GET /actuator/prometheus.
2026-06-22 10:32:21 [Eureka-EvictionTimer] INFO  c.n.e.r.AbstractInstanceRegistry - Running the evict task with compensationTime 43ms
2026-06-22 10:32:31 [Eureka-EvictionTimer] INFO  c.n.e.r.AbstractInstanceRegistry - Running the evict task with compensationTime 14ms
2026-06-22 10:32:35 [http-nio-8761-exec-8] WARN  o.s.web.servlet.PageNotFound - No mapping for GET /actuator/prometheus
2026-06-22 10:32:35 [http-nio-8761-exec-8] WARN  o.s.web.servlet.PageNotFound - No endpoint GET /actuator/prometheus.
2026-06-22 10:32:41 [Eureka-EvictionTimer] INFO  c.n.e.r.AbstractInstanceRegistry - Running the evict task with compensationTime 2ms
2026-06-22 10:32:42 [http-nio-8761-exec-2] WARN  o.s.web.servlet.PageNotFound - No mapping for GET /eureka/css/wro.css
2026-06-22 10:32:42 [http-nio-8761-exec-2] WARN  o.s.web.servlet.PageNotFound - No endpoint GET /eureka/css/wro.css.
2026-06-22 10:32:42 [http-nio-8761-exec-10] WARN  o.s.web.servlet.PageNotFound - No mapping for GET /eureka/js/wro.js
2026-06-22 10:32:42 [http-nio-8761-exec-10] WARN  o.s.web.servlet.PageNotFound - No endpoint GET /eureka/js/wro.js.
2026-06-22 10:32:43 [http-nio-8761-exec-9] WARN  o.s.web.servlet.PageNotFound - No mapping for GET /favicon.ico
2026-06-22 10:32:43 [http-nio-8761-exec-9] WARN  o.s.web.servlet.PageNotFound - No endpoint GET /favicon.ico.
2026-06-22 10:32:50 [http-nio-8761-exec-3] WARN  o.s.web.servlet.PageNotFound - No mapping for GET /actuator/prometheus
2026-06-22 10:32:50 [http-nio-8761-exec-3] WARN  o.s.web.servlet.PageNotFound - No endpoint GET /actuator/prometheus.
2026-06-22 10:32:51 [http-nio-8761-exec-5] INFO  c.n.e.r.AbstractInstanceRegistry - Registered instance API-GATEWAY/api-gateway:4ad938d13498b583652cc00d76474395 with status UP (replication=false)
2026-06-22 10:32:51 [Eureka-EvictionTimer] INFO  c.n.e.r.AbstractInstanceRegistry - Running the evict task with compensationTime 5ms
2026-06-22 10:33:01 [Eureka-EvictionTimer] INFO  c.n.e.r.AbstractInstanceRegistry - Running the evict task with compensationTime 6ms
2026-06-22 10:33:05 [http-nio-8761-exec-9] WARN  o.s.web.servlet.PageNotFound - No mapping for GET /actuator/prometheus
2026-06-22 10:33:05 [http-nio-8761-exec-9] WARN  o.s.web.servlet.PageNotFound - No endpoint GET /actuator/prometheus.
2026-06-22 10:33:11 [Eureka-EvictionTimer] INFO  c.n.e.r.AbstractInstanceRegistry - Running the evict task with compensationTime 12ms
2026-06-22 10:33:20 [http-nio-8761-exec-5] WARN  o.s.web.servlet.PageNotFound - No mapping for GET /actuator/prometheus
2026-06-22 10:33:20 [http-nio-8761-exec-5] WARN  o.s.web.servlet.PageNotFound - No endpoint GET /actuator/prometheus.
2026-06-22 10:33:21 [Eureka-EvictionTimer] INFO  c.n.e.r.AbstractInstanceRegistry - Running the evict task with compensationTime 20ms
2026-06-22 10:33:31 [http-nio-8761-exec-4] WARN  o.s.web.servlet.PageNotFound - No mapping for GET /eureka/css/wro.css
2026-06-22 10:33:31 [http-nio-8761-exec-4] WARN  o.s.web.servlet.PageNotFound - No endpoint GET /eureka/css/wro.css.
2026-06-22 10:33:31 [http-nio-8761-exec-5] WARN  o.s.web.servlet.PageNotFound - No mapping for GET /eureka/js/wro.js
2026-06-22 10:33:31 [http-nio-8761-exec-5] WARN  o.s.web.servlet.PageNotFound - No endpoint GET /eureka/js/wro.js.
2026-06-22 10:33:31 [Eureka-EvictionTimer] INFO  c.n.e.r.AbstractInstanceRegistry - Running the evict task with compensationTime 11ms
2026-06-22 10:33:32 [http-nio-8761-exec-8] WARN  o.s.web.servlet.PageNotFound - No mapping for GET /eureka/css/wro.css
2026-06-22 10:33:32 [http-nio-8761-exec-8] WARN  o.s.web.servlet.PageNotFound - No endpoint GET /eureka/css/wro.css.
2026-06-22 10:33:32 [http-nio-8761-exec-7] WARN  o.s.web.servlet.PageNotFound - No mapping for GET /eureka/js/wro.js
2026-06-22 10:33:32 [http-nio-8761-exec-7] WARN  o.s.web.servlet.PageNotFound - No endpoint GET /eureka/js/wro.js.
2026-06-22 10:33:32 [http-nio-8761-exec-10] WARN  o.s.web.servlet.PageNotFound - No mapping for GET /eureka/css/wro.css
2026-06-22 10:33:32 [http-nio-8761-exec-10] WARN  o.s.web.servlet.PageNotFound - No endpoint GET /eureka/css/wro.css.
2026-06-22 10:33:32 [http-nio-8761-exec-9] WARN  o.s.web.servlet.PageNotFound - No mapping for GET /eureka/js/wro.js
2026-06-22 10:33:32 [http-nio-8761-exec-9] WARN  o.s.web.servlet.PageNotFound - No endpoint GET /eureka/js/wro.js.
2026-06-22 10:33:32 [http-nio-8761-exec-3] WARN  o.s.web.servlet.PageNotFound - No mapping for GET /eureka/css/wro.css
2026-06-22 10:33:32 [http-nio-8761-exec-3] WARN  o.s.web.servlet.PageNotFound - No endpoint GET /eureka/css/wro.css.
2026-06-22 10:33:32 [http-nio-8761-exec-4] WARN  o.s.web.servlet.PageNotFound - No mapping for GET /eureka/js/wro.js
2026-06-22 10:33:32 [http-nio-8761-exec-4] WARN  o.s.web.servlet.PageNotFound - No endpoint GET /eureka/js/wro.js.
2026-06-22 10:33:35 [http-nio-8761-exec-8] WARN  o.s.web.servlet.PageNotFound - No mapping for GET /actuator/prometheus
2026-06-22 10:33:35 [http-nio-8761-exec-8] WARN  o.s.web.servlet.PageNotFound - No endpoint GET /actuator/prometheus.
2026-06-22 10:33:41 [Eureka-EvictionTimer] INFO  c.n.e.r.AbstractInstanceRegistry - Running the evict task with compensationTime 18ms
2026-06-22 10:33:50 [http-nio-8761-exec-3] WARN  o.s.web.servlet.PageNotFound - No mapping for GET /actuator/prometheus
2026-06-22 10:33:50 [http-nio-8761-exec-3] WARN  o.s.web.servlet.PageNotFound - No endpoint GET /actuator/prometheus.
2026-06-22 10:33:51 [Eureka-EvictionTimer] INFO  c.n.e.r.AbstractInstanceRegistry - Running the evict task with compensationTime 23ms
2026-06-22 10:34:01 [Eureka-EvictionTimer] INFO  c.n.e.r.AbstractInstanceRegistry - Running the evict task with compensationTime 9ms
2026-06-22 10:34:02 [http-nio-8761-exec-10] INFO  c.n.e.r.AbstractInstanceRegistry - Registered instance NOTIFICATION-SERVICE/notification-service:ab4fc2483693c70b2822f3aebbeb789f with status UP (replication=false)
2026-06-22 10:34:05 [http-nio-8761-exec-1] WARN  o.s.web.servlet.PageNotFound - No mapping for GET /actuator/prometheus
2026-06-22 10:34:05 [http-nio-8761-exec-1] WARN  o.s.web.servlet.PageNotFound - No endpoint GET /actuator/prometheus.
2026-06-22 10:34:11 [http-nio-8761-exec-6] INFO  c.n.e.r.AbstractInstanceRegistry - Registered instance PAYMENT-SERVICE/payment-service:866ea3f63a16a0df1dc2bb507f984068 with status UP (replication=false)
2026-06-22 10:34:11 [Eureka-EvictionTimer] INFO  c.n.e.r.AbstractInstanceRegistry - Running the evict task with compensationTime 1ms
2026-06-22 10:34:14 [http-nio-8761-exec-9] INFO  c.n.e.r.AbstractInstanceRegistry - Registered instance ORDER-SERVICE/order-service:774d27ef06816bce6acf0a3559827077 with status UP (replication=false)
2026-06-22 10:34:15 [http-nio-8761-exec-3] WARN  o.s.web.servlet.PageNotFound - No mapping for GET /eureka/css/wro.css
2026-06-22 10:34:15 [http-nio-8761-exec-3] WARN  o.s.web.servlet.PageNotFound - No endpoint GET /eureka/css/wro.css.
2026-06-22 10:34:15 [http-nio-8761-exec-4] WARN  o.s.web.servlet.PageNotFound - No mapping for GET /eureka/js/wro.js
2026-06-22 10:34:15 [http-nio-8761-exec-4] WARN  o.s.web.servlet.PageNotFound - No endpoint GET /eureka/js/wro.js.
2026-06-22 10:34:15 [http-nio-8761-exec-8] WARN  o.s.web.servlet.PageNotFound - No mapping for GET /eureka/js/wro.js
2026-06-22 10:34:15 [http-nio-8761-exec-6] WARN  o.s.web.servlet.PageNotFound - No mapping for GET /eureka/css/wro.css
2026-06-22 10:34:15 [http-nio-8761-exec-6] WARN  o.s.web.servlet.PageNotFound - No endpoint GET /eureka/css/wro.css.
2026-06-22 10:34:15 [http-nio-8761-exec-8] WARN  o.s.web.servlet.PageNotFound - No endpoint GET /eureka/js/wro.js.
2026-06-22 10:34:17 [http-nio-8761-exec-10] INFO  c.n.e.r.AbstractInstanceRegistry - Registered instance RESTAURANT-SERVICE/restaurant-service:ea4bf8e4e6d30a5341bf4b5cc2b17efa with status UP (replication=false)
2026-06-22 10:34:20 [http-nio-8761-exec-9] WARN  o.s.web.servlet.PageNotFound - No mapping for GET /actuator/prometheus
2026-06-22 10:34:20 [http-nio-8761-exec-9] WARN  o.s.web.servlet.PageNotFound - No endpoint GET /actuator/prometheus.
2026-06-22 10:34:21 [Eureka-EvictionTimer] INFO  c.n.e.r.AbstractInstanceRegistry - Running the evict task with compensationTime 3ms
2026-06-22 10:34:24 [http-nio-8761-exec-10] WARN  o.s.web.servlet.PageNotFound - No mapping for GET /eureka/css/wro.css
2026-06-22 10:34:24 [http-nio-8761-exec-10] WARN  o.s.web.servlet.PageNotFound - No endpoint GET /eureka/css/wro.css.
2026-06-22 10:34:24 [http-nio-8761-exec-9] WARN  o.s.web.servlet.PageNotFound - No mapping for GET /eureka/js/wro.js
2026-06-22 10:34:24 [http-nio-8761-exec-9] WARN  o.s.web.servlet.PageNotFound - No endpoint GET /eureka/js/wro.js.
2026-06-22 10:34:25 [http-nio-8761-exec-5] WARN  o.s.web.servlet.PageNotFound - No mapping for GET /eureka/css/wro.css
2026-06-22 10:34:25 [http-nio-8761-exec-5] WARN  o.s.web.servlet.PageNotFound - No endpoint GET /eureka/css/wro.css.
2026-06-22 10:34:25 [http-nio-8761-exec-8] WARN  o.s.web.servlet.PageNotFound - No mapping for GET /eureka/js/wro.js
2026-06-22 10:34:25 [http-nio-8761-exec-8] WARN  o.s.web.servlet.PageNotFound - No endpoint GET /eureka/js/wro.js.
2026-06-22 10:34:31 [Eureka-EvictionTimer] INFO  c.n.e.r.AbstractInstanceRegistry - Running the evict task with compensationTime 4ms
2026-06-22 10:34:35 [http-nio-8761-exec-10] WARN  o.s.web.servlet.PageNotFound - No mapping for GET /eureka/js/wro.js
2026-06-22 10:34:35 [http-nio-8761-exec-7] WARN  o.s.web.servlet.PageNotFound - No mapping for GET /eureka/css/wro.css
2026-06-22 10:34:35 [http-nio-8761-exec-10] WARN  o.s.web.servlet.PageNotFound - No endpoint GET /eureka/js/wro.js.
2026-06-22 10:34:35 [http-nio-8761-exec-7] WARN  o.s.web.servlet.PageNotFound - No endpoint GET /eureka/css/wro.css.
2026-06-22 10:34:35 [http-nio-8761-exec-9] WARN  o.s.web.servlet.PageNotFound - No mapping for GET /actuator/prometheus
2026-06-22 10:34:35 [http-nio-8761-exec-9] WARN  o.s.web.servlet.PageNotFound - No endpoint GET /actuator/prometheus.
2026-06-22 10:34:35 [http-nio-8761-exec-3] WARN  o.s.web.servlet.PageNotFound - No mapping for GET /eureka/css/wro.css
2026-06-22 10:34:35 [http-nio-8761-exec-3] WARN  o.s.web.servlet.PageNotFound - No endpoint GET /eureka/css/wro.css.
2026-06-22 10:34:35 [http-nio-8761-exec-4] WARN  o.s.web.servlet.PageNotFound - No mapping for GET /eureka/js/wro.js
2026-06-22 10:34:35 [http-nio-8761-exec-4] WARN  o.s.web.servlet.PageNotFound - No endpoint GET /eureka/js/wro.js.
2026-06-22 10:34:36 [http-nio-8761-exec-8] WARN  o.s.web.servlet.PageNotFound - No mapping for GET /eureka/css/wro.css
2026-06-22 10:34:36 [http-nio-8761-exec-8] WARN  o.s.web.servlet.PageNotFound - No endpoint GET /eureka/css/wro.css.
2026-06-22 10:34:36 [http-nio-8761-exec-2] WARN  o.s.web.servlet.PageNotFound - No mapping for GET /eureka/js/wro.js
2026-06-22 10:34:36 [http-nio-8761-exec-2] WARN  o.s.web.servlet.PageNotFound - No endpoint GET /eureka/js/wro.js.
2026-06-22 10:34:36 [http-nio-8761-exec-10] WARN  o.s.web.servlet.PageNotFound - No mapping for GET /eureka/css/wro.css
2026-06-22 10:34:36 [http-nio-8761-exec-10] WARN  o.s.web.servlet.PageNotFound - No endpoint GET /eureka/css/wro.css.
2026-06-22 10:34:36 [http-nio-8761-exec-9] WARN  o.s.web.servlet.PageNotFound - No mapping for GET /eureka/js/wro.js
2026-06-22 10:34:36 [http-nio-8761-exec-9] WARN  o.s.web.servlet.PageNotFound - No endpoint GET /eureka/js/wro.js.
2026-06-22 10:34:36 [http-nio-8761-exec-3] WARN  o.s.web.servlet.PageNotFound - No mapping for GET /eureka/css/wro.css
2026-06-22 10:34:36 [http-nio-8761-exec-3] WARN  o.s.web.servlet.PageNotFound - No endpoint GET /eureka/css/wro.css.
2026-06-22 10:34:36 [http-nio-8761-exec-4] WARN  o.s.web.servlet.PageNotFound - No mapping for GET /eureka/js/wro.js
2026-06-22 10:34:36 [http-nio-8761-exec-4] WARN  o.s.web.servlet.PageNotFound - No endpoint GET /eureka/js/wro.js.
2026-06-22 10:34:36 [http-nio-8761-exec-6] WARN  o.s.web.servlet.PageNotFound - No mapping for GET /eureka/css/wro.css
2026-06-22 10:34:36 [http-nio-8761-exec-6] WARN  o.s.web.servlet.PageNotFound - No endpoint GET /eureka/css/wro.css.
2026-06-22 10:34:36 [http-nio-8761-exec-8] WARN  o.s.web.servlet.PageNotFound - No mapping for GET /eureka/js/wro.js
2026-06-22 10:34:36 [http-nio-8761-exec-8] WARN  o.s.web.servlet.PageNotFound - No endpoint GET /eureka/js/wro.js.
2026-06-22 10:34:41 [Eureka-EvictionTimer] INFO  c.n.e.r.AbstractInstanceRegistry - Running the evict task with compensationTime 20ms
2026-06-22 10:34:50 [http-nio-8761-exec-9] WARN  o.s.web.servlet.PageNotFound - No mapping for GET /actuator/prometheus
2026-06-22 10:34:50 [http-nio-8761-exec-9] WARN  o.s.web.servlet.PageNotFound - No endpoint GET /actuator/prometheus.
2026-06-22 10:34:51 [Eureka-EvictionTimer] INFO  c.n.e.r.AbstractInstanceRegistry - Running the evict task with compensationTime 10ms
2026-06-22 10:35:00 [http-nio-8761-exec-6] WARN  o.s.web.servlet.PageNotFound - No mapping for GET /eureka/css/wro.css
2026-06-22 10:35:00 [http-nio-8761-exec-6] WARN  o.s.web.servlet.PageNotFound - No endpoint GET /eureka/css/wro.css.
2026-06-22 10:35:00 [http-nio-8761-exec-5] WARN  o.s.web.servlet.PageNotFound - No mapping for GET /eureka/js/wro.js
2026-06-22 10:35:00 [http-nio-8761-exec-5] WARN  o.s.web.servlet.PageNotFound - No endpoint GET /eureka/js/wro.js.
2026-06-22 10:35:01 [http-nio-8761-exec-2] WARN  o.s.web.servlet.PageNotFound - No mapping for GET /eureka/css/wro.css
2026-06-22 10:35:01 [http-nio-8761-exec-2] WARN  o.s.web.servlet.PageNotFound - No endpoint GET /eureka/css/wro.css.
2026-06-22 10:35:01 [http-nio-8761-exec-10] WARN  o.s.web.servlet.PageNotFound - No mapping for GET /eureka/js/wro.js
2026-06-22 10:35:01 [http-nio-8761-exec-10] WARN  o.s.web.servlet.PageNotFound - No endpoint GET /eureka/js/wro.js.
2026-06-22 10:35:01 [Eureka-EvictionTimer] INFO  c.n.e.r.AbstractInstanceRegistry - Running the evict task with compensationTime 1ms
2026-06-22 10:35:02 [http-nio-8761-exec-4] WARN  o.s.web.servlet.PageNotFound - No mapping for GET /eureka/css/wro.css
2026-06-22 10:35:02 [http-nio-8761-exec-4] WARN  o.s.web.servlet.PageNotFound - No endpoint GET /eureka/css/wro.css.
2026-06-22 10:35:02 [http-nio-8761-exec-6] WARN  o.s.web.servlet.PageNotFound - No mapping for GET /eureka/js/wro.js
2026-06-22 10:35:02 [http-nio-8761-exec-6] WARN  o.s.web.servlet.PageNotFound - No endpoint GET /eureka/js/wro.js.
2026-06-22 10:35:02 [http-nio-8761-exec-8] WARN  o.s.web.servlet.PageNotFound - No mapping for GET /eureka/css/wro.css
2026-06-22 10:35:02 [http-nio-8761-exec-2] WARN  o.s.web.servlet.PageNotFound - No mapping for GET /eureka/js/wro.js
2026-06-22 10:35:02 [http-nio-8761-exec-8] WARN  o.s.web.servlet.PageNotFound - No endpoint GET /eureka/css/wro.css.
2026-06-22 10:35:02 [http-nio-8761-exec-2] WARN  o.s.web.servlet.PageNotFound - No endpoint GET /eureka/js/wro.js.
2026-06-22 10:35:02 [http-nio-8761-exec-1] WARN  o.s.web.servlet.PageNotFound - No mapping for GET /eureka/css/wro.css
2026-06-22 10:35:02 [http-nio-8761-exec-3] WARN  o.s.web.servlet.PageNotFound - No mapping for GET /eureka/js/wro.js
2026-06-22 10:35:02 [http-nio-8761-exec-1] WARN  o.s.web.servlet.PageNotFound - No endpoint GET /eureka/css/wro.css.
2026-06-22 10:35:02 [http-nio-8761-exec-3] WARN  o.s.web.servlet.PageNotFound - No endpoint GET /eureka/js/wro.js.
2026-06-22 10:35:02 [http-nio-8761-exec-5] WARN  o.s.web.servlet.PageNotFound - No mapping for GET /eureka/js/wro.js
2026-06-22 10:35:02 [http-nio-8761-exec-6] WARN  o.s.web.servlet.PageNotFound - No mapping for GET /eureka/css/wro.css
2026-06-22 10:35:02 [http-nio-8761-exec-5] WARN  o.s.web.servlet.PageNotFound - No endpoint GET /eureka/js/wro.js.
2026-06-22 10:35:02 [http-nio-8761-exec-6] WARN  o.s.web.servlet.PageNotFound - No endpoint GET /eureka/css/wro.css.
2026-06-22 10:35:02 [http-nio-8761-exec-8] WARN  o.s.web.servlet.PageNotFound - No mapping for GET /eureka/css/wro.css
2026-06-22 10:35:02 [http-nio-8761-exec-7] WARN  o.s.web.servlet.PageNotFound - No mapping for GET /eureka/js/wro.js
2026-06-22 10:35:02 [http-nio-8761-exec-8] WARN  o.s.web.servlet.PageNotFound - No endpoint GET /eureka/css/wro.css.
2026-06-22 10:35:02 [http-nio-8761-exec-7] WARN  o.s.web.servlet.PageNotFound - No endpoint GET /eureka/js/wro.js.
2026-06-22 10:35:03 [http-nio-8761-exec-9] WARN  o.s.web.servlet.PageNotFound - No mapping for GET /eureka/css/wro.css
2026-06-22 10:35:03 [http-nio-8761-exec-1] WARN  o.s.web.servlet.PageNotFound - No mapping for GET /eureka/js/wro.js
2026-06-22 10:35:03 [http-nio-8761-exec-9] WARN  o.s.web.servlet.PageNotFound - No endpoint GET /eureka/css/wro.css.
2026-06-22 10:35:03 [http-nio-8761-exec-1] WARN  o.s.web.servlet.PageNotFound - No endpoint GET /eureka/js/wro.js.
2026-06-22 10:35:03 [http-nio-8761-exec-4] WARN  o.s.web.servlet.PageNotFound - No mapping for GET /eureka/css/wro.css
2026-06-22 10:35:03 [http-nio-8761-exec-6] WARN  o.s.web.servlet.PageNotFound - No mapping for GET /eureka/js/wro.js
2026-06-22 10:35:03 [http-nio-8761-exec-4] WARN  o.s.web.servlet.PageNotFound - No endpoint GET /eureka/css/wro.css.
2026-06-22 10:35:03 [http-nio-8761-exec-6] WARN  o.s.web.servlet.PageNotFound - No endpoint GET /eureka/js/wro.js.
2026-06-22 10:35:05 [http-nio-8761-exec-7] WARN  o.s.web.servlet.PageNotFound - No mapping for GET /actuator/prometheus
2026-06-22 10:35:05 [http-nio-8761-exec-7] WARN  o.s.web.servlet.PageNotFound - No endpoint GET /actuator/prometheus.
2026-06-22 10:35:11 [Eureka-EvictionTimer] INFO  c.n.e.r.AbstractInstanceRegistry - Running the evict task with compensationTime 0ms
2026-06-22 10:35:20 [http-nio-8761-exec-6] WARN  o.s.web.servlet.PageNotFound - No mapping for GET /actuator/prometheus
2026-06-22 10:35:20 [http-nio-8761-exec-6] WARN  o.s.web.servlet.PageNotFound - No endpoint GET /actuator/prometheus.
2026-06-22 10:35:21 [Eureka-EvictionTimer] INFO  c.n.e.r.AbstractInstanceRegistry - Running the evict task with compensationTime 10ms
2026-06-22 10:35:31 [Eureka-EvictionTimer] INFO  c.n.e.r.AbstractInstanceRegistry - Running the evict task with compensationTime 0ms
2026-06-22 10:35:35 [http-nio-8761-exec-8] WARN  o.s.web.servlet.PageNotFound - No mapping for GET /actuator/prometheus
2026-06-22 10:35:35 [http-nio-8761-exec-8] WARN  o.s.web.servlet.PageNotFound - No endpoint GET /actuator/prometheus.
2026-06-22 10:35:41 [Eureka-EvictionTimer] INFO  c.n.e.r.AbstractInstanceRegistry - Running the evict task with compensationTime 0ms
2026-06-22 10:35:44 [http-nio-8761-exec-4] WARN  o.s.web.servlet.PageNotFound - No mapping for GET /eureka/css/wro.css
2026-06-22 10:35:44 [http-nio-8761-exec-2] WARN  o.s.web.servlet.PageNotFound - No mapping for GET /eureka/js/wro.js
2026-06-22 10:35:44 [http-nio-8761-exec-2] WARN  o.s.web.servlet.PageNotFound - No endpoint GET /eureka/js/wro.js.
2026-06-22 10:35:44 [http-nio-8761-exec-4] WARN  o.s.web.servlet.PageNotFound - No endpoint GET /eureka/css/wro.css.
2026-06-22 10:35:50 [http-nio-8761-exec-3] WARN  o.s.web.servlet.PageNotFound - No mapping for GET /actuator/prometheus
2026-06-22 10:35:50 [http-nio-8761-exec-3] WARN  o.s.web.servlet.PageNotFound - No endpoint GET /actuator/prometheus.
2026-06-22 10:35:51 [Eureka-EvictionTimer] INFO  c.n.e.r.AbstractInstanceRegistry - Running the evict task with compensationTime 4ms
2026-06-22 10:36:01 [Eureka-EvictionTimer] INFO  c.n.e.r.AbstractInstanceRegistry - Running the evict task with compensationTime 2ms
2026-06-22 10:36:05 [http-nio-8761-exec-8] WARN  o.s.web.servlet.PageNotFound - No mapping for GET /actuator/prometheus
2026-06-22 10:36:05 [http-nio-8761-exec-8] WARN  o.s.web.servlet.PageNotFound - No endpoint GET /actuator/prometheus.
2026-06-22 10:36:11 [Eureka-EvictionTimer] INFO  c.n.e.r.AbstractInstanceRegistry - Running the evict task with compensationTime 0ms
2026-06-22 10:36:16 [http-nio-8761-exec-2] INFO  c.n.e.r.AbstractInstanceRegistry - Registered instance RESTAURANT-SERVICE/restaurant-service:ea4bf8e4e6d30a5341bf4b5cc2b17efa with status DOWN (replication=false)
2026-06-22 10:36:19 [http-nio-8761-exec-10] INFO  c.n.e.r.AbstractInstanceRegistry - Cancelled instance RESTAURANT-SERVICE/restaurant-service:ea4bf8e4e6d30a5341bf4b5cc2b17efa (replication=false)
2026-06-22 10:36:20 [http-nio-8761-exec-3] WARN  o.s.web.servlet.PageNotFound - No mapping for GET /actuator/prometheus
2026-06-22 10:36:20 [http-nio-8761-exec-3] WARN  o.s.web.servlet.PageNotFound - No endpoint GET /actuator/prometheus.
2026-06-22 10:36:21 [Eureka-EvictionTimer] INFO  c.n.e.r.AbstractInstanceRegistry - Running the evict task with compensationTime 4ms
2026-06-22 10:36:31 [Eureka-EvictionTimer] INFO  c.n.e.r.AbstractInstanceRegistry - Running the evict task with compensationTime 0ms
2026-06-22 10:36:35 [http-nio-8761-exec-9] WARN  o.s.web.servlet.PageNotFound - No mapping for GET /actuator/prometheus
2026-06-22 10:36:35 [http-nio-8761-exec-9] WARN  o.s.web.servlet.PageNotFound - No endpoint GET /actuator/prometheus.
2026-06-22 10:36:41 [Eureka-EvictionTimer] INFO  c.n.e.r.AbstractInstanceRegistry - Running the evict task with compensationTime 2ms
2026-06-22 10:36:50 [http-nio-8761-exec-6] WARN  o.s.web.servlet.PageNotFound - No mapping for GET /actuator/prometheus
2026-06-22 10:36:50 [http-nio-8761-exec-6] WARN  o.s.web.servlet.PageNotFound - No endpoint GET /actuator/prometheus.
2026-06-22 10:36:51 [Eureka-EvictionTimer] INFO  c.n.e.r.AbstractInstanceRegistry - Running the evict task with compensationTime 8ms
2026-06-22 10:37:01 [Eureka-EvictionTimer] INFO  c.n.e.r.AbstractInstanceRegistry - Running the evict task with compensationTime 0ms
2026-06-22 10:37:05 [http-nio-8761-exec-8] WARN  o.s.web.servlet.PageNotFound - No mapping for GET /actuator/prometheus
2026-06-22 10:37:05 [http-nio-8761-exec-8] WARN  o.s.web.servlet.PageNotFound - No endpoint GET /actuator/prometheus.
2026-06-22 10:37:11 [Eureka-EvictionTimer] INFO  c.n.e.r.AbstractInstanceRegistry - Running the evict task with compensationTime 0ms
2026-06-22 10:37:13 [http-nio-8761-exec-10] WARN  o.s.web.servlet.PageNotFound - No mapping for GET /eureka/css/wro.css
2026-06-22 10:37:13 [http-nio-8761-exec-10] WARN  o.s.web.servlet.PageNotFound - No endpoint GET /eureka/css/wro.css.
2026-06-22 10:37:13 [http-nio-8761-exec-3] WARN  o.s.web.servlet.PageNotFound - No mapping for GET /eureka/js/wro.js
2026-06-22 10:37:13 [http-nio-8761-exec-3] WARN  o.s.web.servlet.PageNotFound - No endpoint GET /eureka/js/wro.js.
2026-06-22 10:37:13 [http-nio-8761-exec-5] WARN  o.s.web.servlet.PageNotFound - No mapping for GET /eureka/js/wro.js
2026-06-22 10:37:13 [http-nio-8761-exec-6] WARN  o.s.web.servlet.PageNotFound - No mapping for GET /eureka/css/wro.css
2026-06-22 10:37:13 [http-nio-8761-exec-6] WARN  o.s.web.servlet.PageNotFound - No endpoint GET /eureka/css/wro.css.
2026-06-22 10:37:13 [http-nio-8761-exec-5] WARN  o.s.web.servlet.PageNotFound - No endpoint GET /eureka/js/wro.js.
2026-06-22 10:37:13 [http-nio-8761-exec-4] WARN  o.s.web.servlet.PageNotFound - No mapping for GET /eureka/css/wro.css
2026-06-22 10:37:13 [http-nio-8761-exec-4] WARN  o.s.web.servlet.PageNotFound - No endpoint GET /eureka/css/wro.css.
2026-06-22 10:37:13 [http-nio-8761-exec-7] WARN  o.s.web.servlet.PageNotFound - No mapping for GET /eureka/js/wro.js
2026-06-22 10:37:13 [http-nio-8761-exec-7] WARN  o.s.web.servlet.PageNotFound - No endpoint GET /eureka/js/wro.js.
2026-06-22 10:37:13 [http-nio-8761-exec-1] WARN  o.s.web.servlet.PageNotFound - No mapping for GET /eureka/css/wro.css
2026-06-22 10:37:13 [http-nio-8761-exec-10] WARN  o.s.web.servlet.PageNotFound - No mapping for GET /eureka/js/wro.js
2026-06-22 10:37:13 [http-nio-8761-exec-1] WARN  o.s.web.servlet.PageNotFound - No endpoint GET /eureka/css/wro.css.
2026-06-22 10:37:13 [http-nio-8761-exec-10] WARN  o.s.web.servlet.PageNotFound - No endpoint GET /eureka/js/wro.js.
2026-06-22 10:37:14 [http-nio-8761-exec-8] WARN  o.s.web.servlet.PageNotFound - No mapping for GET /eureka/css/wro.css
2026-06-22 10:37:14 [http-nio-8761-exec-6] WARN  o.s.web.servlet.PageNotFound - No mapping for GET /eureka/js/wro.js
2026-06-22 10:37:14 [http-nio-8761-exec-8] WARN  o.s.web.servlet.PageNotFound - No endpoint GET /eureka/css/wro.css.
2026-06-22 10:37:14 [http-nio-8761-exec-6] WARN  o.s.web.servlet.PageNotFound - No endpoint GET /eureka/js/wro.js.
2026-06-22 10:37:19 [http-nio-8761-exec-10] INFO  c.n.e.r.AbstractInstanceRegistry - Registered instance RESTAURANT-SERVICE/restaurant-service:d3d30c5878a6891904b82d0f5340f2b3 with status UP (replication=false)
2026-06-22 10:37:20 [http-nio-8761-exec-1] WARN  o.s.web.servlet.PageNotFound - No mapping for GET /actuator/prometheus
2026-06-22 10:37:20 [http-nio-8761-exec-1] WARN  o.s.web.servlet.PageNotFound - No endpoint GET /actuator/prometheus.
2026-06-22 10:37:21 [http-nio-8761-exec-6] WARN  o.s.web.servlet.PageNotFound - No mapping for GET /eureka/js/wro.js
2026-06-22 10:37:21 [http-nio-8761-exec-8] WARN  o.s.web.servlet.PageNotFound - No mapping for GET /eureka/css/wro.css
2026-06-22 10:37:21 [http-nio-8761-exec-6] WARN  o.s.web.servlet.PageNotFound - No endpoint GET /eureka/js/wro.js.
2026-06-22 10:37:21 [http-nio-8761-exec-8] WARN  o.s.web.servlet.PageNotFound - No endpoint GET /eureka/css/wro.css.
2026-06-22 10:37:21 [http-nio-8761-exec-2] WARN  o.s.web.servlet.PageNotFound - No mapping for GET /eureka/css/wro.css
2026-06-22 10:37:21 [http-nio-8761-exec-2] WARN  o.s.web.servlet.PageNotFound - No endpoint GET /eureka/css/wro.css.
2026-06-22 10:37:21 [http-nio-8761-exec-7] WARN  o.s.web.servlet.PageNotFound - No mapping for GET /eureka/js/wro.js
2026-06-22 10:37:21 [http-nio-8761-exec-7] WARN  o.s.web.servlet.PageNotFound - No endpoint GET /eureka/js/wro.js.
2026-06-22 10:37:21 [Eureka-EvictionTimer] INFO  c.n.e.r.AbstractInstanceRegistry - Running the evict task with compensationTime 2ms
2026-06-22 10:37:21 [http-nio-8761-exec-6] WARN  o.s.web.servlet.PageNotFound - No mapping for GET /eureka/js/wro.js
2026-06-22 10:37:21 [http-nio-8761-exec-8] WARN  o.s.web.servlet.PageNotFound - No mapping for GET /eureka/css/wro.css
2026-06-22 10:37:21 [http-nio-8761-exec-8] WARN  o.s.web.servlet.PageNotFound - No endpoint GET /eureka/css/wro.css.
2026-06-22 10:37:21 [http-nio-8761-exec-6] WARN  o.s.web.servlet.PageNotFound - No endpoint GET /eureka/js/wro.js.
2026-06-22 10:37:22 [http-nio-8761-exec-2] WARN  o.s.web.servlet.PageNotFound - No mapping for GET /eureka/js/wro.js
2026-06-22 10:37:22 [http-nio-8761-exec-7] WARN  o.s.web.servlet.PageNotFound - No mapping for GET /eureka/css/wro.css
2026-06-22 10:37:22 [http-nio-8761-exec-7] WARN  o.s.web.servlet.PageNotFound - No endpoint GET /eureka/css/wro.css.
2026-06-22 10:37:22 [http-nio-8761-exec-2] WARN  o.s.web.servlet.PageNotFound - No endpoint GET /eureka/js/wro.js.
2026-06-22 10:37:22 [http-nio-8761-exec-9] WARN  o.s.web.servlet.PageNotFound - No mapping for GET /eureka/css/wro.css
2026-06-22 10:37:22 [http-nio-8761-exec-10] WARN  o.s.web.servlet.PageNotFound - No mapping for GET /eureka/js/wro.js
2026-06-22 10:37:22 [http-nio-8761-exec-10] WARN  o.s.web.servlet.PageNotFound - No endpoint GET /eureka/js/wro.js.
2026-06-22 10:37:22 [http-nio-8761-exec-9] WARN  o.s.web.servlet.PageNotFound - No endpoint GET /eureka/css/wro.css.
2026-06-22 10:37:22 [http-nio-8761-exec-3] WARN  o.s.web.servlet.PageNotFound - No mapping for GET /eureka/css/wro.css
2026-06-22 10:37:22 [http-nio-8761-exec-8] WARN  o.s.web.servlet.PageNotFound - No mapping for GET /eureka/js/wro.js
2026-06-22 10:37:22 [http-nio-8761-exec-3] WARN  o.s.web.servlet.PageNotFound - No endpoint GET /eureka/css/wro.css.
2026-06-22 10:37:22 [http-nio-8761-exec-8] WARN  o.s.web.servlet.PageNotFound - No endpoint GET /eureka/js/wro.js.
2026-06-22 10:37:22 [http-nio-8761-exec-7] WARN  o.s.web.servlet.PageNotFound - No mapping for GET /eureka/css/wro.css
2026-06-22 10:37:22 [http-nio-8761-exec-7] WARN  o.s.web.servlet.PageNotFound - No endpoint GET /eureka/css/wro.css.
2026-06-22 10:37:22 [http-nio-8761-exec-4] WARN  o.s.web.servlet.PageNotFound - No mapping for GET /eureka/js/wro.js
2026-06-22 10:37:22 [http-nio-8761-exec-4] WARN  o.s.web.servlet.PageNotFound - No endpoint GET /eureka/js/wro.js.
2026-06-22 10:37:27 [http-nio-8761-exec-10] INFO  c.n.e.r.AbstractInstanceRegistry - Registered instance USER-SERVICE/user-service:5dc627ef8716b60048e8c88122836c3c with status UP (replication=false)
2026-06-22 10:37:31 [Eureka-EvictionTimer] INFO  c.n.e.r.AbstractInstanceRegistry - Running the evict task with compensationTime 5ms
2026-06-22 10:37:35 [http-nio-8761-exec-1] WARN  o.s.web.servlet.PageNotFound - No mapping for GET /actuator/prometheus
2026-06-22 10:37:35 [http-nio-8761-exec-1] WARN  o.s.web.servlet.PageNotFound - No endpoint GET /actuator/prometheus.
2026-06-22 10:37:37 [http-nio-8761-exec-7] WARN  o.s.web.servlet.PageNotFound - No mapping for GET /eureka/js/wro.js
2026-06-22 10:37:37 [http-nio-8761-exec-2] WARN  o.s.web.servlet.PageNotFound - No mapping for GET /eureka/css/wro.css
2026-06-22 10:37:37 [http-nio-8761-exec-2] WARN  o.s.web.servlet.PageNotFound - No endpoint GET /eureka/css/wro.css.
2026-06-22 10:37:37 [http-nio-8761-exec-7] WARN  o.s.web.servlet.PageNotFound - No endpoint GET /eureka/js/wro.js.
2026-06-22 10:37:38 [http-nio-8761-exec-10] WARN  o.s.web.servlet.PageNotFound - No mapping for GET /eureka/css/wro.css
2026-06-22 10:37:38 [http-nio-8761-exec-10] WARN  o.s.web.servlet.PageNotFound - No endpoint GET /eureka/css/wro.css.
2026-06-22 10:37:38 [http-nio-8761-exec-9] WARN  o.s.web.servlet.PageNotFound - No mapping for GET /eureka/js/wro.js
2026-06-22 10:37:38 [http-nio-8761-exec-9] WARN  o.s.web.servlet.PageNotFound - No endpoint GET /eureka/js/wro.js.
2026-06-22 10:37:38 [http-nio-8761-exec-8] WARN  o.s.web.servlet.PageNotFound - No mapping for GET /eureka/js/wro.js
2026-06-22 10:37:38 [http-nio-8761-exec-3] WARN  o.s.web.servlet.PageNotFound - No mapping for GET /eureka/css/wro.css
2026-06-22 10:37:38 [http-nio-8761-exec-3] WARN  o.s.web.servlet.PageNotFound - No endpoint GET /eureka/css/wro.css.
2026-06-22 10:37:38 [http-nio-8761-exec-8] WARN  o.s.web.servlet.PageNotFound - No endpoint GET /eureka/js/wro.js.
2026-06-22 10:37:39 [http-nio-8761-exec-5] WARN  o.s.web.servlet.PageNotFound - No mapping for GET /eureka/css/wro.css
2026-06-22 10:37:39 [http-nio-8761-exec-7] WARN  o.s.web.servlet.PageNotFound - No mapping for GET /eureka/js/wro.js
2026-06-22 10:37:39 [http-nio-8761-exec-5] WARN  o.s.web.servlet.PageNotFound - No endpoint GET /eureka/css/wro.css.
2026-06-22 10:37:39 [http-nio-8761-exec-7] WARN  o.s.web.servlet.PageNotFound - No endpoint GET /eureka/js/wro.js.
2026-06-22 10:37:39 [http-nio-8761-exec-4] WARN  o.s.web.servlet.PageNotFound - No mapping for GET /eureka/css/wro.css
2026-06-22 10:37:39 [http-nio-8761-exec-10] WARN  o.s.web.servlet.PageNotFound - No mapping for GET /eureka/js/wro.js
2026-06-22 10:37:39 [http-nio-8761-exec-10] WARN  o.s.web.servlet.PageNotFound - No endpoint GET /eureka/js/wro.js.
2026-06-22 10:37:39 [http-nio-8761-exec-4] WARN  o.s.web.servlet.PageNotFound - No endpoint GET /eureka/css/wro.css.
2026-06-22 10:37:40 [http-nio-8761-exec-6] WARN  o.s.web.servlet.PageNotFound - No mapping for GET /eureka/js/wro.js
2026-06-22 10:37:40 [http-nio-8761-exec-3] WARN  o.s.web.servlet.PageNotFound - No mapping for GET /eureka/css/wro.css
2026-06-22 10:37:40 [http-nio-8761-exec-3] WARN  o.s.web.servlet.PageNotFound - No endpoint GET /eureka/css/wro.css.
2026-06-22 10:37:40 [http-nio-8761-exec-6] WARN  o.s.web.servlet.PageNotFound - No endpoint GET /eureka/js/wro.js.
2026-06-22 10:37:40 [http-nio-8761-exec-2] WARN  o.s.web.servlet.PageNotFound - No mapping for GET /eureka/js/wro.js
2026-06-22 10:37:40 [http-nio-8761-exec-7] WARN  o.s.web.servlet.PageNotFound - No mapping for GET /eureka/css/wro.css
2026-06-22 10:37:40 [http-nio-8761-exec-2] WARN  o.s.web.servlet.PageNotFound - No endpoint GET /eureka/js/wro.js.
2026-06-22 10:37:40 [http-nio-8761-exec-7] WARN  o.s.web.servlet.PageNotFound - No endpoint GET /eureka/css/wro.css.
2026-06-22 10:37:40 [http-nio-8761-exec-10] WARN  o.s.web.servlet.PageNotFound - No mapping for GET /eureka/css/wro.css
2026-06-22 10:37:40 [http-nio-8761-exec-1] WARN  o.s.web.servlet.PageNotFound - No mapping for GET /eureka/js/wro.js
2026-06-22 10:37:40 [http-nio-8761-exec-1] WARN  o.s.web.servlet.PageNotFound - No endpoint GET /eureka/js/wro.js.
2026-06-22 10:37:40 [http-nio-8761-exec-10] WARN  o.s.web.servlet.PageNotFound - No endpoint GET /eureka/css/wro.css.
2026-06-22 10:37:41 [http-nio-8761-exec-3] WARN  o.s.web.servlet.PageNotFound - No mapping for GET /eureka/js/wro.js
2026-06-22 10:37:41 [http-nio-8761-exec-8] WARN  o.s.web.servlet.PageNotFound - No mapping for GET /eureka/css/wro.css
2026-06-22 10:37:41 [http-nio-8761-exec-3] WARN  o.s.web.servlet.PageNotFound - No endpoint GET /eureka/js/wro.js.
2026-06-22 10:37:41 [http-nio-8761-exec-8] WARN  o.s.web.servlet.PageNotFound - No endpoint GET /eureka/css/wro.css.
2026-06-22 10:37:41 [http-nio-8761-exec-5] WARN  o.s.web.servlet.PageNotFound - No mapping for GET /eureka/css/wro.css
2026-06-22 10:37:41 [http-nio-8761-exec-5] WARN  o.s.web.servlet.PageNotFound - No endpoint GET /eureka/css/wro.css.
2026-06-22 10:37:41 [http-nio-8761-exec-7] WARN  o.s.web.servlet.PageNotFound - No mapping for GET /eureka/js/wro.js
2026-06-22 10:37:41 [http-nio-8761-exec-7] WARN  o.s.web.servlet.PageNotFound - No endpoint GET /eureka/js/wro.js.
2026-06-22 10:37:41 [http-nio-8761-exec-4] WARN  o.s.web.servlet.PageNotFound - No mapping for GET /eureka/css/wro.css
2026-06-22 10:37:41 [http-nio-8761-exec-10] WARN  o.s.web.servlet.PageNotFound - No mapping for GET /eureka/js/wro.js
2026-06-22 10:37:41 [http-nio-8761-exec-4] WARN  o.s.web.servlet.PageNotFound - No endpoint GET /eureka/css/wro.css.
2026-06-22 10:37:41 [http-nio-8761-exec-10] WARN  o.s.web.servlet.PageNotFound - No endpoint GET /eureka/js/wro.js.
2026-06-22 10:37:41 [http-nio-8761-exec-6] WARN  o.s.web.servlet.PageNotFound - No mapping for GET /eureka/js/wro.js
2026-06-22 10:37:41 [http-nio-8761-exec-8] WARN  o.s.web.servlet.PageNotFound - No mapping for GET /eureka/css/wro.css
2026-06-22 10:37:41 [http-nio-8761-exec-6] WARN  o.s.web.servlet.PageNotFound - No endpoint GET /eureka/js/wro.js.
2026-06-22 10:37:41 [http-nio-8761-exec-8] WARN  o.s.web.servlet.PageNotFound - No endpoint GET /eureka/css/wro.css.
2026-06-22 10:37:41 [Eureka-EvictionTimer] INFO  c.n.e.r.AbstractInstanceRegistry - Running the evict task with compensationTime 1ms
2026-06-22 10:37:42 [http-nio-8761-exec-2] WARN  o.s.web.servlet.PageNotFound - No mapping for GET /eureka/css/wro.css
2026-06-22 10:37:42 [http-nio-8761-exec-10] WARN  o.s.web.servlet.PageNotFound - No mapping for GET /eureka/js/wro.js
2026-06-22 10:37:42 [http-nio-8761-exec-2] WARN  o.s.web.servlet.PageNotFound - No endpoint GET /eureka/css/wro.css.
2026-06-22 10:37:42 [http-nio-8761-exec-10] WARN  o.s.web.servlet.PageNotFound - No endpoint GET /eureka/js/wro.js.
2026-06-22 10:37:42 [http-nio-8761-exec-1] WARN  o.s.web.servlet.PageNotFound - No mapping for GET /eureka/css/wro.css
2026-06-22 10:37:42 [http-nio-8761-exec-9] WARN  o.s.web.servlet.PageNotFound - No mapping for GET /eureka/js/wro.js
2026-06-22 10:37:42 [http-nio-8761-exec-1] WARN  o.s.web.servlet.PageNotFound - No endpoint GET /eureka/css/wro.css.
2026-06-22 10:37:42 [http-nio-8761-exec-9] WARN  o.s.web.servlet.PageNotFound - No endpoint GET /eureka/js/wro.js.
2026-06-22 10:37:42 [http-nio-8761-exec-6] WARN  o.s.web.servlet.PageNotFound - No mapping for GET /eureka/css/wro.css
2026-06-22 10:37:42 [http-nio-8761-exec-8] WARN  o.s.web.servlet.PageNotFound - No mapping for GET /eureka/js/wro.js
2026-06-22 10:37:42 [http-nio-8761-exec-6] WARN  o.s.web.servlet.PageNotFound - No endpoint GET /eureka/css/wro.css.
2026-06-22 10:37:42 [http-nio-8761-exec-8] WARN  o.s.web.servlet.PageNotFound - No endpoint GET /eureka/js/wro.js.
2026-06-22 10:37:42 [http-nio-8761-exec-7] WARN  o.s.web.servlet.PageNotFound - No mapping for GET /eureka/css/wro.css
2026-06-22 10:37:42 [http-nio-8761-exec-2] WARN  o.s.web.servlet.PageNotFound - No mapping for GET /eureka/js/wro.js
2026-06-22 10:37:42 [http-nio-8761-exec-2] WARN  o.s.web.servlet.PageNotFound - No endpoint GET /eureka/js/wro.js.
2026-06-22 10:37:42 [http-nio-8761-exec-7] WARN  o.s.web.servlet.PageNotFound - No endpoint GET /eureka/css/wro.css.
2026-06-22 10:37:42 [http-nio-8761-exec-9] WARN  o.s.web.servlet.PageNotFound - No mapping for GET /eureka/css/wro.css
2026-06-22 10:37:42 [http-nio-8761-exec-3] WARN  o.s.web.servlet.PageNotFound - No mapping for GET /eureka/js/wro.js
2026-06-22 10:37:42 [http-nio-8761-exec-9] WARN  o.s.web.servlet.PageNotFound - No endpoint GET /eureka/css/wro.css.
2026-06-22 10:37:42 [http-nio-8761-exec-3] WARN  o.s.web.servlet.PageNotFound - No endpoint GET /eureka/js/wro.js.
2026-06-22 10:37:43 [http-nio-8761-exec-5] WARN  o.s.web.servlet.PageNotFound - No mapping for GET /eureka/js/wro.js
2026-06-22 10:37:43 [http-nio-8761-exec-6] WARN  o.s.web.servlet.PageNotFound - No mapping for GET /eureka/css/wro.css
2026-06-22 10:37:43 [http-nio-8761-exec-5] WARN  o.s.web.servlet.PageNotFound - No endpoint GET /eureka/js/wro.js.
2026-06-22 10:37:43 [http-nio-8761-exec-6] WARN  o.s.web.servlet.PageNotFound - No endpoint GET /eureka/css/wro.css.
2026-06-22 10:37:43 [http-nio-8761-exec-7] WARN  o.s.web.servlet.PageNotFound - No mapping for GET /eureka/css/wro.css
2026-06-22 10:37:43 [http-nio-8761-exec-10] WARN  o.s.web.servlet.PageNotFound - No mapping for GET /eureka/js/wro.js
2026-06-22 10:37:43 [http-nio-8761-exec-7] WARN  o.s.web.servlet.PageNotFound - No endpoint GET /eureka/css/wro.css.
2026-06-22 10:37:43 [http-nio-8761-exec-10] WARN  o.s.web.servlet.PageNotFound - No endpoint GET /eureka/js/wro.js.
2026-06-22 10:37:43 [http-nio-8761-exec-3] WARN  o.s.web.servlet.PageNotFound - No mapping for GET /eureka/js/wro.js
2026-06-22 10:37:43 [http-nio-8761-exec-1] WARN  o.s.web.servlet.PageNotFound - No mapping for GET /eureka/css/wro.css
2026-06-22 10:37:43 [http-nio-8761-exec-1] WARN  o.s.web.servlet.PageNotFound - No endpoint GET /eureka/css/wro.css.
2026-06-22 10:37:43 [http-nio-8761-exec-3] WARN  o.s.web.servlet.PageNotFound - No endpoint GET /eureka/js/wro.js.
2026-06-22 10:37:43 [http-nio-8761-exec-8] WARN  o.s.web.servlet.PageNotFound - No mapping for GET /eureka/css/wro.css
2026-06-22 10:37:43 [http-nio-8761-exec-6] WARN  o.s.web.servlet.PageNotFound - No mapping for GET /eureka/js/wro.js
2026-06-22 10:37:43 [http-nio-8761-exec-8] WARN  o.s.web.servlet.PageNotFound - No endpoint GET /eureka/css/wro.css.
2026-06-22 10:37:43 [http-nio-8761-exec-6] WARN  o.s.web.servlet.PageNotFound - No endpoint GET /eureka/js/wro.js.
2026-06-22 10:37:50 [http-nio-8761-exec-8] WARN  o.s.web.servlet.PageNotFound - No mapping for GET /actuator/prometheus
2026-06-22 10:37:50 [http-nio-8761-exec-8] WARN  o.s.web.servlet.PageNotFound - No endpoint GET /actuator/prometheus.
2026-06-22 10:37:50 [http-nio-8761-exec-2] WARN  o.s.web.servlet.PageNotFound - No mapping for GET /eureka/js/wro.js
2026-06-22 10:37:50 [http-nio-8761-exec-5] WARN  o.s.web.servlet.PageNotFound - No mapping for GET /eureka/css/wro.css
2026-06-22 10:37:50 [http-nio-8761-exec-2] WARN  o.s.web.servlet.PageNotFound - No endpoint GET /eureka/js/wro.js.
2026-06-22 10:37:50 [http-nio-8761-exec-5] WARN  o.s.web.servlet.PageNotFound - No endpoint GET /eureka/css/wro.css.
2026-06-22 10:37:51 [Eureka-EvictionTimer] INFO  c.n.e.r.AbstractInstanceRegistry - Running the evict task with compensationTime 6ms
2026-06-22 10:38:01 [Eureka-EvictionTimer] INFO  c.n.e.r.AbstractInstanceRegistry - Running the evict task with compensationTime 0ms
2026-06-22 10:38:05 [http-nio-8761-exec-4] WARN  o.s.web.servlet.PageNotFound - No mapping for GET /actuator/prometheus
2026-06-22 10:38:05 [http-nio-8761-exec-4] WARN  o.s.web.servlet.PageNotFound - No endpoint GET /actuator/prometheus.
2026-06-22 10:38:11 [Eureka-EvictionTimer] INFO  c.n.e.r.AbstractInstanceRegistry - Running the evict task with compensationTime 6ms
2026-06-22 10:38:20 [http-nio-8761-exec-7] WARN  o.s.web.servlet.PageNotFound - No mapping for GET /actuator/prometheus
2026-06-22 10:38:20 [http-nio-8761-exec-7] WARN  o.s.web.servlet.PageNotFound - No endpoint GET /actuator/prometheus.
2026-06-22 10:38:21 [Eureka-EvictionTimer] INFO  c.n.e.r.AbstractInstanceRegistry - Running the evict task with compensationTime 12ms
2026-06-22 10:38:30 [http-nio-8761-exec-5] WARN  o.s.web.servlet.PageNotFound - No mapping for GET /eureka/js/wro.js
2026-06-22 10:38:30 [http-nio-8761-exec-6] WARN  o.s.web.servlet.PageNotFound - No mapping for GET /eureka/css/wro.css
2026-06-22 10:38:30 [http-nio-8761-exec-5] WARN  o.s.web.servlet.PageNotFound - No endpoint GET /eureka/js/wro.js.
2026-06-22 10:38:30 [http-nio-8761-exec-6] WARN  o.s.web.servlet.PageNotFound - No endpoint GET /eureka/css/wro.css.
2026-06-22 10:38:31 [Eureka-EvictionTimer] INFO  c.n.e.r.AbstractInstanceRegistry - Running the evict task with compensationTime 16ms
2026-06-22 10:38:35 [http-nio-8761-exec-5] WARN  o.s.web.servlet.PageNotFound - No mapping for GET /actuator/prometheus
2026-06-22 10:38:35 [http-nio-8761-exec-5] WARN  o.s.web.servlet.PageNotFound - No endpoint GET /actuator/prometheus.
2026-06-22 10:38:41 [Eureka-EvictionTimer] INFO  c.n.e.r.AbstractInstanceRegistry - Running the evict task with compensationTime 0ms
2026-06-22 10:38:50 [http-nio-8761-exec-2] WARN  o.s.web.servlet.PageNotFound - No mapping for GET /actuator/prometheus
2026-06-22 10:38:50 [http-nio-8761-exec-2] WARN  o.s.web.servlet.PageNotFound - No endpoint GET /actuator/prometheus.
2026-06-22 10:38:51 [Eureka-EvictionTimer] INFO  c.n.e.r.AbstractInstanceRegistry - Running the evict task with compensationTime 13ms
2026-06-22 10:39:01 [Eureka-EvictionTimer] INFO  c.n.e.r.AbstractInstanceRegistry - Running the evict task with compensationTime 13ms
2026-06-22 10:39:05 [http-nio-8761-exec-4] WARN  o.s.web.servlet.PageNotFound - No mapping for GET /actuator/prometheus
2026-06-22 10:39:05 [http-nio-8761-exec-4] WARN  o.s.web.servlet.PageNotFound - No endpoint GET /actuator/prometheus.
2026-06-22 10:39:11 [Eureka-EvictionTimer] INFO  c.n.e.r.AbstractInstanceRegistry - Running the evict task with compensationTime 0ms
2026-06-22 10:39:20 [http-nio-8761-exec-10] WARN  o.s.web.servlet.PageNotFound - No mapping for GET /actuator/prometheus
2026-06-22 10:39:20 [http-nio-8761-exec-10] WARN  o.s.web.servlet.PageNotFound - No endpoint GET /actuator/prometheus.
2026-06-22 10:39:21 [Eureka-EvictionTimer] INFO  c.n.e.r.AbstractInstanceRegistry - Running the evict task with compensationTime 4ms
2026-06-22 10:39:31 [Eureka-EvictionTimer] INFO  c.n.e.r.AbstractInstanceRegistry - Running the evict task with compensationTime 0ms
2026-06-22 10:39:35 [http-nio-8761-exec-9] WARN  o.s.web.servlet.PageNotFound - No mapping for GET /actuator/prometheus
2026-06-22 10:39:35 [http-nio-8761-exec-9] WARN  o.s.web.servlet.PageNotFound - No endpoint GET /actuator/prometheus.
2026-06-22 10:39:41 [Eureka-EvictionTimer] INFO  c.n.e.r.AbstractInstanceRegistry - Running the evict task with compensationTime 3ms
2026-06-22 10:39:50 [http-nio-8761-exec-4] WARN  o.s.web.servlet.PageNotFound - No mapping for GET /actuator/prometheus
2026-06-22 10:39:50 [http-nio-8761-exec-4] WARN  o.s.web.servlet.PageNotFound - No endpoint GET /actuator/prometheus.
2026-06-22 10:39:51 [Eureka-EvictionTimer] INFO  c.n.e.r.AbstractInstanceRegistry - Running the evict task with compensationTime 3ms
2026-06-22 10:40:01 [Eureka-EvictionTimer] INFO  c.n.e.r.AbstractInstanceRegistry - Running the evict task with compensationTime 5ms
2026-06-22 10:40:05 [http-nio-8761-exec-3] WARN  o.s.web.servlet.PageNotFound - No mapping for GET /actuator/prometheus
2026-06-22 10:40:05 [http-nio-8761-exec-3] WARN  o.s.web.servlet.PageNotFound - No endpoint GET /actuator/prometheus.
2026-06-22 10:40:12 [Eureka-EvictionTimer] INFO  c.n.e.r.AbstractInstanceRegistry - Running the evict task with compensationTime 14ms
2026-06-22 10:40:20 [http-nio-8761-exec-1] WARN  o.s.web.servlet.PageNotFound - No mapping for GET /actuator/prometheus
2026-06-22 10:40:20 [http-nio-8761-exec-1] WARN  o.s.web.servlet.PageNotFound - No endpoint GET /actuator/prometheus.
2026-06-22 10:40:22 [Eureka-EvictionTimer] INFO  c.n.e.r.AbstractInstanceRegistry - Running the evict task with compensationTime 0ms
2026-06-22 10:40:32 [Eureka-EvictionTimer] INFO  c.n.e.r.AbstractInstanceRegistry - Running the evict task with compensationTime 13ms
2026-06-22 10:40:35 [http-nio-8761-exec-8] WARN  o.s.web.servlet.PageNotFound - No mapping for GET /actuator/prometheus
2026-06-22 10:40:35 [http-nio-8761-exec-8] WARN  o.s.web.servlet.PageNotFound - No endpoint GET /actuator/prometheus.
2026-06-22 10:40:42 [Eureka-EvictionTimer] INFO  c.n.e.r.AbstractInstanceRegistry - Running the evict task with compensationTime 5ms
2026-06-22 10:40:50 [http-nio-8761-exec-2] WARN  o.s.web.servlet.PageNotFound - No mapping for GET /actuator/prometheus
2026-06-22 10:40:50 [http-nio-8761-exec-2] WARN  o.s.web.servlet.PageNotFound - No endpoint GET /actuator/prometheus.
2026-06-22 10:40:52 [Eureka-EvictionTimer] INFO  c.n.e.r.AbstractInstanceRegistry - Running the evict task with compensationTime 5ms
2026-06-22 10:41:02 [Eureka-EvictionTimer] INFO  c.n.e.r.AbstractInstanceRegistry - Running the evict task with compensationTime 6ms
2026-06-22 10:41:05 [http-nio-8761-exec-6] WARN  o.s.web.servlet.PageNotFound - No mapping for GET /actuator/prometheus
2026-06-22 10:41:05 [http-nio-8761-exec-6] WARN  o.s.web.servlet.PageNotFound - No endpoint GET /actuator/prometheus.
2026-06-22 10:41:12 [Eureka-EvictionTimer] INFO  c.n.e.r.AbstractInstanceRegistry - Running the evict task with compensationTime 1ms
2026-06-22 10:41:20 [http-nio-8761-exec-5] WARN  o.s.web.servlet.PageNotFound - No mapping for GET /actuator/prometheus
2026-06-22 10:41:20 [http-nio-8761-exec-5] WARN  o.s.web.servlet.PageNotFound - No endpoint GET /actuator/prometheus.
2026-06-22 10:41:22 [Eureka-EvictionTimer] INFO  c.n.e.r.AbstractInstanceRegistry - Running the evict task with compensationTime 9ms
2026-06-22 10:41:32 [Eureka-EvictionTimer] INFO  c.n.e.r.AbstractInstanceRegistry - Running the evict task with compensationTime 5ms
2026-06-22 10:41:35 [http-nio-8761-exec-10] WARN  o.s.web.servlet.PageNotFound - No mapping for GET /actuator/prometheus
2026-06-22 10:41:35 [http-nio-8761-exec-10] WARN  o.s.web.servlet.PageNotFound - No endpoint GET /actuator/prometheus.
2026-06-22 10:41:42 [Eureka-EvictionTimer] INFO  c.n.e.r.AbstractInstanceRegistry - Running the evict task with compensationTime 9ms
2026-06-22 10:41:50 [http-nio-8761-exec-7] WARN  o.s.web.servlet.PageNotFound - No mapping for GET /actuator/prometheus
2026-06-22 10:41:50 [http-nio-8761-exec-7] WARN  o.s.web.servlet.PageNotFound - No endpoint GET /actuator/prometheus.
2026-06-22 10:41:52 [Eureka-EvictionTimer] INFO  c.n.e.r.AbstractInstanceRegistry - Running the evict task with compensationTime 12ms
2026-06-22 10:42:00 [Eureka-PeerNodesUpdater] WARN  c.n.eureka.cluster.PeerEurekaNodes - The replica size seems to be empty. Check the route 53 DNS Registry
2026-06-22 10:42:02 [Eureka-EvictionTimer] INFO  c.n.e.r.AbstractInstanceRegistry - Running the evict task with compensationTime 6ms
2026-06-22 10:42:05 [http-nio-8761-exec-4] WARN  o.s.web.servlet.PageNotFound - No mapping for GET /actuator/prometheus
2026-06-22 10:42:05 [http-nio-8761-exec-4] WARN  o.s.web.servlet.PageNotFound - No endpoint GET /actuator/prometheus.
2026-06-22 10:42:12 [Eureka-EvictionTimer] INFO  c.n.e.r.AbstractInstanceRegistry - Running the evict task with compensationTime 13ms
2026-06-22 10:42:20 [http-nio-8761-exec-4] WARN  o.s.web.servlet.PageNotFound - No mapping for GET /actuator/prometheus
2026-06-22 10:42:20 [http-nio-8761-exec-4] WARN  o.s.web.servlet.PageNotFound - No endpoint GET /actuator/prometheus.
2026-06-22 10:42:22 [Eureka-EvictionTimer] INFO  c.n.e.r.AbstractInstanceRegistry - Running the evict task with compensationTime 2ms
2026-06-22 10:42:32 [Eureka-EvictionTimer] INFO  c.n.e.r.AbstractInstanceRegistry - Running the evict task with compensationTime 10ms
2026-06-22 10:42:35 [http-nio-8761-exec-9] WARN  o.s.web.servlet.PageNotFound - No mapping for GET /actuator/prometheus
2026-06-22 10:42:35 [http-nio-8761-exec-9] WARN  o.s.web.servlet.PageNotFound - No endpoint GET /actuator/prometheus.
2026-06-22 10:42:42 [Eureka-EvictionTimer] INFO  c.n.e.r.AbstractInstanceRegistry - Running the evict task with compensationTime 9ms
2026-06-22 10:42:50 [http-nio-8761-exec-4] WARN  o.s.web.servlet.PageNotFound - No mapping for GET /actuator/prometheus
2026-06-22 10:42:50 [http-nio-8761-exec-4] WARN  o.s.web.servlet.PageNotFound - No endpoint GET /actuator/prometheus.
2026-06-22 10:42:52 [Eureka-EvictionTimer] INFO  c.n.e.r.AbstractInstanceRegistry - Running the evict task with compensationTime 0ms
2026-06-22 10:43:02 [Eureka-EvictionTimer] INFO  c.n.e.r.AbstractInstanceRegistry - Running the evict task with compensationTime 10ms
2026-06-22 10:43:05 [http-nio-8761-exec-3] WARN  o.s.web.servlet.PageNotFound - No mapping for GET /actuator/prometheus
2026-06-22 10:43:05 [http-nio-8761-exec-3] WARN  o.s.web.servlet.PageNotFound - No endpoint GET /actuator/prometheus.
2026-06-22 10:43:12 [Eureka-EvictionTimer] INFO  c.n.e.r.AbstractInstanceRegistry - Running the evict task with compensationTime 10ms
2026-06-22 10:43:20 [http-nio-8761-exec-1] WARN  o.s.web.servlet.PageNotFound - No mapping for GET /actuator/prometheus
2026-06-22 10:43:20 [http-nio-8761-exec-1] WARN  o.s.web.servlet.PageNotFound - No endpoint GET /actuator/prometheus.
2026-06-22 10:43:22 [Eureka-EvictionTimer] INFO  c.n.e.r.AbstractInstanceRegistry - Running the evict task with compensationTime 10ms
2026-06-22 10:43:32 [Eureka-EvictionTimer] INFO  c.n.e.r.AbstractInstanceRegistry - Running the evict task with compensationTime 7ms
2026-06-22 10:43:34 [SpringApplicationShutdownHook] INFO  o.s.c.n.e.s.EurekaServiceRegistry - Unregistering application EUREKA-SERVER with eureka with status DOWN
2026-06-22 10:43:34 [SpringApplicationShutdownHook] INFO  o.s.c.n.e.s.EurekaServerBootstrap - Shutting down Eureka Server..
2026-06-22 10:43:34 [SpringApplicationShutdownHook] INFO  c.n.e.DefaultEurekaServerContext - Shutting down ...
2026-06-22 10:43:34 [SpringApplicationShutdownHook] INFO  c.n.e.DefaultEurekaServerContext - Shut down
2026-06-22 10:43:34 [SpringApplicationShutdownHook] INFO  o.s.c.n.e.s.EurekaServerBootstrap - Eureka Service is now shutdown...
2026-06-22 10:43:34 [SpringApplicationShutdownHook] INFO  c.n.e.DefaultEurekaServerContext - Shutting down ...
2026-06-22 10:43:34 [SpringApplicationShutdownHook] INFO  c.n.e.DefaultEurekaServerContext - Shut down
2026-06-22 10:43:34 [SpringApplicationShutdownHook] INFO  c.netflix.discovery.DiscoveryClient - Shutting down DiscoveryClient ...
2026-06-22 10:43:34 [SpringApplicationShutdownHook] INFO  c.netflix.discovery.DiscoveryClient - Completed shut down of DiscoveryClient
2026-06-22 10:44:11 [main] INFO  c.f.e.EurekaServerApplicationTest - Starting EurekaServerApplicationTest using Java 17.0.12 with PID 16668 (started by avilakad in C:\Users\avilakad\OneDrive - Publicis Groupe\Documents\Food-Delivery-main\eureka-server)
2026-06-22 10:44:11 [main] DEBUG c.f.e.EurekaServerApplicationTest - Running with Spring Boot v3.2.0, Spring v6.1.1
2026-06-22 10:44:11 [main] INFO  c.f.e.EurekaServerApplicationTest - No active profile set, falling back to 1 default profile: "default"
2026-06-22 10:44:11 [main] INFO  o.s.c.c.c.ConfigServerConfigDataLoader - Fetching config from server at : http://localhost:8888
2026-06-22 10:44:11 [main] INFO  o.s.c.c.c.ConfigServerConfigDataLoader - Located environment: name=eureka-server, profiles=[default], label=null, version=b0b2bbdb6b6c86c992b2abfd6ea7ee8a314f0ebf, state=null
2026-06-22 10:44:13 [main] INFO  o.s.cloud.context.scope.GenericScope - BeanFactory id=8bf17b23-2af8-326c-864e-1dfd2c87be20
2026-06-22 10:44:13 [main] WARN  o.s.c.s.PostProcessorRegistrationDelegate$BeanPostProcessorChecker - Bean 'org.springframework.cloud.client.loadbalancer.LoadBalancerAutoConfiguration$LoadBalancerInterceptorConfig' of type [org.springframework.cloud.client.loadbalancer.LoadBalancerAutoConfiguration$LoadBalancerInterceptorConfig] is not eligible for getting processed by all BeanPostProcessors (for example: not eligible for auto-proxying). The currently created BeanPostProcessor [lbRestClientPostProcessor] is declared through a non-static factory method on that class; consider declaring it as static instead.
2026-06-22 10:44:13 [main] WARN  o.s.c.s.PostProcessorRegistrationDelegate$BeanPostProcessorChecker - Bean 'org.springframework.cloud.loadbalancer.config.BlockingLoadBalancerClientAutoConfiguration' of type [org.springframework.cloud.loadbalancer.config.BlockingLoadBalancerClientAutoConfiguration] is not eligible for getting processed by all BeanPostProcessors (for example: not eligible for auto-proxying). Is this bean getting eagerly injected into a currently created BeanPostProcessor [lbRestClientPostProcessor]? Check the corresponding BeanPostProcessor declaration and its dependencies.
2026-06-22 10:44:13 [main] WARN  o.s.c.s.PostProcessorRegistrationDelegate$BeanPostProcessorChecker - Bean 'org.springframework.cloud.loadbalancer.config.LoadBalancerAutoConfiguration' of type [org.springframework.cloud.loadbalancer.config.LoadBalancerAutoConfiguration] is not eligible for getting processed by all BeanPostProcessors (for example: not eligible for auto-proxying). Is this bean getting eagerly injected into a currently created BeanPostProcessor [lbRestClientPostProcessor]? Check the corresponding BeanPostProcessor declaration and its dependencies.
2026-06-22 10:44:13 [main] WARN  o.s.c.s.PostProcessorRegistrationDelegate$BeanPostProcessorChecker - Bean 'org.springframework.cloud.commons.config.CommonsConfigAutoConfiguration' of type [org.springframework.cloud.commons.config.CommonsConfigAutoConfiguration] is not eligible for getting processed by all BeanPostProcessors (for example: not eligible for auto-proxying). Is this bean getting eagerly injected into a currently created BeanPostProcessor [lbRestClientPostProcessor]? Check the corresponding BeanPostProcessor declaration and its dependencies.
2026-06-22 10:44:13 [main] WARN  o.s.c.s.PostProcessorRegistrationDelegate$BeanPostProcessorChecker - Bean 'org.springframework.cloud.client.loadbalancer.LoadBalancerDefaultMappingsProviderAutoConfiguration' of type [org.springframework.cloud.client.loadbalancer.LoadBalancerDefaultMappingsProviderAutoConfiguration] is not eligible for getting processed by all BeanPostProcessors (for example: not eligible for auto-proxying). Is this bean getting eagerly injected into a currently created BeanPostProcessor [lbRestClientPostProcessor]? Check the corresponding BeanPostProcessor declaration and its dependencies.
2026-06-22 10:44:13 [main] WARN  o.s.c.s.PostProcessorRegistrationDelegate$BeanPostProcessorChecker - Bean 'loadBalancerClientsDefaultsMappingsProvider' of type [org.springframework.cloud.client.loadbalancer.LoadBalancerDefaultMappingsProviderAutoConfiguration$$Lambda$895/0x000001e028453670] is not eligible for getting processed by all BeanPostProcessors (for example: not eligible for auto-proxying). Is this bean getting eagerly injected into a currently created BeanPostProcessor [lbRestClientPostProcessor]? Check the corresponding BeanPostProcessor declaration and its dependencies.
2026-06-22 10:44:13 [main] WARN  o.s.c.s.PostProcessorRegistrationDelegate$BeanPostProcessorChecker - Bean 'defaultsBindHandlerAdvisor' of type [org.springframework.cloud.commons.config.DefaultsBindHandlerAdvisor] is not eligible for getting processed by all BeanPostProcessors (for example: not eligible for auto-proxying). Is this bean getting eagerly injected into a currently created BeanPostProcessor [lbRestClientPostProcessor]? Check the corresponding BeanPostProcessor declaration and its dependencies.
2026-06-22 10:44:13 [main] WARN  o.s.c.s.PostProcessorRegistrationDelegate$BeanPostProcessorChecker - Bean 'spring.cloud.loadbalancer-org.springframework.cloud.client.loadbalancer.LoadBalancerClientsProperties' of type [org.springframework.cloud.client.loadbalancer.LoadBalancerClientsProperties] is not eligible for getting processed by all BeanPostProcessors (for example: not eligible for auto-proxying). Is this bean getting eagerly injected into a currently created BeanPostProcessor [lbRestClientPostProcessor]? Check the corresponding BeanPostProcessor declaration and its dependencies.
2026-06-22 10:44:13 [main] WARN  o.s.c.s.PostProcessorRegistrationDelegate$BeanPostProcessorChecker - Bean 'default.org.springframework.cloud.loadbalancer.config.LoadBalancerAutoConfiguration.LoadBalancerClientSpecification' of type [org.springframework.cloud.loadbalancer.annotation.LoadBalancerClientSpecification] is not eligible for getting processed by all BeanPostProcessors (for example: not eligible for auto-proxying). Is this bean getting eagerly injected into a currently created BeanPostProcessor [lbRestClientPostProcessor]? Check the corresponding BeanPostProcessor declaration and its dependencies.
2026-06-22 10:44:13 [main] WARN  o.s.c.s.PostProcessorRegistrationDelegate$BeanPostProcessorChecker - Bean 'default.org.springframework.cloud.loadbalancer.config.BlockingLoadBalancerClientAutoConfiguration.LoadBalancerClientSpecification' of type [org.springframework.cloud.loadbalancer.annotation.LoadBalancerClientSpecification] is not eligible for getting processed by all BeanPostProcessors (for example: not eligible for auto-proxying). Is this bean getting eagerly injected into a currently created BeanPostProcessor [lbRestClientPostProcessor]? Check the corresponding BeanPostProcessor declaration and its dependencies.
2026-06-22 10:44:13 [main] WARN  o.s.c.s.PostProcessorRegistrationDelegate$BeanPostProcessorChecker - Bean 'default.org.springframework.cloud.netflix.eureka.loadbalancer.LoadBalancerEurekaAutoConfiguration.LoadBalancerClientSpecification' of type [org.springframework.cloud.loadbalancer.annotation.LoadBalancerClientSpecification] is not eligible for getting processed by all BeanPostProcessors (for example: not eligible for auto-proxying). Is this bean getting eagerly injected into a currently created BeanPostProcessor [lbRestClientPostProcessor]? Check the corresponding BeanPostProcessor declaration and its dependencies.
2026-06-22 10:44:13 [main] WARN  o.s.c.s.PostProcessorRegistrationDelegate$BeanPostProcessorChecker - Bean 'loadBalancerClientFactory' of type [org.springframework.cloud.loadbalancer.support.LoadBalancerClientFactory] is not eligible for getting processed by all BeanPostProcessors (for example: not eligible for auto-proxying). Is this bean getting eagerly injected into a currently created BeanPostProcessor [lbRestClientPostProcessor]? Check the corresponding BeanPostProcessor declaration and its dependencies.
2026-06-22 10:44:13 [main] WARN  o.s.c.s.PostProcessorRegistrationDelegate$BeanPostProcessorChecker - Bean 'blockingLoadBalancerClient' of type [org.springframework.cloud.loadbalancer.blocking.client.BlockingLoadBalancerClient] is not eligible for getting processed by all BeanPostProcessors (for example: not eligible for auto-proxying). Is this bean getting eagerly injected into a currently created BeanPostProcessor [lbRestClientPostProcessor]? Check the corresponding BeanPostProcessor declaration and its dependencies.
2026-06-22 10:44:13 [main] WARN  o.s.c.s.PostProcessorRegistrationDelegate$BeanPostProcessorChecker - Bean 'loadBalancerServiceInstanceCookieTransformer' of type [org.springframework.cloud.loadbalancer.core.LoadBalancerServiceInstanceCookieTransformer] is not eligible for getting processed by all BeanPostProcessors (for example: not eligible for auto-proxying). Is this bean getting eagerly injected into a currently created BeanPostProcessor [lbRestClientPostProcessor]? Check the corresponding BeanPostProcessor declaration and its dependencies.
2026-06-22 10:44:13 [main] WARN  o.s.c.s.PostProcessorRegistrationDelegate$BeanPostProcessorChecker - Bean 'xForwarderHeadersTransformer' of type [org.springframework.cloud.loadbalancer.blocking.XForwardedHeadersTransformer] is not eligible for getting processed by all BeanPostProcessors (for example: not eligible for auto-proxying). Is this bean getting eagerly injected into a currently created BeanPostProcessor [lbRestClientPostProcessor]? Check the corresponding BeanPostProcessor declaration and its dependencies.
2026-06-22 10:44:13 [main] WARN  o.s.c.s.PostProcessorRegistrationDelegate$BeanPostProcessorChecker - Bean 'org.springframework.cloud.client.loadbalancer.LoadBalancerAutoConfiguration' of type [org.springframework.cloud.client.loadbalancer.LoadBalancerAutoConfiguration] is not eligible for getting processed by all BeanPostProcessors (for example: not eligible for auto-proxying). Is this bean getting eagerly injected into a currently created BeanPostProcessor [lbRestClientPostProcessor]? Check the corresponding BeanPostProcessor declaration and its dependencies.
2026-06-22 10:44:13 [main] WARN  o.s.c.s.PostProcessorRegistrationDelegate$BeanPostProcessorChecker - Bean 'loadBalancerRequestFactory' of type [org.springframework.cloud.client.loadbalancer.LoadBalancerRequestFactory] is not eligible for getting processed by all BeanPostProcessors (for example: not eligible for auto-proxying). Is this bean getting eagerly injected into a currently created BeanPostProcessor [lbRestClientPostProcessor]? Check the corresponding BeanPostProcessor declaration and its dependencies.
2026-06-22 10:44:13 [main] WARN  o.s.c.s.PostProcessorRegistrationDelegate$BeanPostProcessorChecker - Bean 'loadBalancerInterceptor' of type [org.springframework.cloud.client.loadbalancer.LoadBalancerInterceptor] is not eligible for getting processed by all BeanPostProcessors (for example: not eligible for auto-proxying). Is this bean getting eagerly injected into a currently created BeanPostProcessor [lbRestClientPostProcessor]? Check the corresponding BeanPostProcessor declaration and its dependencies.
2026-06-22 10:44:17 [main] WARN  o.s.c.l.c.LoadBalancerCacheAutoConfiguration$LoadBalancerCaffeineWarnLogger - Spring Cloud LoadBalancer is currently working with the default cache. While this cache implementation is useful for development and tests, it's recommended to use Caffeine cache in production.You can switch to using Caffeine cache, by adding it and org.springframework.cache.caffeine.CaffeineCacheManager to the classpath.
2026-06-22 10:44:17 [main] INFO  o.s.c.n.eureka.InstanceInfoFactory - Setting initial instance status as: STARTING
2026-06-22 10:44:18 [main] INFO  c.netflix.discovery.DiscoveryClient - Initializing Eureka in region us-east-1
2026-06-22 10:44:18 [main] INFO  c.netflix.discovery.DiscoveryClient - Client configured to neither register nor query for data.
2026-06-22 10:44:18 [main] INFO  c.netflix.discovery.DiscoveryClient - Discovery Client initialized at timestamp 1782105258092 with initial instances count: 0
2026-06-22 10:44:18 [main] INFO  c.n.e.DefaultEurekaServerContext - Initializing ...
2026-06-22 10:44:18 [main] WARN  c.n.eureka.cluster.PeerEurekaNodes - The replica size seems to be empty. Check the route 53 DNS Registry
2026-06-22 10:44:18 [main] INFO  c.n.e.r.AbstractInstanceRegistry - Finished initializing remote region registries. All known remote regions: []
2026-06-22 10:44:18 [main] INFO  c.n.e.DefaultEurekaServerContext - Initialized
2026-06-22 10:44:18 [Thread-11] INFO  o.s.c.n.e.s.EurekaServerBootstrap - isAws returned false
2026-06-22 10:44:18 [Thread-11] INFO  o.s.c.n.e.s.EurekaServerBootstrap - Initialized server context
2026-06-22 10:44:18 [Thread-11] INFO  c.n.e.r.PeerAwareInstanceRegistryImpl - Got 1 instances from neighboring DS node
2026-06-22 10:44:18 [Thread-11] INFO  c.n.e.r.PeerAwareInstanceRegistryImpl - Renew threshold is: 1
2026-06-22 10:44:18 [Thread-11] INFO  c.n.e.r.PeerAwareInstanceRegistryImpl - Changing status to UP
2026-06-22 10:44:18 [Thread-11] INFO  o.s.c.n.e.s.EurekaServerInitializerConfiguration - Started Eureka Server
2026-06-22 10:44:19 [main] INFO  o.s.b.w.e.tomcat.TomcatWebServer - Tomcat initialized with port 0 (http)
2026-06-22 10:44:19 [main] INFO  o.a.catalina.core.StandardService - Starting service [Tomcat]
2026-06-22 10:44:19 [main] INFO  o.a.catalina.core.StandardEngine - Starting Servlet engine: [Apache Tomcat/10.1.16]
2026-06-22 10:44:20 [main] INFO  o.a.c.c.C.[Tomcat].[localhost].[/] - Initializing Spring embedded WebApplicationContext
2026-06-22 10:44:20 [main] INFO  o.s.b.w.s.c.ServletWebServerApplicationContext - Root WebApplicationContext: initialization completed in 1298 ms
2026-06-22 10:44:20 [main] INFO  o.s.b.a.e.web.EndpointLinksResolver - Exposing 3 endpoint(s) beneath base path '/actuator'
2026-06-22 10:44:20 [main] INFO  o.s.b.w.e.tomcat.TomcatWebServer - Tomcat started on port 61011 (http) with context path ''
2026-06-22 10:44:20 [main] INFO  c.f.e.EurekaServerApplicationTest - Started EurekaServerApplicationTest in 13.022 seconds (process running for 16.273)
2026-06-22 10:44:22 [main] INFO  o.s.t.c.s.AnnotationConfigContextLoaderUtils - Could not detect default configuration classes for test class [com.fooddelivery.eureka.EurekaServerMainTest]: EurekaServerMainTest does not declare any static, non-private, non-final, nested classes annotated with @Configuration.
2026-06-22 10:44:22 [main] INFO  o.s.b.t.c.SpringBootTestContextBootstrapper - Found @SpringBootConfiguration com.fooddelivery.eureka.EurekaServerApplication for test class com.fooddelivery.eureka.EurekaServerMainTest
2026-06-22 10:44:22 [SpringApplicationShutdownHook] INFO  o.s.c.n.e.s.EurekaServiceRegistry - Unregistering application EUREKA-SERVER with eureka with status DOWN
2026-06-22 10:44:23 [SpringApplicationShutdownHook] INFO  o.s.c.n.e.s.EurekaServerBootstrap - Shutting down Eureka Server..
2026-06-22 10:44:23 [SpringApplicationShutdownHook] INFO  c.n.e.DefaultEurekaServerContext - Shutting down ...
2026-06-22 10:44:23 [SpringApplicationShutdownHook] INFO  c.n.e.DefaultEurekaServerContext - Shut down
2026-06-22 10:44:23 [SpringApplicationShutdownHook] INFO  o.s.c.n.e.s.EurekaServerBootstrap - Eureka Service is now shutdown...
2026-06-22 10:44:23 [SpringApplicationShutdownHook] INFO  c.n.e.DefaultEurekaServerContext - Shutting down ...
2026-06-22 10:44:23 [SpringApplicationShutdownHook] INFO  c.n.e.DefaultEurekaServerContext - Shut down
2026-06-22 10:44:23 [SpringApplicationShutdownHook] INFO  c.netflix.discovery.DiscoveryClient - Shutting down DiscoveryClient ...
2026-06-22 10:44:23 [SpringApplicationShutdownHook] INFO  c.netflix.discovery.DiscoveryClient - Completed shut down of DiscoveryClient
2026-06-22 10:45:57 [main] INFO  c.f.eureka.EurekaServerApplication - Starting EurekaServerApplication using Java 17.0.18 with PID 12828 (C:\Users\avilakad\OneDrive - Publicis Groupe\Documents\Food-Delivery-main\eureka-server\target\eureka-server-1.0.0.jar started by avilakad in C:\Users\avilakad\OneDrive - Publicis Groupe\Documents\Food-Delivery-main\eureka-server)
2026-06-22 10:45:57 [main] DEBUG c.f.eureka.EurekaServerApplication - Running with Spring Boot v3.2.0, Spring v6.1.1
2026-06-22 10:45:57 [main] INFO  c.f.eureka.EurekaServerApplication - No active profile set, falling back to 1 default profile: "default"
2026-06-22 10:45:57 [main] INFO  o.s.c.c.c.ConfigServerConfigDataLoader - Fetching config from server at : http://localhost:8888
2026-06-22 10:45:57 [main] INFO  o.s.c.c.c.ConfigServerConfigDataLoader - Located environment: name=eureka-server, profiles=[default], label=null, version=b0b2bbdb6b6c86c992b2abfd6ea7ee8a314f0ebf, state=null
2026-06-22 10:46:00 [main] INFO  o.s.cloud.context.scope.GenericScope - BeanFactory id=ee7a14c8-7d1e-3f45-957f-3045030fd761
2026-06-22 10:46:00 [main] WARN  o.s.c.s.PostProcessorRegistrationDelegate$BeanPostProcessorChecker - Bean 'org.springframework.cloud.client.loadbalancer.LoadBalancerAutoConfiguration$LoadBalancerInterceptorConfig' of type [org.springframework.cloud.client.loadbalancer.LoadBalancerAutoConfiguration$LoadBalancerInterceptorConfig] is not eligible for getting processed by all BeanPostProcessors (for example: not eligible for auto-proxying). The currently created BeanPostProcessor [lbRestClientPostProcessor] is declared through a non-static factory method on that class; consider declaring it as static instead.
2026-06-22 10:46:00 [main] WARN  o.s.c.s.PostProcessorRegistrationDelegate$BeanPostProcessorChecker - Bean 'org.springframework.cloud.loadbalancer.config.BlockingLoadBalancerClientAutoConfiguration' of type [org.springframework.cloud.loadbalancer.config.BlockingLoadBalancerClientAutoConfiguration] is not eligible for getting processed by all BeanPostProcessors (for example: not eligible for auto-proxying). Is this bean getting eagerly injected into a currently created BeanPostProcessor [lbRestClientPostProcessor]? Check the corresponding BeanPostProcessor declaration and its dependencies.
2026-06-22 10:46:00 [main] WARN  o.s.c.s.PostProcessorRegistrationDelegate$BeanPostProcessorChecker - Bean 'org.springframework.cloud.loadbalancer.config.LoadBalancerAutoConfiguration' of type [org.springframework.cloud.loadbalancer.config.LoadBalancerAutoConfiguration] is not eligible for getting processed by all BeanPostProcessors (for example: not eligible for auto-proxying). Is this bean getting eagerly injected into a currently created BeanPostProcessor [lbRestClientPostProcessor]? Check the corresponding BeanPostProcessor declaration and its dependencies.
2026-06-22 10:46:00 [main] WARN  o.s.c.s.PostProcessorRegistrationDelegate$BeanPostProcessorChecker - Bean 'org.springframework.cloud.commons.config.CommonsConfigAutoConfiguration' of type [org.springframework.cloud.commons.config.CommonsConfigAutoConfiguration] is not eligible for getting processed by all BeanPostProcessors (for example: not eligible for auto-proxying). Is this bean getting eagerly injected into a currently created BeanPostProcessor [lbRestClientPostProcessor]? Check the corresponding BeanPostProcessor declaration and its dependencies.
2026-06-22 10:46:00 [main] WARN  o.s.c.s.PostProcessorRegistrationDelegate$BeanPostProcessorChecker - Bean 'org.springframework.cloud.client.loadbalancer.LoadBalancerDefaultMappingsProviderAutoConfiguration' of type [org.springframework.cloud.client.loadbalancer.LoadBalancerDefaultMappingsProviderAutoConfiguration] is not eligible for getting processed by all BeanPostProcessors (for example: not eligible for auto-proxying). Is this bean getting eagerly injected into a currently created BeanPostProcessor [lbRestClientPostProcessor]? Check the corresponding BeanPostProcessor declaration and its dependencies.
2026-06-22 10:46:00 [main] WARN  o.s.c.s.PostProcessorRegistrationDelegate$BeanPostProcessorChecker - Bean 'loadBalancerClientsDefaultsMappingsProvider' of type [org.springframework.cloud.client.loadbalancer.LoadBalancerDefaultMappingsProviderAutoConfiguration$$Lambda$528/0x0000023f363a2c00] is not eligible for getting processed by all BeanPostProcessors (for example: not eligible for auto-proxying). Is this bean getting eagerly injected into a currently created BeanPostProcessor [lbRestClientPostProcessor]? Check the corresponding BeanPostProcessor declaration and its dependencies.
2026-06-22 10:46:00 [main] WARN  o.s.c.s.PostProcessorRegistrationDelegate$BeanPostProcessorChecker - Bean 'defaultsBindHandlerAdvisor' of type [org.springframework.cloud.commons.config.DefaultsBindHandlerAdvisor] is not eligible for getting processed by all BeanPostProcessors (for example: not eligible for auto-proxying). Is this bean getting eagerly injected into a currently created BeanPostProcessor [lbRestClientPostProcessor]? Check the corresponding BeanPostProcessor declaration and its dependencies.
2026-06-22 10:46:00 [main] WARN  o.s.c.s.PostProcessorRegistrationDelegate$BeanPostProcessorChecker - Bean 'spring.cloud.loadbalancer-org.springframework.cloud.client.loadbalancer.LoadBalancerClientsProperties' of type [org.springframework.cloud.client.loadbalancer.LoadBalancerClientsProperties] is not eligible for getting processed by all BeanPostProcessors (for example: not eligible for auto-proxying). Is this bean getting eagerly injected into a currently created BeanPostProcessor [lbRestClientPostProcessor]? Check the corresponding BeanPostProcessor declaration and its dependencies.
2026-06-22 10:46:00 [main] WARN  o.s.c.s.PostProcessorRegistrationDelegate$BeanPostProcessorChecker - Bean 'default.org.springframework.cloud.loadbalancer.config.LoadBalancerAutoConfiguration.LoadBalancerClientSpecification' of type [org.springframework.cloud.loadbalancer.annotation.LoadBalancerClientSpecification] is not eligible for getting processed by all BeanPostProcessors (for example: not eligible for auto-proxying). Is this bean getting eagerly injected into a currently created BeanPostProcessor [lbRestClientPostProcessor]? Check the corresponding BeanPostProcessor declaration and its dependencies.
2026-06-22 10:46:00 [main] WARN  o.s.c.s.PostProcessorRegistrationDelegate$BeanPostProcessorChecker - Bean 'default.org.springframework.cloud.loadbalancer.config.BlockingLoadBalancerClientAutoConfiguration.LoadBalancerClientSpecification' of type [org.springframework.cloud.loadbalancer.annotation.LoadBalancerClientSpecification] is not eligible for getting processed by all BeanPostProcessors (for example: not eligible for auto-proxying). Is this bean getting eagerly injected into a currently created BeanPostProcessor [lbRestClientPostProcessor]? Check the corresponding BeanPostProcessor declaration and its dependencies.
2026-06-22 10:46:00 [main] WARN  o.s.c.s.PostProcessorRegistrationDelegate$BeanPostProcessorChecker - Bean 'default.org.springframework.cloud.netflix.eureka.loadbalancer.LoadBalancerEurekaAutoConfiguration.LoadBalancerClientSpecification' of type [org.springframework.cloud.loadbalancer.annotation.LoadBalancerClientSpecification] is not eligible for getting processed by all BeanPostProcessors (for example: not eligible for auto-proxying). Is this bean getting eagerly injected into a currently created BeanPostProcessor [lbRestClientPostProcessor]? Check the corresponding BeanPostProcessor declaration and its dependencies.
2026-06-22 10:46:00 [main] WARN  o.s.c.s.PostProcessorRegistrationDelegate$BeanPostProcessorChecker - Bean 'loadBalancerClientFactory' of type [org.springframework.cloud.loadbalancer.support.LoadBalancerClientFactory] is not eligible for getting processed by all BeanPostProcessors (for example: not eligible for auto-proxying). Is this bean getting eagerly injected into a currently created BeanPostProcessor [lbRestClientPostProcessor]? Check the corresponding BeanPostProcessor declaration and its dependencies.
2026-06-22 10:46:00 [main] WARN  o.s.c.s.PostProcessorRegistrationDelegate$BeanPostProcessorChecker - Bean 'blockingLoadBalancerClient' of type [org.springframework.cloud.loadbalancer.blocking.client.BlockingLoadBalancerClient] is not eligible for getting processed by all BeanPostProcessors (for example: not eligible for auto-proxying). Is this bean getting eagerly injected into a currently created BeanPostProcessor [lbRestClientPostProcessor]? Check the corresponding BeanPostProcessor declaration and its dependencies.
2026-06-22 10:46:00 [main] WARN  o.s.c.s.PostProcessorRegistrationDelegate$BeanPostProcessorChecker - Bean 'loadBalancerServiceInstanceCookieTransformer' of type [org.springframework.cloud.loadbalancer.core.LoadBalancerServiceInstanceCookieTransformer] is not eligible for getting processed by all BeanPostProcessors (for example: not eligible for auto-proxying). Is this bean getting eagerly injected into a currently created BeanPostProcessor [lbRestClientPostProcessor]? Check the corresponding BeanPostProcessor declaration and its dependencies.
2026-06-22 10:46:00 [main] WARN  o.s.c.s.PostProcessorRegistrationDelegate$BeanPostProcessorChecker - Bean 'xForwarderHeadersTransformer' of type [org.springframework.cloud.loadbalancer.blocking.XForwardedHeadersTransformer] is not eligible for getting processed by all BeanPostProcessors (for example: not eligible for auto-proxying). Is this bean getting eagerly injected into a currently created BeanPostProcessor [lbRestClientPostProcessor]? Check the corresponding BeanPostProcessor declaration and its dependencies.
2026-06-22 10:46:00 [main] WARN  o.s.c.s.PostProcessorRegistrationDelegate$BeanPostProcessorChecker - Bean 'org.springframework.cloud.client.loadbalancer.LoadBalancerAutoConfiguration' of type [org.springframework.cloud.client.loadbalancer.LoadBalancerAutoConfiguration] is not eligible for getting processed by all BeanPostProcessors (for example: not eligible for auto-proxying). Is this bean getting eagerly injected into a currently created BeanPostProcessor [lbRestClientPostProcessor]? Check the corresponding BeanPostProcessor declaration and its dependencies.
2026-06-22 10:46:00 [main] WARN  o.s.c.s.PostProcessorRegistrationDelegate$BeanPostProcessorChecker - Bean 'loadBalancerRequestFactory' of type [org.springframework.cloud.client.loadbalancer.LoadBalancerRequestFactory] is not eligible for getting processed by all BeanPostProcessors (for example: not eligible for auto-proxying). Is this bean getting eagerly injected into a currently created BeanPostProcessor [lbRestClientPostProcessor]? Check the corresponding BeanPostProcessor declaration and its dependencies.
2026-06-22 10:46:00 [main] WARN  o.s.c.s.PostProcessorRegistrationDelegate$BeanPostProcessorChecker - Bean 'loadBalancerInterceptor' of type [org.springframework.cloud.client.loadbalancer.LoadBalancerInterceptor] is not eligible for getting processed by all BeanPostProcessors (for example: not eligible for auto-proxying). Is this bean getting eagerly injected into a currently created BeanPostProcessor [lbRestClientPostProcessor]? Check the corresponding BeanPostProcessor declaration and its dependencies.
2026-06-22 10:46:00 [main] INFO  o.s.b.w.e.tomcat.TomcatWebServer - Tomcat initialized with port 8761 (http)
2026-06-22 10:46:00 [main] INFO  o.a.catalina.core.StandardService - Starting service [Tomcat]
2026-06-22 10:46:00 [main] INFO  o.a.catalina.core.StandardEngine - Starting Servlet engine: [Apache Tomcat/10.1.16]
2026-06-22 10:46:00 [main] INFO  o.a.c.c.C.[Tomcat].[localhost].[/] - Initializing Spring embedded WebApplicationContext
2026-06-22 10:46:00 [main] INFO  o.s.b.w.s.c.ServletWebServerApplicationContext - Root WebApplicationContext: initialization completed in 2970 ms
2026-06-22 10:46:03 [main] INFO  c.n.d.p.DiscoveryJerseyProvider - Using JSON encoding codec LegacyJacksonJson
2026-06-22 10:46:03 [main] INFO  c.n.d.p.DiscoveryJerseyProvider - Using JSON decoding codec LegacyJacksonJson
2026-06-22 10:46:03 [main] INFO  c.n.d.p.DiscoveryJerseyProvider - Using XML encoding codec XStreamXml
2026-06-22 10:46:03 [main] INFO  c.n.d.p.DiscoveryJerseyProvider - Using XML decoding codec XStreamXml
2026-06-22 10:46:07 [main] WARN  o.s.c.l.c.LoadBalancerCacheAutoConfiguration$LoadBalancerCaffeineWarnLogger - Spring Cloud LoadBalancer is currently working with the default cache. While this cache implementation is useful for development and tests, it's recommended to use Caffeine cache in production.You can switch to using Caffeine cache, by adding it and org.springframework.cache.caffeine.CaffeineCacheManager to the classpath.
2026-06-22 10:46:07 [main] INFO  o.s.c.n.eureka.InstanceInfoFactory - Setting initial instance status as: STARTING
2026-06-22 10:46:07 [main] INFO  c.netflix.discovery.DiscoveryClient - Initializing Eureka in region us-east-1
2026-06-22 10:46:07 [main] INFO  c.netflix.discovery.DiscoveryClient - Client configured to neither register nor query for data.
2026-06-22 10:46:07 [main] INFO  c.netflix.discovery.DiscoveryClient - Discovery Client initialized at timestamp 1782105367190 with initial instances count: 0
2026-06-22 10:46:07 [main] INFO  c.n.e.DefaultEurekaServerContext - Initializing ...
2026-06-22 10:46:07 [main] WARN  c.n.eureka.cluster.PeerEurekaNodes - The replica size seems to be empty. Check the route 53 DNS Registry
2026-06-22 10:46:07 [main] INFO  c.n.e.r.AbstractInstanceRegistry - Finished initializing remote region registries. All known remote regions: []
2026-06-22 10:46:07 [main] INFO  c.n.e.DefaultEurekaServerContext - Initialized
2026-06-22 10:46:07 [main] INFO  o.s.b.a.e.web.EndpointLinksResolver - Exposing 3 endpoint(s) beneath base path '/actuator'
2026-06-22 10:46:07 [main] INFO  o.s.c.n.e.s.EurekaServiceRegistry - Registering application EUREKA-SERVER with eureka with status UP
2026-06-22 10:46:07 [Thread-9] INFO  o.s.c.n.e.s.EurekaServerBootstrap - isAws returned false
2026-06-22 10:46:07 [Thread-9] INFO  o.s.c.n.e.s.EurekaServerBootstrap - Initialized server context
2026-06-22 10:46:07 [Thread-9] INFO  c.n.e.r.PeerAwareInstanceRegistryImpl - Got 1 instances from neighboring DS node
2026-06-22 10:46:07 [Thread-9] INFO  c.n.e.r.PeerAwareInstanceRegistryImpl - Renew threshold is: 1
2026-06-22 10:46:07 [Thread-9] INFO  c.n.e.r.PeerAwareInstanceRegistryImpl - Changing status to UP
2026-06-22 10:46:07 [Thread-9] INFO  o.s.c.n.e.s.EurekaServerInitializerConfiguration - Started Eureka Server
2026-06-22 10:46:07 [main] INFO  o.s.b.w.e.tomcat.TomcatWebServer - Tomcat started on port 8761 (http) with context path ''
2026-06-22 10:46:07 [main] INFO  o.s.c.n.e.s.EurekaAutoServiceRegistration - Updating port to 8761
2026-06-22 10:46:08 [main] INFO  c.f.eureka.EurekaServerApplication - Started EurekaServerApplication in 13.872 seconds (process running for 14.852)
2026-06-22 10:46:08 [http-nio-8761-exec-2] INFO  o.a.c.c.C.[Tomcat].[localhost].[/] - Initializing Spring DispatcherServlet 'dispatcherServlet'
2026-06-22 10:46:08 [http-nio-8761-exec-2] INFO  o.s.web.servlet.DispatcherServlet - Initializing Servlet 'dispatcherServlet'
2026-06-22 10:46:08 [http-nio-8761-exec-2] INFO  o.s.web.servlet.DispatcherServlet - Completed initialization in 1 ms
2026-06-22 10:46:08 [http-nio-8761-exec-1] WARN  c.n.e.r.AbstractInstanceRegistry - DS: Registry: lease doesn't exist, registering resource: USER-SERVICE - user-service:5dc627ef8716b60048e8c88122836c3c
2026-06-22 10:46:08 [http-nio-8761-exec-1] WARN  c.n.e.resources.InstanceResource - Not Found (Renew): USER-SERVICE - user-service:5dc627ef8716b60048e8c88122836c3c
2026-06-22 10:46:08 [http-nio-8761-exec-4] INFO  c.n.e.r.AbstractInstanceRegistry - Registered instance USER-SERVICE/user-service:5dc627ef8716b60048e8c88122836c3c with status UP (replication=false)
2026-06-22 10:46:10 [http-nio-8761-exec-9] WARN  o.s.web.servlet.PageNotFound - No mapping for GET /eureka/js/wro.js
2026-06-22 10:46:10 [http-nio-8761-exec-8] WARN  o.s.web.servlet.PageNotFound - No mapping for GET /eureka/css/wro.css
2026-06-22 10:46:10 [http-nio-8761-exec-9] WARN  o.s.web.servlet.PageNotFound - No endpoint GET /eureka/js/wro.js.
2026-06-22 10:46:10 [http-nio-8761-exec-8] WARN  o.s.web.servlet.PageNotFound - No endpoint GET /eureka/css/wro.css.
2026-06-22 10:46:11 [http-nio-8761-exec-10] WARN  c.n.e.r.AbstractInstanceRegistry - DS: Registry: lease doesn't exist, registering resource: RESTAURANT-SERVICE - restaurant-service:d3d30c5878a6891904b82d0f5340f2b3
2026-06-22 10:46:11 [http-nio-8761-exec-10] WARN  c.n.e.resources.InstanceResource - Not Found (Renew): RESTAURANT-SERVICE - restaurant-service:d3d30c5878a6891904b82d0f5340f2b3
2026-06-22 10:46:11 [http-nio-8761-exec-2] INFO  c.n.e.r.AbstractInstanceRegistry - Registered instance RESTAURANT-SERVICE/restaurant-service:d3d30c5878a6891904b82d0f5340f2b3 with status UP (replication=false)
2026-06-22 10:46:13 [http-nio-8761-exec-5] WARN  c.n.e.r.AbstractInstanceRegistry - DS: Registry: lease doesn't exist, registering resource: PAYMENT-SERVICE - payment-service:866ea3f63a16a0df1dc2bb507f984068
2026-06-22 10:46:13 [http-nio-8761-exec-5] WARN  c.n.e.resources.InstanceResource - Not Found (Renew): PAYMENT-SERVICE - payment-service:866ea3f63a16a0df1dc2bb507f984068
2026-06-22 10:46:13 [http-nio-8761-exec-7] INFO  c.n.e.r.AbstractInstanceRegistry - Registered instance PAYMENT-SERVICE/payment-service:866ea3f63a16a0df1dc2bb507f984068 with status UP (replication=false)
2026-06-22 10:46:13 [http-nio-8761-exec-8] WARN  c.n.e.r.AbstractInstanceRegistry - DS: Registry: lease doesn't exist, registering resource: API-GATEWAY - api-gateway:4ad938d13498b583652cc00d76474395
2026-06-22 10:46:13 [http-nio-8761-exec-8] WARN  c.n.e.resources.InstanceResource - Not Found (Renew): API-GATEWAY - api-gateway:4ad938d13498b583652cc00d76474395
2026-06-22 10:46:13 [http-nio-8761-exec-9] INFO  c.n.e.r.AbstractInstanceRegistry - Registered instance API-GATEWAY/api-gateway:4ad938d13498b583652cc00d76474395 with status UP (replication=false)
2026-06-22 10:46:14 [http-nio-8761-exec-10] WARN  c.n.e.r.AbstractInstanceRegistry - DS: Registry: lease doesn't exist, registering resource: NOTIFICATION-SERVICE - notification-service:ab4fc2483693c70b2822f3aebbeb789f
2026-06-22 10:46:14 [http-nio-8761-exec-10] WARN  c.n.e.resources.InstanceResource - Not Found (Renew): NOTIFICATION-SERVICE - notification-service:ab4fc2483693c70b2822f3aebbeb789f
2026-06-22 10:46:14 [http-nio-8761-exec-1] INFO  c.n.e.r.AbstractInstanceRegistry - Registered instance NOTIFICATION-SERVICE/notification-service:ab4fc2483693c70b2822f3aebbeb789f with status UP (replication=false)
2026-06-22 10:46:15 [http-nio-8761-exec-4] WARN  c.n.e.r.AbstractInstanceRegistry - DS: Registry: lease doesn't exist, registering resource: CONFIG-SERVER - config-server:c6eb0a69fbb6f88e5f180ebbd835049d
2026-06-22 10:46:15 [http-nio-8761-exec-4] WARN  c.n.e.resources.InstanceResource - Not Found (Renew): CONFIG-SERVER - config-server:c6eb0a69fbb6f88e5f180ebbd835049d
2026-06-22 10:46:15 [http-nio-8761-exec-5] INFO  c.n.e.r.AbstractInstanceRegistry - Registered instance CONFIG-SERVER/config-server:c6eb0a69fbb6f88e5f180ebbd835049d with status UP (replication=false)
2026-06-22 10:46:16 [http-nio-8761-exec-7] WARN  c.n.e.r.AbstractInstanceRegistry - DS: Registry: lease doesn't exist, registering resource: ORDER-SERVICE - order-service:774d27ef06816bce6acf0a3559827077
2026-06-22 10:46:16 [http-nio-8761-exec-7] WARN  c.n.e.resources.InstanceResource - Not Found (Renew): ORDER-SERVICE - order-service:774d27ef06816bce6acf0a3559827077
2026-06-22 10:46:16 [http-nio-8761-exec-9] INFO  c.n.e.r.AbstractInstanceRegistry - Registered instance ORDER-SERVICE/order-service:774d27ef06816bce6acf0a3559827077 with status UP (replication=false)
2026-06-22 10:46:17 [Eureka-EvictionTimer] INFO  c.n.e.r.AbstractInstanceRegistry - Running the evict task with compensationTime 0ms
2026-06-22 10:46:20 [http-nio-8761-exec-1] WARN  o.s.web.servlet.PageNotFound - No mapping for GET /actuator/prometheus
2026-06-22 10:46:20 [http-nio-8761-exec-1] WARN  o.s.web.servlet.PageNotFound - No endpoint GET /actuator/prometheus.
2026-06-22 10:46:21 [http-nio-8761-exec-8] WARN  o.s.web.servlet.PageNotFound - No mapping for GET /eureka/css/wro.css
2026-06-22 10:46:21 [http-nio-8761-exec-8] WARN  o.s.web.servlet.PageNotFound - No endpoint GET /eureka/css/wro.css.
2026-06-22 10:46:21 [http-nio-8761-exec-7] WARN  o.s.web.servlet.PageNotFound - No mapping for GET /eureka/js/wro.js
2026-06-22 10:46:21 [http-nio-8761-exec-7] WARN  o.s.web.servlet.PageNotFound - No endpoint GET /eureka/js/wro.js.
2026-06-22 10:46:22 [http-nio-8761-exec-2] WARN  o.s.web.servlet.PageNotFound - No mapping for GET /eureka/css/wro.css
2026-06-22 10:46:22 [http-nio-8761-exec-2] WARN  o.s.web.servlet.PageNotFound - No endpoint GET /eureka/css/wro.css.
2026-06-22 10:46:22 [http-nio-8761-exec-10] WARN  o.s.web.servlet.PageNotFound - No mapping for GET /eureka/js/wro.js
2026-06-22 10:46:22 [http-nio-8761-exec-10] WARN  o.s.web.servlet.PageNotFound - No endpoint GET /eureka/js/wro.js.
2026-06-22 10:46:27 [Eureka-EvictionTimer] INFO  c.n.e.r.AbstractInstanceRegistry - Running the evict task with compensationTime 0ms
2026-06-22 10:46:35 [http-nio-8761-exec-10] WARN  o.s.web.servlet.PageNotFound - No mapping for GET /actuator/prometheus
2026-06-22 10:46:35 [http-nio-8761-exec-10] WARN  o.s.web.servlet.PageNotFound - No endpoint GET /actuator/prometheus.
2026-06-22 10:46:37 [Eureka-EvictionTimer] INFO  c.n.e.r.AbstractInstanceRegistry - Running the evict task with compensationTime 11ms
2026-06-22 10:46:38 [http-nio-8761-exec-5] WARN  o.s.web.servlet.PageNotFound - No mapping for GET /actuator/prometheus
2026-06-22 10:46:38 [http-nio-8761-exec-5] WARN  o.s.web.servlet.PageNotFound - No endpoint GET /actuator/prometheus.
2026-06-22 10:46:47 [Eureka-EvictionTimer] INFO  c.n.e.r.AbstractInstanceRegistry - Running the evict task with compensationTime 12ms
2026-06-22 10:46:50 [http-nio-8761-exec-3] WARN  o.s.web.servlet.PageNotFound - No mapping for GET /actuator/prometheus
2026-06-22 10:46:50 [http-nio-8761-exec-3] WARN  o.s.web.servlet.PageNotFound - No endpoint GET /actuator/prometheus.
2026-06-22 10:46:57 [Eureka-EvictionTimer] INFO  c.n.e.r.AbstractInstanceRegistry - Running the evict task with compensationTime 7ms
2026-06-22 10:47:05 [http-nio-8761-exec-4] WARN  o.s.web.servlet.PageNotFound - No mapping for GET /actuator/prometheus
2026-06-22 10:47:05 [http-nio-8761-exec-4] WARN  o.s.web.servlet.PageNotFound - No endpoint GET /actuator/prometheus.
2026-06-22 10:47:07 [Eureka-EvictionTimer] INFO  c.n.e.r.AbstractInstanceRegistry - Running the evict task with compensationTime 3ms
2026-06-22 10:47:17 [Eureka-EvictionTimer] INFO  c.n.e.r.AbstractInstanceRegistry - Running the evict task with compensationTime 0ms
2026-06-22 10:47:20 [http-nio-8761-exec-4] WARN  o.s.web.servlet.PageNotFound - No mapping for GET /actuator/prometheus
2026-06-22 10:47:20 [http-nio-8761-exec-4] WARN  o.s.web.servlet.PageNotFound - No endpoint GET /actuator/prometheus.
2026-06-22 10:47:27 [Eureka-EvictionTimer] INFO  c.n.e.r.AbstractInstanceRegistry - Running the evict task with compensationTime 0ms
2026-06-22 10:47:35 [http-nio-8761-exec-8] WARN  o.s.web.servlet.PageNotFound - No mapping for GET /actuator/prometheus
2026-06-22 10:47:35 [http-nio-8761-exec-8] WARN  o.s.web.servlet.PageNotFound - No endpoint GET /actuator/prometheus.
2026-06-22 10:47:37 [Eureka-EvictionTimer] INFO  c.n.e.r.AbstractInstanceRegistry - Running the evict task with compensationTime 7ms
2026-06-22 10:47:47 [Eureka-EvictionTimer] INFO  c.n.e.r.AbstractInstanceRegistry - Running the evict task with compensationTime 0ms
2026-06-22 10:47:50 [http-nio-8761-exec-9] WARN  o.s.web.servlet.PageNotFound - No mapping for GET /actuator/prometheus
2026-06-22 10:47:50 [http-nio-8761-exec-9] WARN  o.s.web.servlet.PageNotFound - No endpoint GET /actuator/prometheus.
2026-06-22 10:47:57 [Eureka-EvictionTimer] INFO  c.n.e.r.AbstractInstanceRegistry - Running the evict task with compensationTime 1ms
2026-06-22 10:48:05 [http-nio-8761-exec-2] WARN  o.s.web.servlet.PageNotFound - No mapping for GET /actuator/prometheus
2026-06-22 10:48:05 [http-nio-8761-exec-2] WARN  o.s.web.servlet.PageNotFound - No endpoint GET /actuator/prometheus.
2026-06-22 10:48:07 [Eureka-EvictionTimer] INFO  c.n.e.r.AbstractInstanceRegistry - Running the evict task with compensationTime 7ms
2026-06-22 10:48:17 [Eureka-EvictionTimer] INFO  c.n.e.r.AbstractInstanceRegistry - Running the evict task with compensationTime 3ms
2026-06-22 10:48:20 [http-nio-8761-exec-1] WARN  o.s.web.servlet.PageNotFound - No mapping for GET /actuator/prometheus
2026-06-22 10:48:20 [http-nio-8761-exec-1] WARN  o.s.web.servlet.PageNotFound - No endpoint GET /actuator/prometheus.
2026-06-22 10:48:27 [Eureka-EvictionTimer] INFO  c.n.e.r.AbstractInstanceRegistry - Running the evict task with compensationTime 14ms
2026-06-22 10:48:35 [http-nio-8761-exec-4] WARN  o.s.web.servlet.PageNotFound - No mapping for GET /actuator/prometheus
2026-06-22 10:48:35 [http-nio-8761-exec-4] WARN  o.s.web.servlet.PageNotFound - No endpoint GET /actuator/prometheus.
2026-06-22 10:48:37 [Eureka-EvictionTimer] INFO  c.n.e.r.AbstractInstanceRegistry - Running the evict task with compensationTime 2ms
2026-06-22 10:48:47 [Eureka-EvictionTimer] INFO  c.n.e.r.AbstractInstanceRegistry - Running the evict task with compensationTime 13ms
2026-06-22 10:48:50 [http-nio-8761-exec-4] WARN  o.s.web.servlet.PageNotFound - No mapping for GET /actuator/prometheus
2026-06-22 10:48:50 [http-nio-8761-exec-4] WARN  o.s.web.servlet.PageNotFound - No endpoint GET /actuator/prometheus.
2026-06-22 10:48:57 [Eureka-EvictionTimer] INFO  c.n.e.r.AbstractInstanceRegistry - Running the evict task with compensationTime 8ms
2026-06-22 10:49:05 [http-nio-8761-exec-8] WARN  o.s.web.servlet.PageNotFound - No mapping for GET /actuator/prometheus
2026-06-22 10:49:05 [http-nio-8761-exec-8] WARN  o.s.web.servlet.PageNotFound - No endpoint GET /actuator/prometheus.
2026-06-22 10:49:07 [Eureka-EvictionTimer] INFO  c.n.e.r.AbstractInstanceRegistry - Running the evict task with compensationTime 0ms
2026-06-22 10:49:17 [Eureka-EvictionTimer] INFO  c.n.e.r.AbstractInstanceRegistry - Running the evict task with compensationTime 0ms
2026-06-22 10:49:20 [http-nio-8761-exec-7] WARN  o.s.web.servlet.PageNotFound - No mapping for GET /actuator/prometheus
2026-06-22 10:49:20 [http-nio-8761-exec-7] WARN  o.s.web.servlet.PageNotFound - No endpoint GET /actuator/prometheus.
2026-06-22 10:49:27 [Eureka-EvictionTimer] INFO  c.n.e.r.AbstractInstanceRegistry - Running the evict task with compensationTime 0ms
2026-06-22 10:49:35 [http-nio-8761-exec-2] WARN  o.s.web.servlet.PageNotFound - No mapping for GET /actuator/prometheus
2026-06-22 10:49:35 [http-nio-8761-exec-2] WARN  o.s.web.servlet.PageNotFound - No endpoint GET /actuator/prometheus.
2026-06-22 10:49:37 [Eureka-EvictionTimer] INFO  c.n.e.r.AbstractInstanceRegistry - Running the evict task with compensationTime 8ms
2026-06-22 10:49:47 [Eureka-EvictionTimer] INFO  c.n.e.r.AbstractInstanceRegistry - Running the evict task with compensationTime 7ms
2026-06-22 10:49:50 [http-nio-8761-exec-2] WARN  o.s.web.servlet.PageNotFound - No mapping for GET /actuator/prometheus
2026-06-22 10:49:50 [http-nio-8761-exec-2] WARN  o.s.web.servlet.PageNotFound - No endpoint GET /actuator/prometheus.
2026-06-22 10:49:57 [Eureka-EvictionTimer] INFO  c.n.e.r.AbstractInstanceRegistry - Running the evict task with compensationTime 0ms
2026-06-22 10:50:05 [http-nio-8761-exec-10] WARN  o.s.web.servlet.PageNotFound - No mapping for GET /actuator/prometheus
2026-06-22 10:50:05 [http-nio-8761-exec-10] WARN  o.s.web.servlet.PageNotFound - No endpoint GET /actuator/prometheus.
2026-06-22 10:50:07 [Eureka-EvictionTimer] INFO  c.n.e.r.AbstractInstanceRegistry - Running the evict task with compensationTime 0ms
2026-06-22 10:50:17 [Eureka-EvictionTimer] INFO  c.n.e.r.AbstractInstanceRegistry - Running the evict task with compensationTime 13ms
2026-06-22 10:50:20 [http-nio-8761-exec-1] WARN  o.s.web.servlet.PageNotFound - No mapping for GET /actuator/prometheus
2026-06-22 10:50:20 [http-nio-8761-exec-1] WARN  o.s.web.servlet.PageNotFound - No endpoint GET /actuator/prometheus.
2026-06-22 10:50:27 [Eureka-EvictionTimer] INFO  c.n.e.r.AbstractInstanceRegistry - Running the evict task with compensationTime 0ms
2026-06-22 10:50:35 [http-nio-8761-exec-4] WARN  o.s.web.servlet.PageNotFound - No mapping for GET /actuator/prometheus
2026-06-22 10:50:35 [http-nio-8761-exec-4] WARN  o.s.web.servlet.PageNotFound - No endpoint GET /actuator/prometheus.
2026-06-22 10:50:37 [Eureka-EvictionTimer] INFO  c.n.e.r.AbstractInstanceRegistry - Running the evict task with compensationTime 8ms
2026-06-22 10:50:47 [Eureka-EvictionTimer] INFO  c.n.e.r.AbstractInstanceRegistry - Running the evict task with compensationTime 14ms
2026-06-22 10:50:50 [http-nio-8761-exec-4] WARN  o.s.web.servlet.PageNotFound - No mapping for GET /actuator/prometheus
2026-06-22 10:50:50 [http-nio-8761-exec-4] WARN  o.s.web.servlet.PageNotFound - No endpoint GET /actuator/prometheus.
2026-06-22 10:50:57 [Eureka-EvictionTimer] INFO  c.n.e.r.AbstractInstanceRegistry - Running the evict task with compensationTime 9ms
2026-06-22 10:51:05 [http-nio-8761-exec-6] WARN  o.s.web.servlet.PageNotFound - No mapping for GET /actuator/prometheus
2026-06-22 10:51:05 [http-nio-8761-exec-6] WARN  o.s.web.servlet.PageNotFound - No endpoint GET /actuator/prometheus.
2026-06-22 10:51:07 [Eureka-EvictionTimer] INFO  c.n.e.r.AbstractInstanceRegistry - Running the evict task with compensationTime 8ms
2026-06-22 10:51:17 [Eureka-EvictionTimer] INFO  c.n.e.r.AbstractInstanceRegistry - Running the evict task with compensationTime 1ms
2026-06-22 10:51:20 [http-nio-8761-exec-6] WARN  o.s.web.servlet.PageNotFound - No mapping for GET /actuator/prometheus
2026-06-22 10:51:20 [http-nio-8761-exec-6] WARN  o.s.web.servlet.PageNotFound - No endpoint GET /actuator/prometheus.
2026-06-22 10:51:27 [Eureka-EvictionTimer] INFO  c.n.e.r.AbstractInstanceRegistry - Running the evict task with compensationTime 4ms
2026-06-22 10:51:35 [http-nio-8761-exec-2] WARN  o.s.web.servlet.PageNotFound - No mapping for GET /actuator/prometheus
2026-06-22 10:51:35 [http-nio-8761-exec-2] WARN  o.s.web.servlet.PageNotFound - No endpoint GET /actuator/prometheus.
2026-06-22 10:51:37 [Eureka-EvictionTimer] INFO  c.n.e.r.AbstractInstanceRegistry - Running the evict task with compensationTime 0ms
2026-06-22 10:51:47 [Eureka-EvictionTimer] INFO  c.n.e.r.AbstractInstanceRegistry - Running the evict task with compensationTime 0ms
2026-06-22 10:51:50 [http-nio-8761-exec-2] WARN  o.s.web.servlet.PageNotFound - No mapping for GET /actuator/prometheus
2026-06-22 10:51:50 [http-nio-8761-exec-2] WARN  o.s.web.servlet.PageNotFound - No endpoint GET /actuator/prometheus.
2026-06-22 10:51:57 [Eureka-EvictionTimer] INFO  c.n.e.r.AbstractInstanceRegistry - Running the evict task with compensationTime 2ms
2026-06-22 10:52:05 [http-nio-8761-exec-10] WARN  o.s.web.servlet.PageNotFound - No mapping for GET /actuator/prometheus
2026-06-22 10:52:05 [http-nio-8761-exec-10] WARN  o.s.web.servlet.PageNotFound - No endpoint GET /actuator/prometheus.
2026-06-22 10:52:07 [Eureka-EvictionTimer] INFO  c.n.e.r.AbstractInstanceRegistry - Running the evict task with compensationTime 4ms
2026-06-22 10:52:17 [Eureka-EvictionTimer] INFO  c.n.e.r.AbstractInstanceRegistry - Running the evict task with compensationTime 4ms
2026-06-22 10:52:20 [http-nio-8761-exec-10] WARN  o.s.web.servlet.PageNotFound - No mapping for GET /actuator/prometheus
2026-06-22 10:52:20 [http-nio-8761-exec-10] WARN  o.s.web.servlet.PageNotFound - No endpoint GET /actuator/prometheus.
2026-06-22 10:52:27 [Eureka-EvictionTimer] INFO  c.n.e.r.AbstractInstanceRegistry - Running the evict task with compensationTime 3ms
2026-06-22 10:52:35 [http-nio-8761-exec-3] WARN  o.s.web.servlet.PageNotFound - No mapping for GET /actuator/prometheus
2026-06-22 10:52:35 [http-nio-8761-exec-3] WARN  o.s.web.servlet.PageNotFound - No endpoint GET /actuator/prometheus.
2026-06-22 10:52:37 [Eureka-EvictionTimer] INFO  c.n.e.r.AbstractInstanceRegistry - Running the evict task with compensationTime 1ms
2026-06-22 10:52:47 [Eureka-EvictionTimer] INFO  c.n.e.r.AbstractInstanceRegistry - Running the evict task with compensationTime 3ms
2026-06-22 10:52:50 [http-nio-8761-exec-5] WARN  o.s.web.servlet.PageNotFound - No mapping for GET /actuator/prometheus
2026-06-22 10:52:50 [http-nio-8761-exec-5] WARN  o.s.web.servlet.PageNotFound - No endpoint GET /actuator/prometheus.
2026-06-22 10:52:57 [Eureka-EvictionTimer] INFO  c.n.e.r.AbstractInstanceRegistry - Running the evict task with compensationTime 0ms
2026-06-22 10:53:05 [http-nio-8761-exec-10] WARN  o.s.web.servlet.PageNotFound - No mapping for GET /actuator/prometheus
2026-06-22 10:53:05 [http-nio-8761-exec-10] WARN  o.s.web.servlet.PageNotFound - No endpoint GET /actuator/prometheus.
2026-06-22 10:53:07 [Eureka-EvictionTimer] INFO  c.n.e.r.AbstractInstanceRegistry - Running the evict task with compensationTime 0ms
2026-06-22 10:53:17 [Eureka-EvictionTimer] INFO  c.n.e.r.AbstractInstanceRegistry - Running the evict task with compensationTime 0ms
2026-06-22 10:53:17 [Eureka-EvictionTimer] INFO  c.n.e.r.AbstractInstanceRegistry - Evicting 1 items (expired=1, evictionLimit=2)
2026-06-22 10:53:17 [Eureka-EvictionTimer] WARN  c.n.e.r.AbstractInstanceRegistry - DS: Registry: expired lease for CONFIG-SERVER/config-server:c6eb0a69fbb6f88e5f180ebbd835049d
2026-06-22 10:53:17 [Eureka-EvictionTimer] INFO  c.n.e.r.AbstractInstanceRegistry - Cancelled instance CONFIG-SERVER/config-server:c6eb0a69fbb6f88e5f180ebbd835049d (replication=false)
2026-06-22 10:53:20 [http-nio-8761-exec-5] WARN  o.s.web.servlet.PageNotFound - No mapping for GET /actuator/prometheus
2026-06-22 10:53:20 [http-nio-8761-exec-5] WARN  o.s.web.servlet.PageNotFound - No endpoint GET /actuator/prometheus.
2026-06-22 10:53:27 [Eureka-EvictionTimer] INFO  c.n.e.r.AbstractInstanceRegistry - Running the evict task with compensationTime 0ms
2026-06-22 10:53:35 [http-nio-8761-exec-1] WARN  o.s.web.servlet.PageNotFound - No mapping for GET /actuator/prometheus
2026-06-22 10:53:35 [http-nio-8761-exec-1] WARN  o.s.web.servlet.PageNotFound - No endpoint GET /actuator/prometheus.
2026-06-22 10:53:37 [Eureka-EvictionTimer] INFO  c.n.e.r.AbstractInstanceRegistry - Running the evict task with compensationTime 0ms
2026-06-22 10:53:47 [Eureka-EvictionTimer] INFO  c.n.e.r.AbstractInstanceRegistry - Running the evict task with compensationTime 3ms
2026-06-22 10:53:50 [http-nio-8761-exec-6] WARN  o.s.web.servlet.PageNotFound - No mapping for GET /actuator/prometheus
2026-06-22 10:53:50 [http-nio-8761-exec-6] WARN  o.s.web.servlet.PageNotFound - No endpoint GET /actuator/prometheus.
2026-06-22 10:53:57 [Eureka-EvictionTimer] INFO  c.n.e.r.AbstractInstanceRegistry - Running the evict task with compensationTime 0ms
2026-06-22 10:54:05 [http-nio-8761-exec-9] WARN  o.s.web.servlet.PageNotFound - No mapping for GET /actuator/prometheus
2026-06-22 10:54:05 [http-nio-8761-exec-9] WARN  o.s.web.servlet.PageNotFound - No endpoint GET /actuator/prometheus.
2026-06-22 10:54:07 [Eureka-EvictionTimer] INFO  c.n.e.r.AbstractInstanceRegistry - Running the evict task with compensationTime 12ms
2026-06-22 10:54:17 [Eureka-EvictionTimer] INFO  c.n.e.r.AbstractInstanceRegistry - Running the evict task with compensationTime 7ms
2026-06-22 10:54:20 [http-nio-8761-exec-8] WARN  o.s.web.servlet.PageNotFound - No mapping for GET /actuator/prometheus
2026-06-22 10:54:20 [http-nio-8761-exec-8] WARN  o.s.web.servlet.PageNotFound - No endpoint GET /actuator/prometheus.
2026-06-22 10:54:27 [Eureka-EvictionTimer] INFO  c.n.e.r.AbstractInstanceRegistry - Running the evict task with compensationTime 13ms
2026-06-22 10:54:35 [http-nio-8761-exec-2] WARN  o.s.web.servlet.PageNotFound - No mapping for GET /actuator/prometheus
2026-06-22 10:54:35 [http-nio-8761-exec-2] WARN  o.s.web.servlet.PageNotFound - No endpoint GET /actuator/prometheus.
2026-06-22 10:54:37 [Eureka-EvictionTimer] INFO  c.n.e.r.AbstractInstanceRegistry - Running the evict task with compensationTime 11ms
2026-06-22 10:54:47 [Eureka-EvictionTimer] INFO  c.n.e.r.AbstractInstanceRegistry - Running the evict task with compensationTime 10ms
2026-06-22 10:54:50 [http-nio-8761-exec-4] WARN  o.s.web.servlet.PageNotFound - No mapping for GET /actuator/prometheus
2026-06-22 10:54:50 [http-nio-8761-exec-4] WARN  o.s.web.servlet.PageNotFound - No endpoint GET /actuator/prometheus.
2026-06-22 10:54:57 [Eureka-EvictionTimer] INFO  c.n.e.r.AbstractInstanceRegistry - Running the evict task with compensationTime 15ms
2026-06-22 10:55:05 [http-nio-8761-exec-4] WARN  o.s.web.servlet.PageNotFound - No mapping for GET /actuator/prometheus
2026-06-22 10:55:05 [http-nio-8761-exec-4] WARN  o.s.web.servlet.PageNotFound - No endpoint GET /actuator/prometheus.
2026-06-22 10:55:07 [Eureka-EvictionTimer] INFO  c.n.e.r.AbstractInstanceRegistry - Running the evict task with compensationTime 13ms
2026-06-22 10:55:17 [Eureka-EvictionTimer] INFO  c.n.e.r.AbstractInstanceRegistry - Running the evict task with compensationTime 3ms
2026-06-22 10:55:20 [http-nio-8761-exec-3] WARN  o.s.web.servlet.PageNotFound - No mapping for GET /actuator/prometheus
2026-06-22 10:55:20 [http-nio-8761-exec-3] WARN  o.s.web.servlet.PageNotFound - No endpoint GET /actuator/prometheus.
2026-06-22 10:55:27 [Eureka-EvictionTimer] INFO  c.n.e.r.AbstractInstanceRegistry - Running the evict task with compensationTime 5ms
2026-06-22 10:55:28 [http-nio-8761-exec-4] INFO  c.n.e.r.AbstractInstanceRegistry - Registered instance CONFIG-SERVER/config-server:f12f707d9766fb727f786e8df848db96 with status UP (replication=false)
2026-06-22 10:55:35 [http-nio-8761-exec-9] WARN  o.s.web.servlet.PageNotFound - No mapping for GET /actuator/prometheus
2026-06-22 10:55:35 [http-nio-8761-exec-9] WARN  o.s.web.servlet.PageNotFound - No endpoint GET /actuator/prometheus.
2026-06-22 10:55:37 [Eureka-EvictionTimer] INFO  c.n.e.r.AbstractInstanceRegistry - Running the evict task with compensationTime 9ms
2026-06-22 10:55:47 [Eureka-EvictionTimer] INFO  c.n.e.r.AbstractInstanceRegistry - Running the evict task with compensationTime 3ms
2026-06-22 10:55:50 [http-nio-8761-exec-10] WARN  o.s.web.servlet.PageNotFound - No mapping for GET /actuator/prometheus
2026-06-22 10:55:50 [http-nio-8761-exec-10] WARN  o.s.web.servlet.PageNotFound - No endpoint GET /actuator/prometheus.
2026-06-22 10:55:51 [http-nio-8761-exec-7] WARN  o.s.web.servlet.PageNotFound - No mapping for GET /eureka/css/wro.css
2026-06-22 10:55:51 [http-nio-8761-exec-7] WARN  o.s.web.servlet.PageNotFound - No endpoint GET /eureka/css/wro.css.
2026-06-22 10:55:51 [http-nio-8761-exec-4] WARN  o.s.web.servlet.PageNotFound - No mapping for GET /eureka/js/wro.js
2026-06-22 10:55:51 [http-nio-8761-exec-4] WARN  o.s.web.servlet.PageNotFound - No endpoint GET /eureka/js/wro.js.
2026-06-22 10:55:52 [http-nio-8761-exec-9] WARN  o.s.web.servlet.PageNotFound - No mapping for GET /eureka/css/wro.css
2026-06-22 10:55:52 [http-nio-8761-exec-9] WARN  o.s.web.servlet.PageNotFound - No endpoint GET /eureka/css/wro.css.
2026-06-22 10:55:52 [http-nio-8761-exec-2] WARN  o.s.web.servlet.PageNotFound - No mapping for GET /eureka/js/wro.js
2026-06-22 10:55:52 [http-nio-8761-exec-2] WARN  o.s.web.servlet.PageNotFound - No endpoint GET /eureka/js/wro.js.
2026-06-22 10:55:52 [http-nio-8761-exec-5] WARN  o.s.web.servlet.PageNotFound - No mapping for GET /eureka/css/wro.css
2026-06-22 10:55:52 [http-nio-8761-exec-10] WARN  o.s.web.servlet.PageNotFound - No mapping for GET /eureka/js/wro.js
2026-06-22 10:55:52 [http-nio-8761-exec-5] WARN  o.s.web.servlet.PageNotFound - No endpoint GET /eureka/css/wro.css.
2026-06-22 10:55:52 [http-nio-8761-exec-10] WARN  o.s.web.servlet.PageNotFound - No endpoint GET /eureka/js/wro.js.
2026-06-22 10:55:52 [http-nio-8761-exec-4] WARN  o.s.web.servlet.PageNotFound - No mapping for GET /eureka/js/wro.js
2026-06-22 10:55:52 [http-nio-8761-exec-3] WARN  o.s.web.servlet.PageNotFound - No mapping for GET /eureka/css/wro.css
2026-06-22 10:55:52 [http-nio-8761-exec-4] WARN  o.s.web.servlet.PageNotFound - No endpoint GET /eureka/js/wro.js.
2026-06-22 10:55:52 [http-nio-8761-exec-3] WARN  o.s.web.servlet.PageNotFound - No endpoint GET /eureka/css/wro.css.
2026-06-22 10:55:52 [http-nio-8761-exec-8] WARN  o.s.web.servlet.PageNotFound - No mapping for GET /eureka/css/wro.css
2026-06-22 10:55:52 [http-nio-8761-exec-9] WARN  o.s.web.servlet.PageNotFound - No mapping for GET /eureka/js/wro.js
2026-06-22 10:55:52 [http-nio-8761-exec-8] WARN  o.s.web.servlet.PageNotFound - No endpoint GET /eureka/css/wro.css.
2026-06-22 10:55:52 [http-nio-8761-exec-9] WARN  o.s.web.servlet.PageNotFound - No endpoint GET /eureka/js/wro.js.
2026-06-22 10:55:52 [http-nio-8761-exec-5] WARN  o.s.web.servlet.PageNotFound - No mapping for GET /eureka/js/wro.js
2026-06-22 10:55:52 [http-nio-8761-exec-10] WARN  o.s.web.servlet.PageNotFound - No mapping for GET /eureka/css/wro.css
2026-06-22 10:55:52 [http-nio-8761-exec-5] WARN  o.s.web.servlet.PageNotFound - No endpoint GET /eureka/js/wro.js.
2026-06-22 10:55:52 [http-nio-8761-exec-10] WARN  o.s.web.servlet.PageNotFound - No endpoint GET /eureka/css/wro.css.
2026-06-22 10:55:53 [http-nio-8761-exec-7] WARN  o.s.web.servlet.PageNotFound - No mapping for GET /eureka/js/wro.js
2026-06-22 10:55:53 [http-nio-8761-exec-4] WARN  o.s.web.servlet.PageNotFound - No mapping for GET /eureka/css/wro.css
2026-06-22 10:55:53 [http-nio-8761-exec-7] WARN  o.s.web.servlet.PageNotFound - No endpoint GET /eureka/js/wro.js.
2026-06-22 10:55:53 [http-nio-8761-exec-4] WARN  o.s.web.servlet.PageNotFound - No endpoint GET /eureka/css/wro.css.
2026-06-22 10:55:53 [http-nio-8761-exec-8] WARN  o.s.web.servlet.PageNotFound - No mapping for GET /eureka/css/wro.css
2026-06-22 10:55:53 [http-nio-8761-exec-2] WARN  o.s.web.servlet.PageNotFound - No mapping for GET /eureka/js/wro.js
2026-06-22 10:55:53 [http-nio-8761-exec-8] WARN  o.s.web.servlet.PageNotFound - No endpoint GET /eureka/css/wro.css.
2026-06-22 10:55:53 [http-nio-8761-exec-2] WARN  o.s.web.servlet.PageNotFound - No endpoint GET /eureka/js/wro.js.
2026-06-22 10:55:53 [http-nio-8761-exec-5] WARN  o.s.web.servlet.PageNotFound - No mapping for GET /eureka/css/wro.css
2026-06-22 10:55:53 [http-nio-8761-exec-10] WARN  o.s.web.servlet.PageNotFound - No mapping for GET /eureka/js/wro.js
2026-06-22 10:55:53 [http-nio-8761-exec-10] WARN  o.s.web.servlet.PageNotFound - No endpoint GET /eureka/js/wro.js.
2026-06-22 10:55:53 [http-nio-8761-exec-5] WARN  o.s.web.servlet.PageNotFound - No endpoint GET /eureka/css/wro.css.
2026-06-22 10:55:57 [Eureka-EvictionTimer] INFO  c.n.e.r.AbstractInstanceRegistry - Running the evict task with compensationTime 15ms
2026-06-22 10:56:05 [http-nio-8761-exec-10] WARN  o.s.web.servlet.PageNotFound - No mapping for GET /actuator/prometheus
2026-06-22 10:56:05 [http-nio-8761-exec-10] WARN  o.s.web.servlet.PageNotFound - No endpoint GET /actuator/prometheus.
2026-06-22 10:56:07 [Eureka-PeerNodesUpdater] WARN  c.n.eureka.cluster.PeerEurekaNodes - The replica size seems to be empty. Check the route 53 DNS Registry
2026-06-22 10:56:07 [Eureka-EvictionTimer] INFO  c.n.e.r.AbstractInstanceRegistry - Running the evict task with compensationTime 2ms
2026-06-22 10:56:17 [Eureka-EvictionTimer] INFO  c.n.e.r.AbstractInstanceRegistry - Running the evict task with compensationTime 0ms
2026-06-22 10:56:20 [http-nio-8761-exec-10] WARN  o.s.web.servlet.PageNotFound - No mapping for GET /actuator/prometheus
2026-06-22 10:56:20 [http-nio-8761-exec-10] WARN  o.s.web.servlet.PageNotFound - No endpoint GET /actuator/prometheus.
2026-06-22 10:56:27 [Eureka-EvictionTimer] INFO  c.n.e.r.AbstractInstanceRegistry - Running the evict task with compensationTime 10ms
2026-06-22 10:56:35 [http-nio-8761-exec-1] WARN  o.s.web.servlet.PageNotFound - No mapping for GET /actuator/prometheus
2026-06-22 10:56:35 [http-nio-8761-exec-1] WARN  o.s.web.servlet.PageNotFound - No endpoint GET /actuator/prometheus.
2026-06-22 10:56:37 [Eureka-EvictionTimer] INFO  c.n.e.r.AbstractInstanceRegistry - Running the evict task with compensationTime 0ms
2026-06-22 10:56:38 [SpringApplicationShutdownHook] INFO  o.s.c.n.e.s.EurekaServiceRegistry - Unregistering application EUREKA-SERVER with eureka with status DOWN
2026-06-22 10:56:38 [SpringApplicationShutdownHook] INFO  o.s.c.n.e.s.EurekaServerBootstrap - Shutting down Eureka Server..
2026-06-22 10:56:38 [SpringApplicationShutdownHook] INFO  c.n.e.DefaultEurekaServerContext - Shutting down ...
2026-06-22 10:56:38 [SpringApplicationShutdownHook] INFO  c.n.e.DefaultEurekaServerContext - Shut down
2026-06-22 10:56:38 [SpringApplicationShutdownHook] INFO  o.s.c.n.e.s.EurekaServerBootstrap - Eureka Service is now shutdown...
2026-06-22 10:56:38 [SpringApplicationShutdownHook] INFO  c.n.e.DefaultEurekaServerContext - Shutting down ...
2026-06-22 10:56:38 [SpringApplicationShutdownHook] INFO  c.n.e.DefaultEurekaServerContext - Shut down
2026-06-22 10:56:38 [SpringApplicationShutdownHook] INFO  c.netflix.discovery.DiscoveryClient - Shutting down DiscoveryClient ...
2026-06-22 10:56:38 [SpringApplicationShutdownHook] INFO  c.netflix.discovery.DiscoveryClient - Completed shut down of DiscoveryClient
2026-06-22 10:57:59 [main] INFO  c.f.eureka.EurekaServerApplication - Starting EurekaServerApplication using Java 17.0.18 with PID 8264 (C:\Users\avilakad\OneDrive - Publicis Groupe\Documents\Food-Delivery-main\eureka-server\target\eureka-server-1.0.0.jar started by avilakad in C:\Users\avilakad\OneDrive - Publicis Groupe\Documents\Food-Delivery-main\eureka-server)
2026-06-22 10:57:59 [main] DEBUG c.f.eureka.EurekaServerApplication - Running with Spring Boot v3.2.0, Spring v6.1.1
2026-06-22 10:57:59 [main] INFO  c.f.eureka.EurekaServerApplication - No active profile set, falling back to 1 default profile: "default"
2026-06-22 10:57:59 [main] INFO  o.s.c.c.c.ConfigServerConfigDataLoader - Fetching config from server at : http://localhost:8888
2026-06-22 10:57:59 [main] INFO  o.s.c.c.c.ConfigServerConfigDataLoader - Located environment: name=eureka-server, profiles=[default], label=null, version=b0b2bbdb6b6c86c992b2abfd6ea7ee8a314f0ebf, state=null
2026-06-22 10:58:01 [main] INFO  o.s.cloud.context.scope.GenericScope - BeanFactory id=ee7a14c8-7d1e-3f45-957f-3045030fd761
2026-06-22 10:58:01 [main] WARN  o.s.c.s.PostProcessorRegistrationDelegate$BeanPostProcessorChecker - Bean 'org.springframework.cloud.client.loadbalancer.LoadBalancerAutoConfiguration$LoadBalancerInterceptorConfig' of type [org.springframework.cloud.client.loadbalancer.LoadBalancerAutoConfiguration$LoadBalancerInterceptorConfig] is not eligible for getting processed by all BeanPostProcessors (for example: not eligible for auto-proxying). The currently created BeanPostProcessor [lbRestClientPostProcessor] is declared through a non-static factory method on that class; consider declaring it as static instead.
2026-06-22 10:58:01 [main] WARN  o.s.c.s.PostProcessorRegistrationDelegate$BeanPostProcessorChecker - Bean 'org.springframework.cloud.loadbalancer.config.BlockingLoadBalancerClientAutoConfiguration' of type [org.springframework.cloud.loadbalancer.config.BlockingLoadBalancerClientAutoConfiguration] is not eligible for getting processed by all BeanPostProcessors (for example: not eligible for auto-proxying). Is this bean getting eagerly injected into a currently created BeanPostProcessor [lbRestClientPostProcessor]? Check the corresponding BeanPostProcessor declaration and its dependencies.
2026-06-22 10:58:01 [main] WARN  o.s.c.s.PostProcessorRegistrationDelegate$BeanPostProcessorChecker - Bean 'org.springframework.cloud.loadbalancer.config.LoadBalancerAutoConfiguration' of type [org.springframework.cloud.loadbalancer.config.LoadBalancerAutoConfiguration] is not eligible for getting processed by all BeanPostProcessors (for example: not eligible for auto-proxying). Is this bean getting eagerly injected into a currently created BeanPostProcessor [lbRestClientPostProcessor]? Check the corresponding BeanPostProcessor declaration and its dependencies.
2026-06-22 10:58:01 [main] WARN  o.s.c.s.PostProcessorRegistrationDelegate$BeanPostProcessorChecker - Bean 'org.springframework.cloud.commons.config.CommonsConfigAutoConfiguration' of type [org.springframework.cloud.commons.config.CommonsConfigAutoConfiguration] is not eligible for getting processed by all BeanPostProcessors (for example: not eligible for auto-proxying). Is this bean getting eagerly injected into a currently created BeanPostProcessor [lbRestClientPostProcessor]? Check the corresponding BeanPostProcessor declaration and its dependencies.
2026-06-22 10:58:01 [main] WARN  o.s.c.s.PostProcessorRegistrationDelegate$BeanPostProcessorChecker - Bean 'org.springframework.cloud.client.loadbalancer.LoadBalancerDefaultMappingsProviderAutoConfiguration' of type [org.springframework.cloud.client.loadbalancer.LoadBalancerDefaultMappingsProviderAutoConfiguration] is not eligible for getting processed by all BeanPostProcessors (for example: not eligible for auto-proxying). Is this bean getting eagerly injected into a currently created BeanPostProcessor [lbRestClientPostProcessor]? Check the corresponding BeanPostProcessor declaration and its dependencies.
2026-06-22 10:58:01 [main] WARN  o.s.c.s.PostProcessorRegistrationDelegate$BeanPostProcessorChecker - Bean 'loadBalancerClientsDefaultsMappingsProvider' of type [org.springframework.cloud.client.loadbalancer.LoadBalancerDefaultMappingsProviderAutoConfiguration$$Lambda$528/0x0000024dc93a2e50] is not eligible for getting processed by all BeanPostProcessors (for example: not eligible for auto-proxying). Is this bean getting eagerly injected into a currently created BeanPostProcessor [lbRestClientPostProcessor]? Check the corresponding BeanPostProcessor declaration and its dependencies.
2026-06-22 10:58:01 [main] WARN  o.s.c.s.PostProcessorRegistrationDelegate$BeanPostProcessorChecker - Bean 'defaultsBindHandlerAdvisor' of type [org.springframework.cloud.commons.config.DefaultsBindHandlerAdvisor] is not eligible for getting processed by all BeanPostProcessors (for example: not eligible for auto-proxying). Is this bean getting eagerly injected into a currently created BeanPostProcessor [lbRestClientPostProcessor]? Check the corresponding BeanPostProcessor declaration and its dependencies.
2026-06-22 10:58:02 [main] WARN  o.s.c.s.PostProcessorRegistrationDelegate$BeanPostProcessorChecker - Bean 'spring.cloud.loadbalancer-org.springframework.cloud.client.loadbalancer.LoadBalancerClientsProperties' of type [org.springframework.cloud.client.loadbalancer.LoadBalancerClientsProperties] is not eligible for getting processed by all BeanPostProcessors (for example: not eligible for auto-proxying). Is this bean getting eagerly injected into a currently created BeanPostProcessor [lbRestClientPostProcessor]? Check the corresponding BeanPostProcessor declaration and its dependencies.
2026-06-22 10:58:02 [main] WARN  o.s.c.s.PostProcessorRegistrationDelegate$BeanPostProcessorChecker - Bean 'default.org.springframework.cloud.loadbalancer.config.LoadBalancerAutoConfiguration.LoadBalancerClientSpecification' of type [org.springframework.cloud.loadbalancer.annotation.LoadBalancerClientSpecification] is not eligible for getting processed by all BeanPostProcessors (for example: not eligible for auto-proxying). Is this bean getting eagerly injected into a currently created BeanPostProcessor [lbRestClientPostProcessor]? Check the corresponding BeanPostProcessor declaration and its dependencies.
2026-06-22 10:58:02 [main] WARN  o.s.c.s.PostProcessorRegistrationDelegate$BeanPostProcessorChecker - Bean 'default.org.springframework.cloud.loadbalancer.config.BlockingLoadBalancerClientAutoConfiguration.LoadBalancerClientSpecification' of type [org.springframework.cloud.loadbalancer.annotation.LoadBalancerClientSpecification] is not eligible for getting processed by all BeanPostProcessors (for example: not eligible for auto-proxying). Is this bean getting eagerly injected into a currently created BeanPostProcessor [lbRestClientPostProcessor]? Check the corresponding BeanPostProcessor declaration and its dependencies.
2026-06-22 10:58:02 [main] WARN  o.s.c.s.PostProcessorRegistrationDelegate$BeanPostProcessorChecker - Bean 'default.org.springframework.cloud.netflix.eureka.loadbalancer.LoadBalancerEurekaAutoConfiguration.LoadBalancerClientSpecification' of type [org.springframework.cloud.loadbalancer.annotation.LoadBalancerClientSpecification] is not eligible for getting processed by all BeanPostProcessors (for example: not eligible for auto-proxying). Is this bean getting eagerly injected into a currently created BeanPostProcessor [lbRestClientPostProcessor]? Check the corresponding BeanPostProcessor declaration and its dependencies.
2026-06-22 10:58:02 [main] WARN  o.s.c.s.PostProcessorRegistrationDelegate$BeanPostProcessorChecker - Bean 'loadBalancerClientFactory' of type [org.springframework.cloud.loadbalancer.support.LoadBalancerClientFactory] is not eligible for getting processed by all BeanPostProcessors (for example: not eligible for auto-proxying). Is this bean getting eagerly injected into a currently created BeanPostProcessor [lbRestClientPostProcessor]? Check the corresponding BeanPostProcessor declaration and its dependencies.
2026-06-22 10:58:02 [main] WARN  o.s.c.s.PostProcessorRegistrationDelegate$BeanPostProcessorChecker - Bean 'blockingLoadBalancerClient' of type [org.springframework.cloud.loadbalancer.blocking.client.BlockingLoadBalancerClient] is not eligible for getting processed by all BeanPostProcessors (for example: not eligible for auto-proxying). Is this bean getting eagerly injected into a currently created BeanPostProcessor [lbRestClientPostProcessor]? Check the corresponding BeanPostProcessor declaration and its dependencies.
2026-06-22 10:58:02 [main] WARN  o.s.c.s.PostProcessorRegistrationDelegate$BeanPostProcessorChecker - Bean 'loadBalancerServiceInstanceCookieTransformer' of type [org.springframework.cloud.loadbalancer.core.LoadBalancerServiceInstanceCookieTransformer] is not eligible for getting processed by all BeanPostProcessors (for example: not eligible for auto-proxying). Is this bean getting eagerly injected into a currently created BeanPostProcessor [lbRestClientPostProcessor]? Check the corresponding BeanPostProcessor declaration and its dependencies.
2026-06-22 10:58:02 [main] WARN  o.s.c.s.PostProcessorRegistrationDelegate$BeanPostProcessorChecker - Bean 'xForwarderHeadersTransformer' of type [org.springframework.cloud.loadbalancer.blocking.XForwardedHeadersTransformer] is not eligible for getting processed by all BeanPostProcessors (for example: not eligible for auto-proxying). Is this bean getting eagerly injected into a currently created BeanPostProcessor [lbRestClientPostProcessor]? Check the corresponding BeanPostProcessor declaration and its dependencies.
2026-06-22 10:58:02 [main] WARN  o.s.c.s.PostProcessorRegistrationDelegate$BeanPostProcessorChecker - Bean 'org.springframework.cloud.client.loadbalancer.LoadBalancerAutoConfiguration' of type [org.springframework.cloud.client.loadbalancer.LoadBalancerAutoConfiguration] is not eligible for getting processed by all BeanPostProcessors (for example: not eligible for auto-proxying). Is this bean getting eagerly injected into a currently created BeanPostProcessor [lbRestClientPostProcessor]? Check the corresponding BeanPostProcessor declaration and its dependencies.
2026-06-22 10:58:02 [main] WARN  o.s.c.s.PostProcessorRegistrationDelegate$BeanPostProcessorChecker - Bean 'loadBalancerRequestFactory' of type [org.springframework.cloud.client.loadbalancer.LoadBalancerRequestFactory] is not eligible for getting processed by all BeanPostProcessors (for example: not eligible for auto-proxying). Is this bean getting eagerly injected into a currently created BeanPostProcessor [lbRestClientPostProcessor]? Check the corresponding BeanPostProcessor declaration and its dependencies.
2026-06-22 10:58:02 [main] WARN  o.s.c.s.PostProcessorRegistrationDelegate$BeanPostProcessorChecker - Bean 'loadBalancerInterceptor' of type [org.springframework.cloud.client.loadbalancer.LoadBalancerInterceptor] is not eligible for getting processed by all BeanPostProcessors (for example: not eligible for auto-proxying). Is this bean getting eagerly injected into a currently created BeanPostProcessor [lbRestClientPostProcessor]? Check the corresponding BeanPostProcessor declaration and its dependencies.
2026-06-22 10:58:02 [main] INFO  o.s.b.w.e.tomcat.TomcatWebServer - Tomcat initialized with port 8761 (http)
2026-06-22 10:58:02 [main] INFO  o.a.catalina.core.StandardService - Starting service [Tomcat]
2026-06-22 10:58:02 [main] INFO  o.a.catalina.core.StandardEngine - Starting Servlet engine: [Apache Tomcat/10.1.16]
2026-06-22 10:58:02 [main] INFO  o.a.c.c.C.[Tomcat].[localhost].[/] - Initializing Spring embedded WebApplicationContext
2026-06-22 10:58:02 [main] INFO  o.s.b.w.s.c.ServletWebServerApplicationContext - Root WebApplicationContext: initialization completed in 3288 ms
2026-06-22 10:58:04 [main] INFO  c.n.d.p.DiscoveryJerseyProvider - Using JSON encoding codec LegacyJacksonJson
2026-06-22 10:58:04 [main] INFO  c.n.d.p.DiscoveryJerseyProvider - Using JSON decoding codec LegacyJacksonJson
2026-06-22 10:58:05 [main] INFO  c.n.d.p.DiscoveryJerseyProvider - Using XML encoding codec XStreamXml
2026-06-22 10:58:05 [main] INFO  c.n.d.p.DiscoveryJerseyProvider - Using XML decoding codec XStreamXml
2026-06-22 10:58:08 [main] WARN  o.s.c.l.c.LoadBalancerCacheAutoConfiguration$LoadBalancerCaffeineWarnLogger - Spring Cloud LoadBalancer is currently working with the default cache. While this cache implementation is useful for development and tests, it's recommended to use Caffeine cache in production.You can switch to using Caffeine cache, by adding it and org.springframework.cache.caffeine.CaffeineCacheManager to the classpath.
2026-06-22 10:58:08 [main] INFO  o.s.c.n.eureka.InstanceInfoFactory - Setting initial instance status as: STARTING
2026-06-22 10:58:08 [main] INFO  c.netflix.discovery.DiscoveryClient - Initializing Eureka in region us-east-1
2026-06-22 10:58:08 [main] INFO  c.netflix.discovery.DiscoveryClient - Client configured to neither register nor query for data.
2026-06-22 10:58:08 [main] INFO  c.netflix.discovery.DiscoveryClient - Discovery Client initialized at timestamp 1782106088685 with initial instances count: 0
2026-06-22 10:58:08 [main] INFO  c.n.e.DefaultEurekaServerContext - Initializing ...
2026-06-22 10:58:08 [main] WARN  c.n.eureka.cluster.PeerEurekaNodes - The replica size seems to be empty. Check the route 53 DNS Registry
2026-06-22 10:58:08 [main] INFO  c.n.e.r.AbstractInstanceRegistry - Finished initializing remote region registries. All known remote regions: []
2026-06-22 10:58:08 [main] INFO  c.n.e.DefaultEurekaServerContext - Initialized
2026-06-22 10:58:08 [main] INFO  o.s.b.a.e.web.EndpointLinksResolver - Exposing 3 endpoint(s) beneath base path '/actuator'
2026-06-22 10:58:09 [main] INFO  o.s.c.n.e.s.EurekaServiceRegistry - Registering application EUREKA-SERVER with eureka with status UP
2026-06-22 10:58:09 [Thread-9] INFO  o.s.c.n.e.s.EurekaServerBootstrap - isAws returned false
2026-06-22 10:58:09 [Thread-9] INFO  o.s.c.n.e.s.EurekaServerBootstrap - Initialized server context
2026-06-22 10:58:09 [Thread-9] INFO  c.n.e.r.PeerAwareInstanceRegistryImpl - Got 1 instances from neighboring DS node
2026-06-22 10:58:09 [Thread-9] INFO  c.n.e.r.PeerAwareInstanceRegistryImpl - Renew threshold is: 1
2026-06-22 10:58:09 [Thread-9] INFO  c.n.e.r.PeerAwareInstanceRegistryImpl - Changing status to UP
2026-06-22 10:58:09 [Thread-9] INFO  o.s.c.n.e.s.EurekaServerInitializerConfiguration - Started Eureka Server
2026-06-22 10:58:09 [main] INFO  o.s.b.w.e.tomcat.TomcatWebServer - Tomcat started on port 8761 (http) with context path ''
2026-06-22 10:58:09 [main] INFO  o.s.c.n.e.s.EurekaAutoServiceRegistration - Updating port to 8761
2026-06-22 10:58:09 [http-nio-8761-exec-1] INFO  o.a.c.c.C.[Tomcat].[localhost].[/] - Initializing Spring DispatcherServlet 'dispatcherServlet'
2026-06-22 10:58:09 [http-nio-8761-exec-1] INFO  o.s.web.servlet.DispatcherServlet - Initializing Servlet 'dispatcherServlet'
2026-06-22 10:58:09 [http-nio-8761-exec-1] INFO  o.s.web.servlet.DispatcherServlet - Completed initialization in 3 ms
2026-06-22 10:58:09 [http-nio-8761-exec-2] WARN  c.n.e.r.AbstractInstanceRegistry - DS: Registry: lease doesn't exist, registering resource: CONFIG-SERVER - config-server:f12f707d9766fb727f786e8df848db96
2026-06-22 10:58:09 [http-nio-8761-exec-2] WARN  c.n.e.resources.InstanceResource - Not Found (Renew): CONFIG-SERVER - config-server:f12f707d9766fb727f786e8df848db96
2026-06-22 10:58:09 [http-nio-8761-exec-3] INFO  c.n.e.r.AbstractInstanceRegistry - Registered instance CONFIG-SERVER/config-server:f12f707d9766fb727f786e8df848db96 with status UP (replication=false)
2026-06-22 10:58:09 [http-nio-8761-exec-4] WARN  o.s.web.servlet.PageNotFound - No mapping for GET /eureka/css/wro.css
2026-06-22 10:58:09 [http-nio-8761-exec-8] WARN  o.s.web.servlet.PageNotFound - No mapping for GET /eureka/js/wro.js
2026-06-22 10:58:09 [http-nio-8761-exec-4] WARN  o.s.web.servlet.PageNotFound - No endpoint GET /eureka/css/wro.css.
2026-06-22 10:58:09 [http-nio-8761-exec-8] WARN  o.s.web.servlet.PageNotFound - No endpoint GET /eureka/js/wro.js.
2026-06-22 10:58:09 [main] INFO  c.f.eureka.EurekaServerApplication - Started EurekaServerApplication in 13.817 seconds (process running for 14.73)
2026-06-22 10:58:10 [http-nio-8761-exec-10] WARN  c.n.e.r.AbstractInstanceRegistry - DS: Registry: lease doesn't exist, registering resource: USER-SERVICE - user-service:5dc627ef8716b60048e8c88122836c3c
2026-06-22 10:58:10 [http-nio-8761-exec-10] WARN  c.n.e.resources.InstanceResource - Not Found (Renew): USER-SERVICE - user-service:5dc627ef8716b60048e8c88122836c3c
2026-06-22 10:58:10 [http-nio-8761-exec-6] INFO  c.n.e.r.AbstractInstanceRegistry - Registered instance USER-SERVICE/user-service:5dc627ef8716b60048e8c88122836c3c with status UP (replication=false)
2026-06-22 10:58:13 [http-nio-8761-exec-1] WARN  c.n.e.r.AbstractInstanceRegistry - DS: Registry: lease doesn't exist, registering resource: RESTAURANT-SERVICE - restaurant-service:d3d30c5878a6891904b82d0f5340f2b3
2026-06-22 10:58:13 [http-nio-8761-exec-1] WARN  c.n.e.resources.InstanceResource - Not Found (Renew): RESTAURANT-SERVICE - restaurant-service:d3d30c5878a6891904b82d0f5340f2b3
2026-06-22 10:58:13 [http-nio-8761-exec-3] INFO  c.n.e.r.AbstractInstanceRegistry - Registered instance RESTAURANT-SERVICE/restaurant-service:d3d30c5878a6891904b82d0f5340f2b3 with status UP (replication=false)
2026-06-22 10:58:15 [http-nio-8761-exec-9] WARN  c.n.e.r.AbstractInstanceRegistry - DS: Registry: lease doesn't exist, registering resource: PAYMENT-SERVICE - payment-service:866ea3f63a16a0df1dc2bb507f984068
2026-06-22 10:58:15 [http-nio-8761-exec-9] WARN  c.n.e.resources.InstanceResource - Not Found (Renew): PAYMENT-SERVICE - payment-service:866ea3f63a16a0df1dc2bb507f984068
2026-06-22 10:58:15 [http-nio-8761-exec-5] INFO  c.n.e.r.AbstractInstanceRegistry - Registered instance PAYMENT-SERVICE/payment-service:866ea3f63a16a0df1dc2bb507f984068 with status UP (replication=false)
2026-06-22 10:58:15 [http-nio-8761-exec-7] WARN  c.n.e.r.AbstractInstanceRegistry - DS: Registry: lease doesn't exist, registering resource: API-GATEWAY - api-gateway:4ad938d13498b583652cc00d76474395
2026-06-22 10:58:15 [http-nio-8761-exec-7] WARN  c.n.e.resources.InstanceResource - Not Found (Renew): API-GATEWAY - api-gateway:4ad938d13498b583652cc00d76474395
2026-06-22 10:58:15 [http-nio-8761-exec-2] INFO  c.n.e.r.AbstractInstanceRegistry - Registered instance API-GATEWAY/api-gateway:4ad938d13498b583652cc00d76474395 with status UP (replication=false)
2026-06-22 10:58:16 [http-nio-8761-exec-8] WARN  c.n.e.r.AbstractInstanceRegistry - DS: Registry: lease doesn't exist, registering resource: NOTIFICATION-SERVICE - notification-service:ab4fc2483693c70b2822f3aebbeb789f
2026-06-22 10:58:16 [http-nio-8761-exec-8] WARN  c.n.e.resources.InstanceResource - Not Found (Renew): NOTIFICATION-SERVICE - notification-service:ab4fc2483693c70b2822f3aebbeb789f
2026-06-22 10:58:16 [http-nio-8761-exec-4] INFO  c.n.e.r.AbstractInstanceRegistry - Registered instance NOTIFICATION-SERVICE/notification-service:ab4fc2483693c70b2822f3aebbeb789f with status UP (replication=false)
2026-06-22 10:58:18 [http-nio-8761-exec-9] WARN  c.n.e.r.AbstractInstanceRegistry - DS: Registry: lease doesn't exist, registering resource: ORDER-SERVICE - order-service:774d27ef06816bce6acf0a3559827077
2026-06-22 10:58:18 [http-nio-8761-exec-9] WARN  c.n.e.resources.InstanceResource - Not Found (Renew): ORDER-SERVICE - order-service:774d27ef06816bce6acf0a3559827077
2026-06-22 10:58:18 [http-nio-8761-exec-5] INFO  c.n.e.r.AbstractInstanceRegistry - Registered instance ORDER-SERVICE/order-service:774d27ef06816bce6acf0a3559827077 with status UP (replication=false)
2026-06-22 10:58:19 [Eureka-EvictionTimer] INFO  c.n.e.r.AbstractInstanceRegistry - Running the evict task with compensationTime 0ms
2026-06-22 10:58:20 [http-nio-8761-exec-2] WARN  o.s.web.servlet.PageNotFound - No mapping for GET /actuator/prometheus
2026-06-22 10:58:20 [http-nio-8761-exec-2] WARN  o.s.web.servlet.PageNotFound - No endpoint GET /actuator/prometheus.
2026-06-22 10:58:20 [http-nio-8761-exec-1] WARN  o.s.web.servlet.PageNotFound - No mapping for GET /actuator/prometheus
2026-06-22 10:58:20 [http-nio-8761-exec-1] WARN  o.s.web.servlet.PageNotFound - No endpoint GET /actuator/prometheus.
2026-06-22 10:58:29 [Eureka-EvictionTimer] INFO  c.n.e.r.AbstractInstanceRegistry - Running the evict task with compensationTime 0ms
2026-06-22 10:58:35 [http-nio-8761-exec-4] WARN  o.s.web.servlet.PageNotFound - No mapping for GET /actuator/prometheus
2026-06-22 10:58:35 [http-nio-8761-exec-4] WARN  o.s.web.servlet.PageNotFound - No endpoint GET /actuator/prometheus.
2026-06-22 10:58:39 [Eureka-EvictionTimer] INFO  c.n.e.r.AbstractInstanceRegistry - Running the evict task with compensationTime 14ms
2026-06-22 10:58:49 [Eureka-EvictionTimer] INFO  c.n.e.r.AbstractInstanceRegistry - Running the evict task with compensationTime 0ms
2026-06-22 10:58:50 [http-nio-8761-exec-8] WARN  o.s.web.servlet.PageNotFound - No mapping for GET /actuator/prometheus
2026-06-22 10:58:50 [http-nio-8761-exec-8] WARN  o.s.web.servlet.PageNotFound - No endpoint GET /actuator/prometheus.
2026-06-22 10:58:59 [Eureka-EvictionTimer] INFO  c.n.e.r.AbstractInstanceRegistry - Running the evict task with compensationTime 1ms
2026-06-22 10:59:05 [http-nio-8761-exec-5] WARN  o.s.web.servlet.PageNotFound - No mapping for GET /actuator/prometheus
2026-06-22 10:59:05 [http-nio-8761-exec-5] WARN  o.s.web.servlet.PageNotFound - No endpoint GET /actuator/prometheus.
2026-06-22 10:59:09 [Eureka-EvictionTimer] INFO  c.n.e.r.AbstractInstanceRegistry - Running the evict task with compensationTime 0ms
2026-06-22 10:59:19 [Eureka-EvictionTimer] INFO  c.n.e.r.AbstractInstanceRegistry - Running the evict task with compensationTime 15ms
2026-06-22 10:59:20 [http-nio-8761-exec-6] WARN  o.s.web.servlet.PageNotFound - No mapping for GET /actuator/prometheus
2026-06-22 10:59:20 [http-nio-8761-exec-6] WARN  o.s.web.servlet.PageNotFound - No endpoint GET /actuator/prometheus.
2026-06-22 11:30:04 [Eureka-EvictionTimer] INFO  c.n.e.r.AbstractInstanceRegistry - Running the evict task with compensationTime 1835702ms
2026-06-22 11:48:57 [http-nio-8761-exec-1] WARN  o.s.web.servlet.PageNotFound - No mapping for GET /actuator/prometheus
2026-06-22 11:48:57 [http-nio-8761-exec-1] WARN  o.s.web.servlet.PageNotFound - No endpoint GET /actuator/prometheus.
2026-06-22 11:49:00 [Eureka-EvictionTimer] INFO  c.n.e.r.AbstractInstanceRegistry - Running the evict task with compensationTime 1126070ms
2026-06-22 11:49:10 [Eureka-EvictionTimer] INFO  c.n.e.r.AbstractInstanceRegistry - Running the evict task with compensationTime 15ms
2026-06-22 11:49:12 [http-nio-8761-exec-4] WARN  o.s.web.servlet.PageNotFound - No mapping for GET /actuator/prometheus
2026-06-22 11:49:12 [http-nio-8761-exec-4] WARN  o.s.web.servlet.PageNotFound - No endpoint GET /actuator/prometheus.
2026-06-22 11:49:20 [Eureka-EvictionTimer] INFO  c.n.e.r.AbstractInstanceRegistry - Running the evict task with compensationTime 14ms
2026-06-22 11:49:27 [http-nio-8761-exec-4] WARN  o.s.web.servlet.PageNotFound - No mapping for GET /actuator/prometheus
2026-06-22 11:49:27 [http-nio-8761-exec-4] WARN  o.s.web.servlet.PageNotFound - No endpoint GET /actuator/prometheus.
2026-06-22 11:49:30 [Eureka-EvictionTimer] INFO  c.n.e.r.AbstractInstanceRegistry - Running the evict task with compensationTime 12ms
2026-06-22 11:49:40 [Eureka-EvictionTimer] INFO  c.n.e.r.AbstractInstanceRegistry - Running the evict task with compensationTime 11ms
2026-06-22 11:49:42 [http-nio-8761-exec-8] WARN  o.s.web.servlet.PageNotFound - No mapping for GET /actuator/prometheus
2026-06-22 11:49:42 [http-nio-8761-exec-8] WARN  o.s.web.servlet.PageNotFound - No endpoint GET /actuator/prometheus.
2026-06-22 11:49:50 [Eureka-EvictionTimer] INFO  c.n.e.r.AbstractInstanceRegistry - Running the evict task with compensationTime 0ms
2026-06-22 11:49:57 [http-nio-8761-exec-8] WARN  o.s.web.servlet.PageNotFound - No mapping for GET /actuator/prometheus
2026-06-22 11:49:57 [http-nio-8761-exec-8] WARN  o.s.web.servlet.PageNotFound - No endpoint GET /actuator/prometheus.
2026-06-22 11:50:00 [Eureka-EvictionTimer] INFO  c.n.e.r.AbstractInstanceRegistry - Running the evict task with compensationTime 10ms
2026-06-22 11:50:10 [Eureka-EvictionTimer] INFO  c.n.e.r.AbstractInstanceRegistry - Running the evict task with compensationTime 0ms
2026-06-22 11:50:12 [http-nio-8761-exec-2] WARN  o.s.web.servlet.PageNotFound - No mapping for GET /actuator/prometheus
2026-06-22 11:50:12 [http-nio-8761-exec-2] WARN  o.s.web.servlet.PageNotFound - No endpoint GET /actuator/prometheus.
2026-06-22 11:50:20 [Eureka-EvictionTimer] INFO  c.n.e.r.AbstractInstanceRegistry - Running the evict task with compensationTime 0ms
2026-06-22 11:50:27 [http-nio-8761-exec-6] WARN  o.s.web.servlet.PageNotFound - No mapping for GET /actuator/prometheus
2026-06-22 11:50:27 [http-nio-8761-exec-6] WARN  o.s.web.servlet.PageNotFound - No endpoint GET /actuator/prometheus.
2026-06-22 11:50:30 [Eureka-EvictionTimer] INFO  c.n.e.r.AbstractInstanceRegistry - Running the evict task with compensationTime 6ms
2026-06-22 11:50:40 [Eureka-EvictionTimer] INFO  c.n.e.r.AbstractInstanceRegistry - Running the evict task with compensationTime 0ms
2026-06-22 11:50:42 [http-nio-8761-exec-6] WARN  o.s.web.servlet.PageNotFound - No mapping for GET /actuator/prometheus
2026-06-22 11:50:42 [http-nio-8761-exec-6] WARN  o.s.web.servlet.PageNotFound - No endpoint GET /actuator/prometheus.
2026-06-22 11:50:50 [Eureka-EvictionTimer] INFO  c.n.e.r.AbstractInstanceRegistry - Running the evict task with compensationTime 0ms
2026-06-22 11:50:57 [http-nio-8761-exec-9] WARN  o.s.web.servlet.PageNotFound - No mapping for GET /actuator/prometheus
2026-06-22 11:50:57 [http-nio-8761-exec-9] WARN  o.s.web.servlet.PageNotFound - No endpoint GET /actuator/prometheus.
2026-06-22 11:51:00 [Eureka-EvictionTimer] INFO  c.n.e.r.AbstractInstanceRegistry - Running the evict task with compensationTime 0ms
2026-06-22 11:51:10 [Eureka-EvictionTimer] INFO  c.n.e.r.AbstractInstanceRegistry - Running the evict task with compensationTime 11ms
2026-06-22 11:51:12 [http-nio-8761-exec-9] WARN  o.s.web.servlet.PageNotFound - No mapping for GET /actuator/prometheus
2026-06-22 11:51:12 [http-nio-8761-exec-9] WARN  o.s.web.servlet.PageNotFound - No endpoint GET /actuator/prometheus.
2026-06-22 11:51:20 [Eureka-EvictionTimer] INFO  c.n.e.r.AbstractInstanceRegistry - Running the evict task with compensationTime 14ms
2026-06-22 11:51:27 [http-nio-8761-exec-7] WARN  o.s.web.servlet.PageNotFound - No mapping for GET /actuator/prometheus
2026-06-22 11:51:27 [http-nio-8761-exec-7] WARN  o.s.web.servlet.PageNotFound - No endpoint GET /actuator/prometheus.
2026-06-22 11:51:30 [Eureka-EvictionTimer] INFO  c.n.e.r.AbstractInstanceRegistry - Running the evict task with compensationTime 9ms
2026-06-22 11:51:40 [Eureka-EvictionTimer] INFO  c.n.e.r.AbstractInstanceRegistry - Running the evict task with compensationTime 0ms
2026-06-22 11:51:42 [http-nio-8761-exec-7] WARN  o.s.web.servlet.PageNotFound - No mapping for GET /actuator/prometheus
2026-06-22 11:51:42 [http-nio-8761-exec-7] WARN  o.s.web.servlet.PageNotFound - No endpoint GET /actuator/prometheus.
2026-06-22 11:51:51 [Eureka-EvictionTimer] INFO  c.n.e.r.AbstractInstanceRegistry - Running the evict task with compensationTime 11ms
2026-06-22 11:51:57 [http-nio-8761-exec-10] WARN  o.s.web.servlet.PageNotFound - No mapping for GET /actuator/prometheus
2026-06-22 11:51:57 [http-nio-8761-exec-10] WARN  o.s.web.servlet.PageNotFound - No endpoint GET /actuator/prometheus.
2026-06-22 11:52:01 [Eureka-EvictionTimer] INFO  c.n.e.r.AbstractInstanceRegistry - Running the evict task with compensationTime 7ms
2026-06-22 11:52:11 [Eureka-EvictionTimer] INFO  c.n.e.r.AbstractInstanceRegistry - Running the evict task with compensationTime 8ms
2026-06-22 11:52:12 [http-nio-8761-exec-10] WARN  o.s.web.servlet.PageNotFound - No mapping for GET /actuator/prometheus
2026-06-22 11:52:12 [http-nio-8761-exec-10] WARN  o.s.web.servlet.PageNotFound - No endpoint GET /actuator/prometheus.
2026-06-22 11:52:21 [Eureka-EvictionTimer] INFO  c.n.e.r.AbstractInstanceRegistry - Running the evict task with compensationTime 13ms
2026-06-22 11:52:27 [http-nio-8761-exec-5] WARN  o.s.web.servlet.PageNotFound - No mapping for GET /actuator/prometheus
2026-06-22 11:52:27 [http-nio-8761-exec-5] WARN  o.s.web.servlet.PageNotFound - No endpoint GET /actuator/prometheus.
2026-06-22 11:52:31 [Eureka-EvictionTimer] INFO  c.n.e.r.AbstractInstanceRegistry - Running the evict task with compensationTime 0ms
2026-06-22 11:52:41 [Eureka-EvictionTimer] INFO  c.n.e.r.AbstractInstanceRegistry - Running the evict task with compensationTime 3ms
2026-06-22 11:52:42 [http-nio-8761-exec-5] WARN  o.s.web.servlet.PageNotFound - No mapping for GET /actuator/prometheus
2026-06-22 11:52:42 [http-nio-8761-exec-5] WARN  o.s.web.servlet.PageNotFound - No endpoint GET /actuator/prometheus.
2026-06-22 11:52:51 [Eureka-EvictionTimer] INFO  c.n.e.r.AbstractInstanceRegistry - Running the evict task with compensationTime 6ms
2026-06-22 11:52:57 [http-nio-8761-exec-8] WARN  o.s.web.servlet.PageNotFound - No mapping for GET /actuator/prometheus
2026-06-22 11:52:57 [http-nio-8761-exec-8] WARN  o.s.web.servlet.PageNotFound - No endpoint GET /actuator/prometheus.
2026-06-22 11:53:01 [Eureka-EvictionTimer] INFO  c.n.e.r.AbstractInstanceRegistry - Running the evict task with compensationTime 1ms
2026-06-22 11:53:11 [Eureka-EvictionTimer] INFO  c.n.e.r.AbstractInstanceRegistry - Running the evict task with compensationTime 12ms
2026-06-22 11:53:12 [http-nio-8761-exec-8] WARN  o.s.web.servlet.PageNotFound - No mapping for GET /actuator/prometheus
2026-06-22 11:53:12 [http-nio-8761-exec-8] WARN  o.s.web.servlet.PageNotFound - No endpoint GET /actuator/prometheus.
2026-06-22 11:53:21 [Eureka-EvictionTimer] INFO  c.n.e.r.AbstractInstanceRegistry - Running the evict task with compensationTime 12ms
2026-06-22 11:53:31 [Eureka-EvictionTimer] INFO  c.n.e.r.AbstractInstanceRegistry - Running the evict task with compensationTime 8ms
2026-06-22 11:53:41 [Eureka-EvictionTimer] INFO  c.n.e.r.AbstractInstanceRegistry - Running the evict task with compensationTime 9ms
2026-06-22 11:53:51 [Eureka-EvictionTimer] INFO  c.n.e.r.AbstractInstanceRegistry - Running the evict task with compensationTime 9ms
2026-06-22 11:54:01 [Eureka-EvictionTimer] INFO  c.n.e.r.AbstractInstanceRegistry - Running the evict task with compensationTime 12ms
2026-06-22 11:54:11 [Eureka-EvictionTimer] INFO  c.n.e.r.AbstractInstanceRegistry - Running the evict task with compensationTime 11ms
2026-06-22 11:54:21 [Eureka-EvictionTimer] INFO  c.n.e.r.AbstractInstanceRegistry - Running the evict task with compensationTime 5ms
2026-06-22 11:54:31 [Eureka-EvictionTimer] INFO  c.n.e.r.AbstractInstanceRegistry - Running the evict task with compensationTime 0ms
2026-06-22 11:54:41 [Eureka-EvictionTimer] INFO  c.n.e.r.AbstractInstanceRegistry - Running the evict task with compensationTime 7ms
2026-06-22 11:54:51 [Eureka-EvictionTimer] INFO  c.n.e.r.AbstractInstanceRegistry - Running the evict task with compensationTime 4ms
2026-06-22 11:55:01 [Eureka-EvictionTimer] INFO  c.n.e.r.AbstractInstanceRegistry - Running the evict task with compensationTime 11ms
2026-06-22 11:55:11 [Eureka-EvictionTimer] INFO  c.n.e.r.AbstractInstanceRegistry - Running the evict task with compensationTime 10ms
2026-06-22 11:55:21 [Eureka-EvictionTimer] INFO  c.n.e.r.AbstractInstanceRegistry - Running the evict task with compensationTime 7ms
2026-06-22 11:55:31 [Eureka-EvictionTimer] INFO  c.n.e.r.AbstractInstanceRegistry - Running the evict task with compensationTime 8ms
2026-06-22 11:55:41 [Eureka-EvictionTimer] INFO  c.n.e.r.AbstractInstanceRegistry - Running the evict task with compensationTime 6ms
2026-06-22 11:55:51 [Eureka-EvictionTimer] INFO  c.n.e.r.AbstractInstanceRegistry - Running the evict task with compensationTime 7ms
2026-06-22 11:56:01 [Eureka-EvictionTimer] INFO  c.n.e.r.AbstractInstanceRegistry - Running the evict task with compensationTime 13ms
2026-06-22 11:56:11 [Eureka-EvictionTimer] INFO  c.n.e.r.AbstractInstanceRegistry - Running the evict task with compensationTime 12ms
2026-06-22 11:56:21 [Eureka-EvictionTimer] INFO  c.n.e.r.AbstractInstanceRegistry - Running the evict task with compensationTime 7ms
2026-06-22 11:56:31 [Eureka-EvictionTimer] INFO  c.n.e.r.AbstractInstanceRegistry - Running the evict task with compensationTime 5ms
2026-06-22 11:56:41 [Eureka-EvictionTimer] INFO  c.n.e.r.AbstractInstanceRegistry - Running the evict task with compensationTime 5ms
2026-06-22 11:56:51 [Eureka-EvictionTimer] INFO  c.n.e.r.AbstractInstanceRegistry - Running the evict task with compensationTime 13ms
2026-06-22 11:57:01 [Eureka-EvictionTimer] INFO  c.n.e.r.AbstractInstanceRegistry - Running the evict task with compensationTime 1ms
2026-06-22 11:57:11 [Eureka-EvictionTimer] INFO  c.n.e.r.AbstractInstanceRegistry - Running the evict task with compensationTime 14ms
2026-06-22 11:57:21 [Eureka-EvictionTimer] INFO  c.n.e.r.AbstractInstanceRegistry - Running the evict task with compensationTime 1ms
2026-06-22 11:57:30 [Eureka-PeerNodesUpdater] WARN  c.n.eureka.cluster.PeerEurekaNodes - The replica size seems to be empty. Check the route 53 DNS Registry
2026-06-22 11:57:31 [Eureka-EvictionTimer] INFO  c.n.e.r.AbstractInstanceRegistry - Running the evict task with compensationTime 9ms
2026-06-22 11:57:41 [Eureka-EvictionTimer] INFO  c.n.e.r.AbstractInstanceRegistry - Running the evict task with compensationTime 6ms
2026-06-22 11:57:51 [Eureka-EvictionTimer] INFO  c.n.e.r.AbstractInstanceRegistry - Running the evict task with compensationTime 4ms
2026-06-22 11:58:01 [Eureka-EvictionTimer] INFO  c.n.e.r.AbstractInstanceRegistry - Running the evict task with compensationTime 13ms
2026-06-22 11:58:11 [Eureka-EvictionTimer] INFO  c.n.e.r.AbstractInstanceRegistry - Running the evict task with compensationTime 13ms
2026-06-22 11:58:21 [Eureka-EvictionTimer] INFO  c.n.e.r.AbstractInstanceRegistry - Running the evict task with compensationTime 5ms
2026-06-22 11:58:31 [Eureka-EvictionTimer] INFO  c.n.e.r.AbstractInstanceRegistry - Running the evict task with compensationTime 9ms
2026-06-22 11:58:41 [Eureka-EvictionTimer] INFO  c.n.e.r.AbstractInstanceRegistry - Running the evict task with compensationTime 12ms
2026-06-22 11:58:51 [Eureka-EvictionTimer] INFO  c.n.e.r.AbstractInstanceRegistry - Running the evict task with compensationTime 12ms
2026-06-22 11:59:01 [Eureka-EvictionTimer] INFO  c.n.e.r.AbstractInstanceRegistry - Running the evict task with compensationTime 10ms
2026-06-22 11:59:11 [Eureka-EvictionTimer] INFO  c.n.e.r.AbstractInstanceRegistry - Running the evict task with compensationTime 7ms
2026-06-22 11:59:21 [Eureka-EvictionTimer] INFO  c.n.e.r.AbstractInstanceRegistry - Running the evict task with compensationTime 9ms
2026-06-22 11:59:31 [Eureka-EvictionTimer] INFO  c.n.e.r.AbstractInstanceRegistry - Running the evict task with compensationTime 10ms
2026-06-22 11:59:41 [Eureka-EvictionTimer] INFO  c.n.e.r.AbstractInstanceRegistry - Running the evict task with compensationTime 3ms
2026-06-22 11:59:51 [Eureka-EvictionTimer] INFO  c.n.e.r.AbstractInstanceRegistry - Running the evict task with compensationTime 15ms
2026-06-22 12:00:01 [Eureka-EvictionTimer] INFO  c.n.e.r.AbstractInstanceRegistry - Running the evict task with compensationTime 13ms
2026-06-22 12:00:11 [Eureka-EvictionTimer] INFO  c.n.e.r.AbstractInstanceRegistry - Running the evict task with compensationTime 4ms
2026-06-22 12:00:21 [Eureka-EvictionTimer] INFO  c.n.e.r.AbstractInstanceRegistry - Running the evict task with compensationTime 13ms
2026-06-22 12:00:31 [Eureka-EvictionTimer] INFO  c.n.e.r.AbstractInstanceRegistry - Running the evict task with compensationTime 7ms
2026-06-22 12:00:41 [Eureka-EvictionTimer] INFO  c.n.e.r.AbstractInstanceRegistry - Running the evict task with compensationTime 12ms
2026-06-22 12:00:51 [Eureka-EvictionTimer] INFO  c.n.e.r.AbstractInstanceRegistry - Running the evict task with compensationTime 1ms
2026-06-22 12:01:01 [Eureka-EvictionTimer] INFO  c.n.e.r.AbstractInstanceRegistry - Running the evict task with compensationTime 12ms
2026-06-22 12:01:11 [Eureka-EvictionTimer] INFO  c.n.e.r.AbstractInstanceRegistry - Running the evict task with compensationTime 4ms
2026-06-22 12:01:21 [Eureka-EvictionTimer] INFO  c.n.e.r.AbstractInstanceRegistry - Running the evict task with compensationTime 6ms
2026-06-22 12:01:31 [Eureka-EvictionTimer] INFO  c.n.e.r.AbstractInstanceRegistry - Running the evict task with compensationTime 14ms
2026-06-22 12:01:41 [Eureka-EvictionTimer] INFO  c.n.e.r.AbstractInstanceRegistry - Running the evict task with compensationTime 6ms
2026-06-22 12:01:51 [Eureka-EvictionTimer] INFO  c.n.e.r.AbstractInstanceRegistry - Running the evict task with compensationTime 2ms
2026-06-22 12:02:01 [Eureka-EvictionTimer] INFO  c.n.e.r.AbstractInstanceRegistry - Running the evict task with compensationTime 9ms
2026-06-22 12:02:11 [Eureka-EvictionTimer] INFO  c.n.e.r.AbstractInstanceRegistry - Running the evict task with compensationTime 6ms
2026-06-22 12:02:21 [Eureka-EvictionTimer] INFO  c.n.e.r.AbstractInstanceRegistry - Running the evict task with compensationTime 5ms
2026-06-22 12:02:30 [ReplicaAwareInstanceRegistry - RenewalThresholdUpdater] INFO  c.n.e.r.PeerAwareInstanceRegistryImpl - Current renewal threshold is : 0
2026-06-22 12:02:31 [Eureka-EvictionTimer] INFO  c.n.e.r.AbstractInstanceRegistry - Running the evict task with compensationTime 0ms
2026-06-22 12:02:41 [Eureka-EvictionTimer] INFO  c.n.e.r.AbstractInstanceRegistry - Running the evict task with compensationTime 4ms
2026-06-22 12:02:51 [Eureka-EvictionTimer] INFO  c.n.e.r.AbstractInstanceRegistry - Running the evict task with compensationTime 14ms
2026-06-22 12:03:01 [Eureka-EvictionTimer] INFO  c.n.e.r.AbstractInstanceRegistry - Running the evict task with compensationTime 2ms
2026-06-22 12:03:11 [Eureka-EvictionTimer] INFO  c.n.e.r.AbstractInstanceRegistry - Running the evict task with compensationTime 16ms
2026-06-22 12:03:21 [Eureka-EvictionTimer] INFO  c.n.e.r.AbstractInstanceRegistry - Running the evict task with compensationTime 14ms
2026-06-22 12:03:31 [Eureka-EvictionTimer] INFO  c.n.e.r.AbstractInstanceRegistry - Running the evict task with compensationTime 2ms
2026-06-22 12:03:41 [Eureka-EvictionTimer] INFO  c.n.e.r.AbstractInstanceRegistry - Running the evict task with compensationTime 12ms
2026-06-22 12:03:51 [Eureka-EvictionTimer] INFO  c.n.e.r.AbstractInstanceRegistry - Running the evict task with compensationTime 2ms
2026-06-22 12:04:02 [Eureka-EvictionTimer] INFO  c.n.e.r.AbstractInstanceRegistry - Running the evict task with compensationTime 906ms
2026-06-22 12:04:12 [Eureka-EvictionTimer] INFO  c.n.e.r.AbstractInstanceRegistry - Running the evict task with compensationTime 5ms
2026-06-22 12:04:22 [Eureka-EvictionTimer] INFO  c.n.e.r.AbstractInstanceRegistry - Running the evict task with compensationTime 15ms
2026-06-22 12:04:32 [Eureka-EvictionTimer] INFO  c.n.e.r.AbstractInstanceRegistry - Running the evict task with compensationTime 12ms
2026-06-22 12:04:42 [Eureka-EvictionTimer] INFO  c.n.e.r.AbstractInstanceRegistry - Running the evict task with compensationTime 8ms
2026-06-22 12:31:05 [Eureka-EvictionTimer] INFO  c.n.e.r.AbstractInstanceRegistry - Running the evict task with compensationTime 1573066ms
2026-06-22 12:31:15 [Eureka-EvictionTimer] INFO  c.n.e.r.AbstractInstanceRegistry - Running the evict task with compensationTime 7ms
2026-06-22 12:31:25 [Eureka-EvictionTimer] INFO  c.n.e.r.AbstractInstanceRegistry - Running the evict task with compensationTime 12ms
2026-06-22 12:31:35 [Eureka-EvictionTimer] INFO  c.n.e.r.AbstractInstanceRegistry - Running the evict task with compensationTime 9ms
2026-06-22 12:31:45 [Eureka-EvictionTimer] INFO  c.n.e.r.AbstractInstanceRegistry - Running the evict task with compensationTime 3ms
2026-06-22 12:31:55 [Eureka-EvictionTimer] INFO  c.n.e.r.AbstractInstanceRegistry - Running the evict task with compensationTime 14ms
2026-06-22 12:32:05 [Eureka-EvictionTimer] INFO  c.n.e.r.AbstractInstanceRegistry - Running the evict task with compensationTime 2ms
2026-06-22 12:32:15 [Eureka-EvictionTimer] INFO  c.n.e.r.AbstractInstanceRegistry - Running the evict task with compensationTime 1ms
2026-06-22 12:32:25 [Eureka-EvictionTimer] INFO  c.n.e.r.AbstractInstanceRegistry - Running the evict task with compensationTime 12ms
2026-06-22 12:32:35 [Eureka-EvictionTimer] INFO  c.n.e.r.AbstractInstanceRegistry - Running the evict task with compensationTime 9ms
2026-06-22 12:32:45 [Eureka-EvictionTimer] INFO  c.n.e.r.AbstractInstanceRegistry - Running the evict task with compensationTime 14ms
2026-06-22 12:32:55 [Eureka-EvictionTimer] INFO  c.n.e.r.AbstractInstanceRegistry - Running the evict task with compensationTime 7ms
2026-06-22 12:33:05 [Eureka-EvictionTimer] INFO  c.n.e.r.AbstractInstanceRegistry - Running the evict task with compensationTime 11ms
2026-06-22 12:33:15 [Eureka-EvictionTimer] INFO  c.n.e.r.AbstractInstanceRegistry - Running the evict task with compensationTime 5ms
2026-06-22 12:33:25 [Eureka-EvictionTimer] INFO  c.n.e.r.AbstractInstanceRegistry - Running the evict task with compensationTime 9ms
2026-06-22 12:33:35 [Eureka-EvictionTimer] INFO  c.n.e.r.AbstractInstanceRegistry - Running the evict task with compensationTime 11ms
2026-06-22 12:33:44 [Eureka-PeerNodesUpdater] WARN  c.n.eureka.cluster.PeerEurekaNodes - The replica size seems to be empty. Check the route 53 DNS Registry
2026-06-22 12:33:45 [Eureka-EvictionTimer] INFO  c.n.e.r.AbstractInstanceRegistry - Running the evict task with compensationTime 8ms
2026-06-22 12:33:55 [Eureka-EvictionTimer] INFO  c.n.e.r.AbstractInstanceRegistry - Running the evict task with compensationTime 0ms
2026-06-22 12:34:05 [Eureka-EvictionTimer] INFO  c.n.e.r.AbstractInstanceRegistry - Running the evict task with compensationTime 2ms
2026-06-22 12:34:15 [Eureka-EvictionTimer] INFO  c.n.e.r.AbstractInstanceRegistry - Running the evict task with compensationTime 12ms
2026-06-22 12:34:25 [Eureka-EvictionTimer] INFO  c.n.e.r.AbstractInstanceRegistry - Running the evict task with compensationTime 2ms
2026-06-22 12:34:35 [Eureka-EvictionTimer] INFO  c.n.e.r.AbstractInstanceRegistry - Running the evict task with compensationTime 12ms
2026-06-22 12:34:45 [Eureka-EvictionTimer] INFO  c.n.e.r.AbstractInstanceRegistry - Running the evict task with compensationTime 7ms
2026-06-22 12:34:55 [Eureka-EvictionTimer] INFO  c.n.e.r.AbstractInstanceRegistry - Running the evict task with compensationTime 2ms
2026-06-22 12:35:05 [Eureka-EvictionTimer] INFO  c.n.e.r.AbstractInstanceRegistry - Running the evict task with compensationTime 5ms
2026-06-22 12:35:15 [Eureka-EvictionTimer] INFO  c.n.e.r.AbstractInstanceRegistry - Running the evict task with compensationTime 2ms
2026-06-22 12:35:25 [Eureka-EvictionTimer] INFO  c.n.e.r.AbstractInstanceRegistry - Running the evict task with compensationTime 9ms
2026-06-22 12:35:35 [Eureka-EvictionTimer] INFO  c.n.e.r.AbstractInstanceRegistry - Running the evict task with compensationTime 7ms
2026-06-22 12:35:45 [Eureka-EvictionTimer] INFO  c.n.e.r.AbstractInstanceRegistry - Running the evict task with compensationTime 2ms
2026-06-22 12:35:55 [Eureka-EvictionTimer] INFO  c.n.e.r.AbstractInstanceRegistry - Running the evict task with compensationTime 7ms
2026-06-22 12:36:05 [Eureka-EvictionTimer] INFO  c.n.e.r.AbstractInstanceRegistry - Running the evict task with compensationTime 6ms
2026-06-22 12:36:15 [Eureka-EvictionTimer] INFO  c.n.e.r.AbstractInstanceRegistry - Running the evict task with compensationTime 12ms
2026-06-22 12:36:25 [Eureka-EvictionTimer] INFO  c.n.e.r.AbstractInstanceRegistry - Running the evict task with compensationTime 4ms
2026-06-22 12:36:35 [Eureka-EvictionTimer] INFO  c.n.e.r.AbstractInstanceRegistry - Running the evict task with compensationTime 14ms
2026-06-22 12:36:45 [Eureka-EvictionTimer] INFO  c.n.e.r.AbstractInstanceRegistry - Running the evict task with compensationTime 15ms
2026-06-22 12:36:55 [Eureka-EvictionTimer] INFO  c.n.e.r.AbstractInstanceRegistry - Running the evict task with compensationTime 3ms
2026-06-22 12:37:05 [Eureka-EvictionTimer] INFO  c.n.e.r.AbstractInstanceRegistry - Running the evict task with compensationTime 14ms
2026-06-22 12:37:15 [Eureka-EvictionTimer] INFO  c.n.e.r.AbstractInstanceRegistry - Running the evict task with compensationTime 13ms
2026-06-22 12:37:25 [Eureka-EvictionTimer] INFO  c.n.e.r.AbstractInstanceRegistry - Running the evict task with compensationTime 4ms
2026-06-22 12:37:35 [Eureka-EvictionTimer] INFO  c.n.e.r.AbstractInstanceRegistry - Running the evict task with compensationTime 10ms
2026-06-22 12:37:45 [Eureka-EvictionTimer] INFO  c.n.e.r.AbstractInstanceRegistry - Running the evict task with compensationTime 11ms
2026-06-22 12:37:55 [Eureka-EvictionTimer] INFO  c.n.e.r.AbstractInstanceRegistry - Running the evict task with compensationTime 3ms
2026-06-22 12:38:05 [Eureka-EvictionTimer] INFO  c.n.e.r.AbstractInstanceRegistry - Running the evict task with compensationTime 6ms
2026-06-22 12:38:15 [Eureka-EvictionTimer] INFO  c.n.e.r.AbstractInstanceRegistry - Running the evict task with compensationTime 7ms
2026-06-22 12:38:25 [Eureka-EvictionTimer] INFO  c.n.e.r.AbstractInstanceRegistry - Running the evict task with compensationTime 10ms
2026-06-22 12:38:35 [Eureka-EvictionTimer] INFO  c.n.e.r.AbstractInstanceRegistry - Running the evict task with compensationTime 4ms
2026-06-22 12:38:45 [Eureka-EvictionTimer] INFO  c.n.e.r.AbstractInstanceRegistry - Running the evict task with compensationTime 13ms
2026-06-22 12:38:55 [Eureka-EvictionTimer] INFO  c.n.e.r.AbstractInstanceRegistry - Running the evict task with compensationTime 11ms
2026-06-22 12:39:06 [Eureka-EvictionTimer] INFO  c.n.e.r.AbstractInstanceRegistry - Running the evict task with compensationTime 11ms
2026-06-22 12:39:16 [Eureka-EvictionTimer] INFO  c.n.e.r.AbstractInstanceRegistry - Running the evict task with compensationTime 2ms
2026-06-22 12:39:26 [Eureka-EvictionTimer] INFO  c.n.e.r.AbstractInstanceRegistry - Running the evict task with compensationTime 10ms
2026-06-22 12:39:36 [Eureka-EvictionTimer] INFO  c.n.e.r.AbstractInstanceRegistry - Running the evict task with compensationTime 5ms
2026-06-22 12:39:46 [Eureka-EvictionTimer] INFO  c.n.e.r.AbstractInstanceRegistry - Running the evict task with compensationTime 5ms
2026-06-22 12:39:56 [Eureka-EvictionTimer] INFO  c.n.e.r.AbstractInstanceRegistry - Running the evict task with compensationTime 8ms
2026-06-22 12:40:06 [Eureka-EvictionTimer] INFO  c.n.e.r.AbstractInstanceRegistry - Running the evict task with compensationTime 6ms
2026-06-22 12:40:16 [Eureka-EvictionTimer] INFO  c.n.e.r.AbstractInstanceRegistry - Running the evict task with compensationTime 15ms
2026-06-22 12:40:26 [Eureka-EvictionTimer] INFO  c.n.e.r.AbstractInstanceRegistry - Running the evict task with compensationTime 10ms
2026-06-22 12:40:36 [Eureka-EvictionTimer] INFO  c.n.e.r.AbstractInstanceRegistry - Running the evict task with compensationTime 14ms
2026-06-22 12:40:46 [Eureka-EvictionTimer] INFO  c.n.e.r.AbstractInstanceRegistry - Running the evict task with compensationTime 6ms
2026-06-22 12:40:56 [Eureka-EvictionTimer] INFO  c.n.e.r.AbstractInstanceRegistry - Running the evict task with compensationTime 14ms
2026-06-22 12:41:06 [Eureka-EvictionTimer] INFO  c.n.e.r.AbstractInstanceRegistry - Running the evict task with compensationTime 9ms
2026-06-22 12:41:16 [Eureka-EvictionTimer] INFO  c.n.e.r.AbstractInstanceRegistry - Running the evict task with compensationTime 14ms
2026-06-22 12:41:26 [Eureka-EvictionTimer] INFO  c.n.e.r.AbstractInstanceRegistry - Running the evict task with compensationTime 1ms
2026-06-22 12:41:36 [Eureka-EvictionTimer] INFO  c.n.e.r.AbstractInstanceRegistry - Running the evict task with compensationTime 3ms
2026-06-22 12:41:46 [Eureka-EvictionTimer] INFO  c.n.e.r.AbstractInstanceRegistry - Running the evict task with compensationTime 11ms
2026-06-22 12:41:56 [Eureka-EvictionTimer] INFO  c.n.e.r.AbstractInstanceRegistry - Running the evict task with compensationTime 5ms
2026-06-22 12:42:06 [Eureka-EvictionTimer] INFO  c.n.e.r.AbstractInstanceRegistry - Running the evict task with compensationTime 0ms
2026-06-22 12:42:16 [Eureka-EvictionTimer] INFO  c.n.e.r.AbstractInstanceRegistry - Running the evict task with compensationTime 1ms
2026-06-22 12:42:26 [Eureka-EvictionTimer] INFO  c.n.e.r.AbstractInstanceRegistry - Running the evict task with compensationTime 0ms
2026-06-22 12:42:36 [Eureka-EvictionTimer] INFO  c.n.e.r.AbstractInstanceRegistry - Running the evict task with compensationTime 11ms
2026-06-22 12:42:46 [Eureka-EvictionTimer] INFO  c.n.e.r.AbstractInstanceRegistry - Running the evict task with compensationTime 7ms
2026-06-22 12:42:56 [Eureka-EvictionTimer] INFO  c.n.e.r.AbstractInstanceRegistry - Running the evict task with compensationTime 3ms
2026-06-22 12:43:06 [Eureka-EvictionTimer] INFO  c.n.e.r.AbstractInstanceRegistry - Running the evict task with compensationTime 13ms
2026-06-22 12:43:16 [Eureka-EvictionTimer] INFO  c.n.e.r.AbstractInstanceRegistry - Running the evict task with compensationTime 0ms
2026-06-22 12:43:26 [Eureka-EvictionTimer] INFO  c.n.e.r.AbstractInstanceRegistry - Running the evict task with compensationTime 10ms
2026-06-22 12:43:36 [Eureka-EvictionTimer] INFO  c.n.e.r.AbstractInstanceRegistry - Running the evict task with compensationTime 9ms
2026-06-22 12:43:44 [Eureka-PeerNodesUpdater] WARN  c.n.eureka.cluster.PeerEurekaNodes - The replica size seems to be empty. Check the route 53 DNS Registry
2026-06-22 12:43:44 [ReplicaAwareInstanceRegistry - RenewalThresholdUpdater] INFO  c.n.e.r.PeerAwareInstanceRegistryImpl - Current renewal threshold is : 0
2026-06-22 12:43:46 [Eureka-EvictionTimer] INFO  c.n.e.r.AbstractInstanceRegistry - Running the evict task with compensationTime 9ms
2026-06-22 12:43:56 [Eureka-EvictionTimer] INFO  c.n.e.r.AbstractInstanceRegistry - Running the evict task with compensationTime 6ms
2026-06-22 12:44:06 [Eureka-EvictionTimer] INFO  c.n.e.r.AbstractInstanceRegistry - Running the evict task with compensationTime 8ms
2026-06-22 12:44:16 [Eureka-EvictionTimer] INFO  c.n.e.r.AbstractInstanceRegistry - Running the evict task with compensationTime 9ms
2026-06-22 12:44:26 [Eureka-EvictionTimer] INFO  c.n.e.r.AbstractInstanceRegistry - Running the evict task with compensationTime 2ms
2026-06-22 12:44:36 [Eureka-EvictionTimer] INFO  c.n.e.r.AbstractInstanceRegistry - Running the evict task with compensationTime 10ms
2026-06-22 12:44:46 [Eureka-EvictionTimer] INFO  c.n.e.r.AbstractInstanceRegistry - Running the evict task with compensationTime 10ms
2026-06-22 12:44:56 [Eureka-EvictionTimer] INFO  c.n.e.r.AbstractInstanceRegistry - Running the evict task with compensationTime 11ms
2026-06-22 12:45:06 [Eureka-EvictionTimer] INFO  c.n.e.r.AbstractInstanceRegistry - Running the evict task with compensationTime 9ms
2026-06-22 12:45:16 [Eureka-EvictionTimer] INFO  c.n.e.r.AbstractInstanceRegistry - Running the evict task with compensationTime 11ms
2026-06-22 12:45:26 [Eureka-EvictionTimer] INFO  c.n.e.r.AbstractInstanceRegistry - Running the evict task with compensationTime 3ms
2026-06-22 12:45:36 [Eureka-EvictionTimer] INFO  c.n.e.r.AbstractInstanceRegistry - Running the evict task with compensationTime 5ms
2026-06-22 12:45:46 [Eureka-EvictionTimer] INFO  c.n.e.r.AbstractInstanceRegistry - Running the evict task with compensationTime 13ms
2026-06-22 12:45:56 [Eureka-EvictionTimer] INFO  c.n.e.r.AbstractInstanceRegistry - Running the evict task with compensationTime 8ms
2026-06-22 12:46:06 [Eureka-EvictionTimer] INFO  c.n.e.r.AbstractInstanceRegistry - Running the evict task with compensationTime 3ms
2026-06-22 12:46:16 [Eureka-EvictionTimer] INFO  c.n.e.r.AbstractInstanceRegistry - Running the evict task with compensationTime 4ms
2026-06-22 12:46:26 [Eureka-EvictionTimer] INFO  c.n.e.r.AbstractInstanceRegistry - Running the evict task with compensationTime 12ms
2026-06-22 12:46:36 [Eureka-EvictionTimer] INFO  c.n.e.r.AbstractInstanceRegistry - Running the evict task with compensationTime 5ms
2026-06-22 12:46:46 [Eureka-EvictionTimer] INFO  c.n.e.r.AbstractInstanceRegistry - Running the evict task with compensationTime 10ms
2026-06-22 12:46:56 [Eureka-EvictionTimer] INFO  c.n.e.r.AbstractInstanceRegistry - Running the evict task with compensationTime 1ms
2026-06-22 12:47:06 [Eureka-EvictionTimer] INFO  c.n.e.r.AbstractInstanceRegistry - Running the evict task with compensationTime 5ms
2026-06-22 12:47:16 [Eureka-EvictionTimer] INFO  c.n.e.r.AbstractInstanceRegistry - Running the evict task with compensationTime 10ms
2026-06-22 12:47:26 [Eureka-EvictionTimer] INFO  c.n.e.r.AbstractInstanceRegistry - Running the evict task with compensationTime 12ms
2026-06-22 12:47:36 [Eureka-EvictionTimer] INFO  c.n.e.r.AbstractInstanceRegistry - Running the evict task with compensationTime 10ms
2026-06-22 12:47:46 [Eureka-EvictionTimer] INFO  c.n.e.r.AbstractInstanceRegistry - Running the evict task with compensationTime 8ms
2026-06-22 12:47:56 [Eureka-EvictionTimer] INFO  c.n.e.r.AbstractInstanceRegistry - Running the evict task with compensationTime 11ms
2026-06-22 12:48:06 [Eureka-EvictionTimer] INFO  c.n.e.r.AbstractInstanceRegistry - Running the evict task with compensationTime 13ms
2026-06-22 12:48:16 [Eureka-EvictionTimer] INFO  c.n.e.r.AbstractInstanceRegistry - Running the evict task with compensationTime 5ms
2026-06-22 12:48:26 [Eureka-EvictionTimer] INFO  c.n.e.r.AbstractInstanceRegistry - Running the evict task with compensationTime 2ms
2026-06-22 12:48:36 [Eureka-EvictionTimer] INFO  c.n.e.r.AbstractInstanceRegistry - Running the evict task with compensationTime 6ms
2026-06-22 12:48:46 [Eureka-EvictionTimer] INFO  c.n.e.r.AbstractInstanceRegistry - Running the evict task with compensationTime 8ms
2026-06-22 12:48:56 [Eureka-EvictionTimer] INFO  c.n.e.r.AbstractInstanceRegistry - Running the evict task with compensationTime 10ms
2026-06-22 12:49:06 [Eureka-EvictionTimer] INFO  c.n.e.r.AbstractInstanceRegistry - Running the evict task with compensationTime 4ms
2026-06-22 12:49:16 [Eureka-EvictionTimer] INFO  c.n.e.r.AbstractInstanceRegistry - Running the evict task with compensationTime 14ms
2026-06-22 12:49:26 [Eureka-EvictionTimer] INFO  c.n.e.r.AbstractInstanceRegistry - Running the evict task with compensationTime 7ms
2026-06-22 12:49:36 [Eureka-EvictionTimer] INFO  c.n.e.r.AbstractInstanceRegistry - Running the evict task with compensationTime 12ms
2026-06-22 12:49:46 [Eureka-EvictionTimer] INFO  c.n.e.r.AbstractInstanceRegistry - Running the evict task with compensationTime 3ms
2026-06-22 12:49:56 [Eureka-EvictionTimer] INFO  c.n.e.r.AbstractInstanceRegistry - Running the evict task with compensationTime 2ms
2026-06-22 12:50:06 [Eureka-EvictionTimer] INFO  c.n.e.r.AbstractInstanceRegistry - Running the evict task with compensationTime 0ms
2026-06-22 12:50:16 [Eureka-EvictionTimer] INFO  c.n.e.r.AbstractInstanceRegistry - Running the evict task with compensationTime 3ms
2026-06-22 12:50:26 [Eureka-EvictionTimer] INFO  c.n.e.r.AbstractInstanceRegistry - Running the evict task with compensationTime 3ms
2026-06-22 12:50:36 [Eureka-EvictionTimer] INFO  c.n.e.r.AbstractInstanceRegistry - Running the evict task with compensationTime 14ms
2026-06-22 12:50:46 [Eureka-EvictionTimer] INFO  c.n.e.r.AbstractInstanceRegistry - Running the evict task with compensationTime 7ms
2026-06-22 12:50:56 [Eureka-EvictionTimer] INFO  c.n.e.r.AbstractInstanceRegistry - Running the evict task with compensationTime 3ms
2026-06-22 12:51:06 [Eureka-EvictionTimer] INFO  c.n.e.r.AbstractInstanceRegistry - Running the evict task with compensationTime 11ms
2026-06-22 12:51:16 [Eureka-EvictionTimer] INFO  c.n.e.r.AbstractInstanceRegistry - Running the evict task with compensationTime 9ms
2026-06-22 12:51:26 [Eureka-EvictionTimer] INFO  c.n.e.r.AbstractInstanceRegistry - Running the evict task with compensationTime 8ms
2026-06-22 12:51:36 [Eureka-EvictionTimer] INFO  c.n.e.r.AbstractInstanceRegistry - Running the evict task with compensationTime 3ms
2026-06-22 12:51:46 [Eureka-EvictionTimer] INFO  c.n.e.r.AbstractInstanceRegistry - Running the evict task with compensationTime 9ms
2026-06-22 12:51:56 [Eureka-EvictionTimer] INFO  c.n.e.r.AbstractInstanceRegistry - Running the evict task with compensationTime 4ms
2026-06-22 12:52:06 [Eureka-EvictionTimer] INFO  c.n.e.r.AbstractInstanceRegistry - Running the evict task with compensationTime 13ms
2026-06-22 12:52:16 [Eureka-EvictionTimer] INFO  c.n.e.r.AbstractInstanceRegistry - Running the evict task with compensationTime 11ms
2026-06-22 12:52:26 [Eureka-EvictionTimer] INFO  c.n.e.r.AbstractInstanceRegistry - Running the evict task with compensationTime 15ms
2026-06-22 12:52:36 [Eureka-EvictionTimer] INFO  c.n.e.r.AbstractInstanceRegistry - Running the evict task with compensationTime 1ms
2026-06-22 12:52:46 [Eureka-EvictionTimer] INFO  c.n.e.r.AbstractInstanceRegistry - Running the evict task with compensationTime 5ms
2026-06-22 12:52:56 [Eureka-EvictionTimer] INFO  c.n.e.r.AbstractInstanceRegistry - Running the evict task with compensationTime 9ms
2026-06-22 12:53:06 [Eureka-EvictionTimer] INFO  c.n.e.r.AbstractInstanceRegistry - Running the evict task with compensationTime 11ms
2026-06-22 12:53:16 [Eureka-EvictionTimer] INFO  c.n.e.r.AbstractInstanceRegistry - Running the evict task with compensationTime 3ms
2026-06-22 12:53:26 [Eureka-EvictionTimer] INFO  c.n.e.r.AbstractInstanceRegistry - Running the evict task with compensationTime 11ms
2026-06-22 12:53:36 [Eureka-EvictionTimer] INFO  c.n.e.r.AbstractInstanceRegistry - Running the evict task with compensationTime 15ms
2026-06-22 12:53:44 [Eureka-PeerNodesUpdater] WARN  c.n.eureka.cluster.PeerEurekaNodes - The replica size seems to be empty. Check the route 53 DNS Registry
2026-06-22 12:53:46 [Eureka-EvictionTimer] INFO  c.n.e.r.AbstractInstanceRegistry - Running the evict task with compensationTime 9ms
2026-06-22 12:53:56 [Eureka-EvictionTimer] INFO  c.n.e.r.AbstractInstanceRegistry - Running the evict task with compensationTime 1ms
2026-06-22 12:54:06 [Eureka-EvictionTimer] INFO  c.n.e.r.AbstractInstanceRegistry - Running the evict task with compensationTime 0ms
2026-06-22 12:54:16 [Eureka-EvictionTimer] INFO  c.n.e.r.AbstractInstanceRegistry - Running the evict task with compensationTime 9ms
2026-06-22 12:54:26 [Eureka-EvictionTimer] INFO  c.n.e.r.AbstractInstanceRegistry - Running the evict task with compensationTime 15ms
2026-06-22 12:54:36 [Eureka-EvictionTimer] INFO  c.n.e.r.AbstractInstanceRegistry - Running the evict task with compensationTime 1ms
2026-06-22 12:54:46 [Eureka-EvictionTimer] INFO  c.n.e.r.AbstractInstanceRegistry - Running the evict task with compensationTime 8ms
2026-06-22 12:54:56 [Eureka-EvictionTimer] INFO  c.n.e.r.AbstractInstanceRegistry - Running the evict task with compensationTime 5ms
2026-06-22 12:55:06 [Eureka-EvictionTimer] INFO  c.n.e.r.AbstractInstanceRegistry - Running the evict task with compensationTime 11ms
2026-06-22 12:55:16 [Eureka-EvictionTimer] INFO  c.n.e.r.AbstractInstanceRegistry - Running the evict task with compensationTime 16ms
2026-06-22 12:55:26 [Eureka-EvictionTimer] INFO  c.n.e.r.AbstractInstanceRegistry - Running the evict task with compensationTime 3ms
2026-06-22 12:55:36 [Eureka-EvictionTimer] INFO  c.n.e.r.AbstractInstanceRegistry - Running the evict task with compensationTime 14ms
2026-06-22 12:55:46 [Eureka-EvictionTimer] INFO  c.n.e.r.AbstractInstanceRegistry - Running the evict task with compensationTime 9ms
2026-06-22 12:55:56 [Eureka-EvictionTimer] INFO  c.n.e.r.AbstractInstanceRegistry - Running the evict task with compensationTime 10ms
2026-06-22 12:56:06 [Eureka-EvictionTimer] INFO  c.n.e.r.AbstractInstanceRegistry - Running the evict task with compensationTime 9ms
2026-06-22 12:56:16 [Eureka-EvictionTimer] INFO  c.n.e.r.AbstractInstanceRegistry - Running the evict task with compensationTime 6ms
2026-06-22 12:56:26 [Eureka-EvictionTimer] INFO  c.n.e.r.AbstractInstanceRegistry - Running the evict task with compensationTime 15ms
2026-06-22 12:56:36 [Eureka-EvictionTimer] INFO  c.n.e.r.AbstractInstanceRegistry - Running the evict task with compensationTime 3ms
2026-06-22 12:56:46 [Eureka-EvictionTimer] INFO  c.n.e.r.AbstractInstanceRegistry - Running the evict task with compensationTime 1ms
2026-06-22 12:56:56 [Eureka-EvictionTimer] INFO  c.n.e.r.AbstractInstanceRegistry - Running the evict task with compensationTime 1ms
2026-06-22 12:57:06 [Eureka-EvictionTimer] INFO  c.n.e.r.AbstractInstanceRegistry - Running the evict task with compensationTime 6ms
2026-06-22 12:57:16 [Eureka-EvictionTimer] INFO  c.n.e.r.AbstractInstanceRegistry - Running the evict task with compensationTime 14ms
2026-06-22 12:57:26 [Eureka-EvictionTimer] INFO  c.n.e.r.AbstractInstanceRegistry - Running the evict task with compensationTime 15ms
2026-06-22 12:57:36 [Eureka-EvictionTimer] INFO  c.n.e.r.AbstractInstanceRegistry - Running the evict task with compensationTime 6ms
2026-06-22 12:57:46 [Eureka-EvictionTimer] INFO  c.n.e.r.AbstractInstanceRegistry - Running the evict task with compensationTime 4ms
2026-06-22 12:57:56 [Eureka-EvictionTimer] INFO  c.n.e.r.AbstractInstanceRegistry - Running the evict task with compensationTime 12ms
2026-06-22 12:58:06 [Eureka-EvictionTimer] INFO  c.n.e.r.AbstractInstanceRegistry - Running the evict task with compensationTime 6ms
2026-06-22 12:58:16 [Eureka-EvictionTimer] INFO  c.n.e.r.AbstractInstanceRegistry - Running the evict task with compensationTime 8ms
2026-06-22 12:58:26 [Eureka-EvictionTimer] INFO  c.n.e.r.AbstractInstanceRegistry - Running the evict task with compensationTime 14ms
2026-06-22 12:58:36 [Eureka-EvictionTimer] INFO  c.n.e.r.AbstractInstanceRegistry - Running the evict task with compensationTime 2ms
2026-06-22 12:58:44 [ReplicaAwareInstanceRegistry - RenewalThresholdUpdater] INFO  c.n.e.r.PeerAwareInstanceRegistryImpl - Current renewal threshold is : 0
2026-06-22 12:58:46 [Eureka-EvictionTimer] INFO  c.n.e.r.AbstractInstanceRegistry - Running the evict task with compensationTime 5ms
2026-06-22 12:58:56 [Eureka-EvictionTimer] INFO  c.n.e.r.AbstractInstanceRegistry - Running the evict task with compensationTime 6ms
2026-06-22 12:59:06 [Eureka-EvictionTimer] INFO  c.n.e.r.AbstractInstanceRegistry - Running the evict task with compensationTime 9ms
2026-06-22 12:59:16 [Eureka-EvictionTimer] INFO  c.n.e.r.AbstractInstanceRegistry - Running the evict task with compensationTime 13ms
2026-06-22 12:59:26 [Eureka-EvictionTimer] INFO  c.n.e.r.AbstractInstanceRegistry - Running the evict task with compensationTime 0ms
2026-06-22 12:59:36 [Eureka-EvictionTimer] INFO  c.n.e.r.AbstractInstanceRegistry - Running the evict task with compensationTime 4ms
2026-06-22 12:59:47 [Eureka-EvictionTimer] INFO  c.n.e.r.AbstractInstanceRegistry - Running the evict task with compensationTime 13ms
2026-06-22 12:59:57 [Eureka-EvictionTimer] INFO  c.n.e.r.AbstractInstanceRegistry - Running the evict task with compensationTime 13ms
2026-06-22 13:00:07 [Eureka-EvictionTimer] INFO  c.n.e.r.AbstractInstanceRegistry - Running the evict task with compensationTime 6ms
2026-06-22 13:00:17 [Eureka-EvictionTimer] INFO  c.n.e.r.AbstractInstanceRegistry - Running the evict task with compensationTime 12ms
2026-06-22 13:00:27 [Eureka-EvictionTimer] INFO  c.n.e.r.AbstractInstanceRegistry - Running the evict task with compensationTime 4ms
2026-06-22 13:00:37 [Eureka-EvictionTimer] INFO  c.n.e.r.AbstractInstanceRegistry - Running the evict task with compensationTime 0ms
2026-06-22 13:00:47 [Eureka-EvictionTimer] INFO  c.n.e.r.AbstractInstanceRegistry - Running the evict task with compensationTime 0ms
2026-06-22 13:00:57 [Eureka-EvictionTimer] INFO  c.n.e.r.AbstractInstanceRegistry - Running the evict task with compensationTime 8ms
2026-06-22 13:01:07 [Eureka-EvictionTimer] INFO  c.n.e.r.AbstractInstanceRegistry - Running the evict task with compensationTime 1ms
2026-06-22 13:01:17 [Eureka-EvictionTimer] INFO  c.n.e.r.AbstractInstanceRegistry - Running the evict task with compensationTime 1ms
2026-06-22 13:01:27 [Eureka-EvictionTimer] INFO  c.n.e.r.AbstractInstanceRegistry - Running the evict task with compensationTime 5ms
2026-06-22 13:01:37 [Eureka-EvictionTimer] INFO  c.n.e.r.AbstractInstanceRegistry - Running the evict task with compensationTime 6ms
2026-06-22 13:01:47 [Eureka-EvictionTimer] INFO  c.n.e.r.AbstractInstanceRegistry - Running the evict task with compensationTime 3ms
2026-06-22 13:01:57 [Eureka-EvictionTimer] INFO  c.n.e.r.AbstractInstanceRegistry - Running the evict task with compensationTime 8ms
2026-06-22 13:02:07 [Eureka-EvictionTimer] INFO  c.n.e.r.AbstractInstanceRegistry - Running the evict task with compensationTime 18ms
2026-06-22 13:02:17 [Eureka-EvictionTimer] INFO  c.n.e.r.AbstractInstanceRegistry - Running the evict task with compensationTime 14ms
2026-06-22 13:02:27 [Eureka-EvictionTimer] INFO  c.n.e.r.AbstractInstanceRegistry - Running the evict task with compensationTime 15ms
2026-06-22 13:02:37 [Eureka-EvictionTimer] INFO  c.n.e.r.AbstractInstanceRegistry - Running the evict task with compensationTime 8ms
2026-06-22 13:02:47 [Eureka-EvictionTimer] INFO  c.n.e.r.AbstractInstanceRegistry - Running the evict task with compensationTime 5ms
2026-06-22 13:02:57 [Eureka-EvictionTimer] INFO  c.n.e.r.AbstractInstanceRegistry - Running the evict task with compensationTime 2ms
2026-06-22 13:03:07 [Eureka-EvictionTimer] INFO  c.n.e.r.AbstractInstanceRegistry - Running the evict task with compensationTime 1ms
2026-06-22 13:03:17 [Eureka-EvictionTimer] INFO  c.n.e.r.AbstractInstanceRegistry - Running the evict task with compensationTime 1ms
2026-06-22 13:03:27 [Eureka-EvictionTimer] INFO  c.n.e.r.AbstractInstanceRegistry - Running the evict task with compensationTime 8ms
2026-06-22 13:03:37 [Eureka-EvictionTimer] INFO  c.n.e.r.AbstractInstanceRegistry - Running the evict task with compensationTime 12ms
2026-06-22 13:03:44 [Eureka-PeerNodesUpdater] WARN  c.n.eureka.cluster.PeerEurekaNodes - The replica size seems to be empty. Check the route 53 DNS Registry
2026-06-22 13:03:47 [Eureka-EvictionTimer] INFO  c.n.e.r.AbstractInstanceRegistry - Running the evict task with compensationTime 9ms
2026-06-22 13:03:57 [Eureka-EvictionTimer] INFO  c.n.e.r.AbstractInstanceRegistry - Running the evict task with compensationTime 5ms
2026-06-22 13:04:07 [Eureka-EvictionTimer] INFO  c.n.e.r.AbstractInstanceRegistry - Running the evict task with compensationTime 10ms
2026-06-22 13:04:17 [Eureka-EvictionTimer] INFO  c.n.e.r.AbstractInstanceRegistry - Running the evict task with compensationTime 12ms
2026-06-22 13:04:27 [Eureka-EvictionTimer] INFO  c.n.e.r.AbstractInstanceRegistry - Running the evict task with compensationTime 11ms
2026-06-22 13:04:37 [Eureka-EvictionTimer] INFO  c.n.e.r.AbstractInstanceRegistry - Running the evict task with compensationTime 14ms
2026-06-22 13:04:47 [Eureka-EvictionTimer] INFO  c.n.e.r.AbstractInstanceRegistry - Running the evict task with compensationTime 2ms
2026-06-22 13:04:57 [Eureka-EvictionTimer] INFO  c.n.e.r.AbstractInstanceRegistry - Running the evict task with compensationTime 4ms
2026-06-22 13:05:07 [Eureka-EvictionTimer] INFO  c.n.e.r.AbstractInstanceRegistry - Running the evict task with compensationTime 13ms
2026-06-22 13:05:17 [Eureka-EvictionTimer] INFO  c.n.e.r.AbstractInstanceRegistry - Running the evict task with compensationTime 14ms
2026-06-22 13:05:27 [Eureka-EvictionTimer] INFO  c.n.e.r.AbstractInstanceRegistry - Running the evict task with compensationTime 7ms
2026-06-22 13:05:37 [Eureka-EvictionTimer] INFO  c.n.e.r.AbstractInstanceRegistry - Running the evict task with compensationTime 9ms
2026-06-22 13:05:47 [Eureka-EvictionTimer] INFO  c.n.e.r.AbstractInstanceRegistry - Running the evict task with compensationTime 2ms
2026-06-22 13:05:57 [Eureka-EvictionTimer] INFO  c.n.e.r.AbstractInstanceRegistry - Running the evict task with compensationTime 6ms
2026-06-22 13:06:07 [Eureka-EvictionTimer] INFO  c.n.e.r.AbstractInstanceRegistry - Running the evict task with compensationTime 7ms
2026-06-22 13:06:17 [Eureka-EvictionTimer] INFO  c.n.e.r.AbstractInstanceRegistry - Running the evict task with compensationTime 6ms
2026-06-22 13:06:27 [Eureka-EvictionTimer] INFO  c.n.e.r.AbstractInstanceRegistry - Running the evict task with compensationTime 3ms
2026-06-22 13:06:37 [Eureka-EvictionTimer] INFO  c.n.e.r.AbstractInstanceRegistry - Running the evict task with compensationTime 8ms
2026-06-22 13:06:47 [Eureka-EvictionTimer] INFO  c.n.e.r.AbstractInstanceRegistry - Running the evict task with compensationTime 7ms
2026-06-22 13:06:57 [Eureka-EvictionTimer] INFO  c.n.e.r.AbstractInstanceRegistry - Running the evict task with compensationTime 3ms
2026-06-22 13:07:07 [Eureka-EvictionTimer] INFO  c.n.e.r.AbstractInstanceRegistry - Running the evict task with compensationTime 5ms
2026-06-22 13:07:17 [Eureka-EvictionTimer] INFO  c.n.e.r.AbstractInstanceRegistry - Running the evict task with compensationTime 8ms
2026-06-22 13:07:27 [Eureka-EvictionTimer] INFO  c.n.e.r.AbstractInstanceRegistry - Running the evict task with compensationTime 8ms
2026-06-22 13:07:37 [Eureka-EvictionTimer] INFO  c.n.e.r.AbstractInstanceRegistry - Running the evict task with compensationTime 2ms
2026-06-22 13:07:47 [Eureka-EvictionTimer] INFO  c.n.e.r.AbstractInstanceRegistry - Running the evict task with compensationTime 14ms
2026-06-22 13:07:57 [Eureka-EvictionTimer] INFO  c.n.e.r.AbstractInstanceRegistry - Running the evict task with compensationTime 14ms
2026-06-22 13:08:07 [Eureka-EvictionTimer] INFO  c.n.e.r.AbstractInstanceRegistry - Running the evict task with compensationTime 6ms
2026-06-22 13:08:17 [Eureka-EvictionTimer] INFO  c.n.e.r.AbstractInstanceRegistry - Running the evict task with compensationTime 13ms
2026-06-22 13:08:27 [Eureka-EvictionTimer] INFO  c.n.e.r.AbstractInstanceRegistry - Running the evict task with compensationTime 11ms
2026-06-22 13:08:37 [Eureka-EvictionTimer] INFO  c.n.e.r.AbstractInstanceRegistry - Running the evict task with compensationTime 0ms
2026-06-22 13:08:47 [Eureka-EvictionTimer] INFO  c.n.e.r.AbstractInstanceRegistry - Running the evict task with compensationTime 5ms
2026-06-22 13:08:57 [Eureka-EvictionTimer] INFO  c.n.e.r.AbstractInstanceRegistry - Running the evict task with compensationTime 13ms
2026-06-22 13:09:07 [Eureka-EvictionTimer] INFO  c.n.e.r.AbstractInstanceRegistry - Running the evict task with compensationTime 13ms
2026-06-22 13:09:17 [Eureka-EvictionTimer] INFO  c.n.e.r.AbstractInstanceRegistry - Running the evict task with compensationTime 15ms
2026-06-22 13:09:27 [Eureka-EvictionTimer] INFO  c.n.e.r.AbstractInstanceRegistry - Running the evict task with compensationTime 4ms
2026-06-22 13:09:37 [Eureka-EvictionTimer] INFO  c.n.e.r.AbstractInstanceRegistry - Running the evict task with compensationTime 5ms
2026-06-22 13:09:47 [Eureka-EvictionTimer] INFO  c.n.e.r.AbstractInstanceRegistry - Running the evict task with compensationTime 6ms
2026-06-22 13:09:57 [Eureka-EvictionTimer] INFO  c.n.e.r.AbstractInstanceRegistry - Running the evict task with compensationTime 12ms
2026-06-22 13:10:07 [Eureka-EvictionTimer] INFO  c.n.e.r.AbstractInstanceRegistry - Running the evict task with compensationTime 14ms
2026-06-22 13:10:17 [Eureka-EvictionTimer] INFO  c.n.e.r.AbstractInstanceRegistry - Running the evict task with compensationTime 9ms
2026-06-22 13:10:27 [Eureka-EvictionTimer] INFO  c.n.e.r.AbstractInstanceRegistry - Running the evict task with compensationTime 9ms
2026-06-22 13:10:37 [Eureka-EvictionTimer] INFO  c.n.e.r.AbstractInstanceRegistry - Running the evict task with compensationTime 12ms
2026-06-22 13:10:47 [Eureka-EvictionTimer] INFO  c.n.e.r.AbstractInstanceRegistry - Running the evict task with compensationTime 6ms
2026-06-22 13:10:57 [Eureka-EvictionTimer] INFO  c.n.e.r.AbstractInstanceRegistry - Running the evict task with compensationTime 14ms
2026-06-22 13:11:07 [Eureka-EvictionTimer] INFO  c.n.e.r.AbstractInstanceRegistry - Running the evict task with compensationTime 2ms
2026-06-22 13:11:17 [Eureka-EvictionTimer] INFO  c.n.e.r.AbstractInstanceRegistry - Running the evict task with compensationTime 3ms
2026-06-22 13:11:27 [Eureka-EvictionTimer] INFO  c.n.e.r.AbstractInstanceRegistry - Running the evict task with compensationTime 14ms
2026-06-22 13:11:37 [Eureka-EvictionTimer] INFO  c.n.e.r.AbstractInstanceRegistry - Running the evict task with compensationTime 7ms
2026-06-22 13:11:47 [Eureka-EvictionTimer] INFO  c.n.e.r.AbstractInstanceRegistry - Running the evict task with compensationTime 0ms
2026-06-22 13:11:57 [Eureka-EvictionTimer] INFO  c.n.e.r.AbstractInstanceRegistry - Running the evict task with compensationTime 3ms
2026-06-22 13:12:07 [Eureka-EvictionTimer] INFO  c.n.e.r.AbstractInstanceRegistry - Running the evict task with compensationTime 0ms
2026-06-22 13:12:17 [Eureka-EvictionTimer] INFO  c.n.e.r.AbstractInstanceRegistry - Running the evict task with compensationTime 0ms
2026-06-22 13:12:27 [Eureka-EvictionTimer] INFO  c.n.e.r.AbstractInstanceRegistry - Running the evict task with compensationTime 7ms
2026-06-22 13:12:37 [Eureka-EvictionTimer] INFO  c.n.e.r.AbstractInstanceRegistry - Running the evict task with compensationTime 5ms
2026-06-22 13:12:47 [Eureka-EvictionTimer] INFO  c.n.e.r.AbstractInstanceRegistry - Running the evict task with compensationTime 3ms
2026-06-22 13:12:57 [Eureka-EvictionTimer] INFO  c.n.e.r.AbstractInstanceRegistry - Running the evict task with compensationTime 8ms
2026-06-22 13:13:07 [Eureka-EvictionTimer] INFO  c.n.e.r.AbstractInstanceRegistry - Running the evict task with compensationTime 11ms
2026-06-22 13:13:17 [Eureka-EvictionTimer] INFO  c.n.e.r.AbstractInstanceRegistry - Running the evict task with compensationTime 9ms
2026-06-22 13:13:27 [Eureka-EvictionTimer] INFO  c.n.e.r.AbstractInstanceRegistry - Running the evict task with compensationTime 12ms
2026-06-22 13:13:37 [Eureka-EvictionTimer] INFO  c.n.e.r.AbstractInstanceRegistry - Running the evict task with compensationTime 0ms
2026-06-22 13:13:44 [Eureka-PeerNodesUpdater] WARN  c.n.eureka.cluster.PeerEurekaNodes - The replica size seems to be empty. Check the route 53 DNS Registry
2026-06-22 13:13:44 [ReplicaAwareInstanceRegistry - RenewalThresholdUpdater] INFO  c.n.e.r.PeerAwareInstanceRegistryImpl - Current renewal threshold is : 0
2026-06-22 13:13:47 [Eureka-EvictionTimer] INFO  c.n.e.r.AbstractInstanceRegistry - Running the evict task with compensationTime 8ms
2026-06-22 13:13:57 [Eureka-EvictionTimer] INFO  c.n.e.r.AbstractInstanceRegistry - Running the evict task with compensationTime 13ms
2026-06-22 13:14:07 [Eureka-EvictionTimer] INFO  c.n.e.r.AbstractInstanceRegistry - Running the evict task with compensationTime 11ms
2026-06-22 13:14:17 [Eureka-EvictionTimer] INFO  c.n.e.r.AbstractInstanceRegistry - Running the evict task with compensationTime 12ms
2026-06-22 13:14:27 [Eureka-EvictionTimer] INFO  c.n.e.r.AbstractInstanceRegistry - Running the evict task with compensationTime 4ms
2026-06-22 13:14:37 [Eureka-EvictionTimer] INFO  c.n.e.r.AbstractInstanceRegistry - Running the evict task with compensationTime 7ms
2026-06-22 13:14:47 [Eureka-EvictionTimer] INFO  c.n.e.r.AbstractInstanceRegistry - Running the evict task with compensationTime 11ms
2026-06-22 13:14:57 [Eureka-EvictionTimer] INFO  c.n.e.r.AbstractInstanceRegistry - Running the evict task with compensationTime 11ms
2026-06-22 13:15:07 [Eureka-EvictionTimer] INFO  c.n.e.r.AbstractInstanceRegistry - Running the evict task with compensationTime 14ms
2026-06-22 13:15:17 [Eureka-EvictionTimer] INFO  c.n.e.r.AbstractInstanceRegistry - Running the evict task with compensationTime 7ms
2026-06-22 13:15:27 [Eureka-EvictionTimer] INFO  c.n.e.r.AbstractInstanceRegistry - Running the evict task with compensationTime 11ms
2026-06-22 13:15:37 [Eureka-EvictionTimer] INFO  c.n.e.r.AbstractInstanceRegistry - Running the evict task with compensationTime 4ms
2026-06-22 13:15:47 [Eureka-EvictionTimer] INFO  c.n.e.r.AbstractInstanceRegistry - Running the evict task with compensationTime 14ms
2026-06-22 13:15:57 [Eureka-EvictionTimer] INFO  c.n.e.r.AbstractInstanceRegistry - Running the evict task with compensationTime 11ms
2026-06-22 13:16:07 [Eureka-EvictionTimer] INFO  c.n.e.r.AbstractInstanceRegistry - Running the evict task with compensationTime 5ms
2026-06-22 13:16:17 [Eureka-EvictionTimer] INFO  c.n.e.r.AbstractInstanceRegistry - Running the evict task with compensationTime 14ms
2026-06-22 13:16:27 [Eureka-EvictionTimer] INFO  c.n.e.r.AbstractInstanceRegistry - Running the evict task with compensationTime 2ms
2026-06-22 13:16:37 [Eureka-EvictionTimer] INFO  c.n.e.r.AbstractInstanceRegistry - Running the evict task with compensationTime 14ms
2026-06-22 13:16:47 [Eureka-EvictionTimer] INFO  c.n.e.r.AbstractInstanceRegistry - Running the evict task with compensationTime 15ms
2026-06-22 13:16:57 [Eureka-EvictionTimer] INFO  c.n.e.r.AbstractInstanceRegistry - Running the evict task with compensationTime 1ms
2026-06-22 13:17:07 [Eureka-EvictionTimer] INFO  c.n.e.r.AbstractInstanceRegistry - Running the evict task with compensationTime 0ms
2026-06-22 13:17:17 [Eureka-EvictionTimer] INFO  c.n.e.r.AbstractInstanceRegistry - Running the evict task with compensationTime 1ms
2026-06-22 13:17:27 [Eureka-EvictionTimer] INFO  c.n.e.r.AbstractInstanceRegistry - Running the evict task with compensationTime 2ms
2026-06-22 13:17:37 [Eureka-EvictionTimer] INFO  c.n.e.r.AbstractInstanceRegistry - Running the evict task with compensationTime 8ms
2026-06-22 13:17:47 [Eureka-EvictionTimer] INFO  c.n.e.r.AbstractInstanceRegistry - Running the evict task with compensationTime 0ms
2026-06-22 13:17:57 [Eureka-EvictionTimer] INFO  c.n.e.r.AbstractInstanceRegistry - Running the evict task with compensationTime 2ms
2026-06-22 13:18:07 [Eureka-EvictionTimer] INFO  c.n.e.r.AbstractInstanceRegistry - Running the evict task with compensationTime 0ms
2026-06-22 13:18:17 [Eureka-EvictionTimer] INFO  c.n.e.r.AbstractInstanceRegistry - Running the evict task with compensationTime 0ms
2026-06-22 13:18:27 [Eureka-EvictionTimer] INFO  c.n.e.r.AbstractInstanceRegistry - Running the evict task with compensationTime 1ms
2026-06-22 13:18:37 [Eureka-EvictionTimer] INFO  c.n.e.r.AbstractInstanceRegistry - Running the evict task with compensationTime 14ms
2026-06-22 13:18:47 [Eureka-EvictionTimer] INFO  c.n.e.r.AbstractInstanceRegistry - Running the evict task with compensationTime 0ms
2026-06-22 13:58:19 [Eureka-EvictionTimer] INFO  c.n.e.r.AbstractInstanceRegistry - Running the evict task with compensationTime 2361243ms
2026-06-22 13:58:29 [Eureka-EvictionTimer] INFO  c.n.e.r.AbstractInstanceRegistry - Running the evict task with compensationTime 0ms
2026-06-22 13:58:39 [Eureka-EvictionTimer] INFO  c.n.e.r.AbstractInstanceRegistry - Running the evict task with compensationTime 0ms
2026-06-22 13:58:49 [Eureka-EvictionTimer] INFO  c.n.e.r.AbstractInstanceRegistry - Running the evict task with compensationTime 0ms
2026-06-22 13:58:59 [Eureka-EvictionTimer] INFO  c.n.e.r.AbstractInstanceRegistry - Running the evict task with compensationTime 0ms
2026-06-22 13:59:09 [Eureka-EvictionTimer] INFO  c.n.e.r.AbstractInstanceRegistry - Running the evict task with compensationTime 0ms
2026-06-22 13:59:19 [Eureka-EvictionTimer] INFO  c.n.e.r.AbstractInstanceRegistry - Running the evict task with compensationTime 0ms
2026-06-22 13:59:29 [Eureka-EvictionTimer] INFO  c.n.e.r.AbstractInstanceRegistry - Running the evict task with compensationTime 0ms
2026-06-22 13:59:39 [Eureka-EvictionTimer] INFO  c.n.e.r.AbstractInstanceRegistry - Running the evict task with compensationTime 8ms
2026-06-22 13:59:49 [Eureka-EvictionTimer] INFO  c.n.e.r.AbstractInstanceRegistry - Running the evict task with compensationTime 0ms
2026-06-22 13:59:59 [Eureka-EvictionTimer] INFO  c.n.e.r.AbstractInstanceRegistry - Running the evict task with compensationTime 0ms
2026-06-22 14:00:09 [Eureka-EvictionTimer] INFO  c.n.e.r.AbstractInstanceRegistry - Running the evict task with compensationTime 0ms
2026-06-22 14:00:19 [Eureka-EvictionTimer] INFO  c.n.e.r.AbstractInstanceRegistry - Running the evict task with compensationTime 0ms
2026-06-22 14:00:29 [Eureka-EvictionTimer] INFO  c.n.e.r.AbstractInstanceRegistry - Running the evict task with compensationTime 0ms
2026-06-22 14:00:39 [Eureka-EvictionTimer] INFO  c.n.e.r.AbstractInstanceRegistry - Running the evict task with compensationTime 0ms
2026-06-22 14:00:49 [Eureka-EvictionTimer] INFO  c.n.e.r.AbstractInstanceRegistry - Running the evict task with compensationTime 0ms
2026-06-22 14:00:59 [Eureka-EvictionTimer] INFO  c.n.e.r.AbstractInstanceRegistry - Running the evict task with compensationTime 1ms
2026-06-22 14:01:09 [Eureka-EvictionTimer] INFO  c.n.e.r.AbstractInstanceRegistry - Running the evict task with compensationTime 0ms
2026-06-22 14:01:19 [Eureka-EvictionTimer] INFO  c.n.e.r.AbstractInstanceRegistry - Running the evict task with compensationTime 5ms
2026-06-22 14:01:29 [Eureka-EvictionTimer] INFO  c.n.e.r.AbstractInstanceRegistry - Running the evict task with compensationTime 0ms
2026-06-22 14:01:39 [Eureka-EvictionTimer] INFO  c.n.e.r.AbstractInstanceRegistry - Running the evict task with compensationTime 13ms
2026-06-22 14:01:49 [Eureka-EvictionTimer] INFO  c.n.e.r.AbstractInstanceRegistry - Running the evict task with compensationTime 7ms
2026-06-22 14:01:59 [Eureka-EvictionTimer] INFO  c.n.e.r.AbstractInstanceRegistry - Running the evict task with compensationTime 9ms
2026-06-22 14:02:09 [Eureka-EvictionTimer] INFO  c.n.e.r.AbstractInstanceRegistry - Running the evict task with compensationTime 3ms
2026-06-22 14:02:19 [Eureka-EvictionTimer] INFO  c.n.e.r.AbstractInstanceRegistry - Running the evict task with compensationTime 15ms
2026-06-22 14:02:29 [Eureka-EvictionTimer] INFO  c.n.e.r.AbstractInstanceRegistry - Running the evict task with compensationTime 8ms
2026-06-22 14:02:39 [Eureka-EvictionTimer] INFO  c.n.e.r.AbstractInstanceRegistry - Running the evict task with compensationTime 10ms
2026-06-22 14:02:49 [Eureka-EvictionTimer] INFO  c.n.e.r.AbstractInstanceRegistry - Running the evict task with compensationTime 14ms
2026-06-22 14:02:59 [Eureka-EvictionTimer] INFO  c.n.e.r.AbstractInstanceRegistry - Running the evict task with compensationTime 1ms
2026-06-22 14:03:05 [Eureka-PeerNodesUpdater] WARN  c.n.eureka.cluster.PeerEurekaNodes - The replica size seems to be empty. Check the route 53 DNS Registry
2026-06-22 14:03:09 [Eureka-EvictionTimer] INFO  c.n.e.r.AbstractInstanceRegistry - Running the evict task with compensationTime 2ms
2026-06-22 14:03:19 [Eureka-EvictionTimer] INFO  c.n.e.r.AbstractInstanceRegistry - Running the evict task with compensationTime 3ms
2026-06-22 14:03:29 [Eureka-EvictionTimer] INFO  c.n.e.r.AbstractInstanceRegistry - Running the evict task with compensationTime 15ms
2026-06-22 14:03:39 [Eureka-EvictionTimer] INFO  c.n.e.r.AbstractInstanceRegistry - Running the evict task with compensationTime 2ms
2026-06-22 14:03:49 [Eureka-EvictionTimer] INFO  c.n.e.r.AbstractInstanceRegistry - Running the evict task with compensationTime 12ms
2026-06-22 14:03:59 [Eureka-EvictionTimer] INFO  c.n.e.r.AbstractInstanceRegistry - Running the evict task with compensationTime 11ms
2026-06-22 14:04:09 [Eureka-EvictionTimer] INFO  c.n.e.r.AbstractInstanceRegistry - Running the evict task with compensationTime 4ms
2026-06-22 14:04:19 [Eureka-EvictionTimer] INFO  c.n.e.r.AbstractInstanceRegistry - Running the evict task with compensationTime 6ms
2026-06-22 14:04:29 [Eureka-EvictionTimer] INFO  c.n.e.r.AbstractInstanceRegistry - Running the evict task with compensationTime 8ms
2026-06-22 14:04:39 [Eureka-EvictionTimer] INFO  c.n.e.r.AbstractInstanceRegistry - Running the evict task with compensationTime 6ms
2026-06-22 14:04:49 [Eureka-EvictionTimer] INFO  c.n.e.r.AbstractInstanceRegistry - Running the evict task with compensationTime 8ms
2026-06-22 14:04:55 [http-nio-8761-exec-8] WARN  o.s.web.servlet.PageNotFound - No mapping for GET /eureka/css/wro.css
2026-06-22 14:04:55 [http-nio-8761-exec-3] WARN  o.s.web.servlet.PageNotFound - No mapping for GET /eureka/js/wro.js
2026-06-22 14:04:55 [http-nio-8761-exec-8] WARN  o.s.web.servlet.PageNotFound - No endpoint GET /eureka/css/wro.css.
2026-06-22 14:04:55 [http-nio-8761-exec-3] WARN  o.s.web.servlet.PageNotFound - No endpoint GET /eureka/js/wro.js.
2026-06-22 14:04:59 [Eureka-EvictionTimer] INFO  c.n.e.r.AbstractInstanceRegistry - Running the evict task with compensationTime 14ms
2026-06-22 14:05:09 [Eureka-EvictionTimer] INFO  c.n.e.r.AbstractInstanceRegistry - Running the evict task with compensationTime 6ms
2026-06-22 14:05:19 [Eureka-EvictionTimer] INFO  c.n.e.r.AbstractInstanceRegistry - Running the evict task with compensationTime 0ms
2026-06-22 14:05:29 [Eureka-EvictionTimer] INFO  c.n.e.r.AbstractInstanceRegistry - Running the evict task with compensationTime 2ms
2026-06-22 14:05:39 [Eureka-EvictionTimer] INFO  c.n.e.r.AbstractInstanceRegistry - Running the evict task with compensationTime 0ms
2026-06-22 14:05:49 [Eureka-EvictionTimer] INFO  c.n.e.r.AbstractInstanceRegistry - Running the evict task with compensationTime 9ms
2026-06-22 14:05:59 [Eureka-EvictionTimer] INFO  c.n.e.r.AbstractInstanceRegistry - Running the evict task with compensationTime 1ms
2026-06-22 14:06:09 [Eureka-EvictionTimer] INFO  c.n.e.r.AbstractInstanceRegistry - Running the evict task with compensationTime 10ms
2026-06-22 14:06:19 [Eureka-EvictionTimer] INFO  c.n.e.r.AbstractInstanceRegistry - Running the evict task with compensationTime 12ms
2026-06-22 14:06:29 [Eureka-EvictionTimer] INFO  c.n.e.r.AbstractInstanceRegistry - Running the evict task with compensationTime 14ms
2026-06-22 14:06:39 [Eureka-EvictionTimer] INFO  c.n.e.r.AbstractInstanceRegistry - Running the evict task with compensationTime 11ms
2026-06-22 14:06:49 [Eureka-EvictionTimer] INFO  c.n.e.r.AbstractInstanceRegistry - Running the evict task with compensationTime 6ms
2026-06-22 14:06:59 [Eureka-EvictionTimer] INFO  c.n.e.r.AbstractInstanceRegistry - Running the evict task with compensationTime 8ms
2026-06-22 14:07:09 [Eureka-EvictionTimer] INFO  c.n.e.r.AbstractInstanceRegistry - Running the evict task with compensationTime 6ms
2026-06-22 14:07:19 [Eureka-EvictionTimer] INFO  c.n.e.r.AbstractInstanceRegistry - Running the evict task with compensationTime 2ms
2026-06-22 14:07:29 [Eureka-EvictionTimer] INFO  c.n.e.r.AbstractInstanceRegistry - Running the evict task with compensationTime 10ms
2026-06-22 14:07:39 [Eureka-EvictionTimer] INFO  c.n.e.r.AbstractInstanceRegistry - Running the evict task with compensationTime 13ms
2026-06-22 14:07:49 [Eureka-EvictionTimer] INFO  c.n.e.r.AbstractInstanceRegistry - Running the evict task with compensationTime 11ms
2026-06-22 14:07:59 [Eureka-EvictionTimer] INFO  c.n.e.r.AbstractInstanceRegistry - Running the evict task with compensationTime 0ms
2026-06-22 14:08:05 [ReplicaAwareInstanceRegistry - RenewalThresholdUpdater] INFO  c.n.e.r.PeerAwareInstanceRegistryImpl - Current renewal threshold is : 0
2026-06-22 14:08:09 [Eureka-EvictionTimer] INFO  c.n.e.r.AbstractInstanceRegistry - Running the evict task with compensationTime 10ms
2026-06-22 14:08:19 [Eureka-EvictionTimer] INFO  c.n.e.r.AbstractInstanceRegistry - Running the evict task with compensationTime 13ms
2026-06-22 14:08:29 [Eureka-EvictionTimer] INFO  c.n.e.r.AbstractInstanceRegistry - Running the evict task with compensationTime 2ms
2026-06-22 14:08:39 [Eureka-EvictionTimer] INFO  c.n.e.r.AbstractInstanceRegistry - Running the evict task with compensationTime 13ms
2026-06-22 14:08:49 [Eureka-EvictionTimer] INFO  c.n.e.r.AbstractInstanceRegistry - Running the evict task with compensationTime 9ms
2026-06-22 14:08:59 [Eureka-EvictionTimer] INFO  c.n.e.r.AbstractInstanceRegistry - Running the evict task with compensationTime 0ms
2026-06-22 14:09:09 [Eureka-EvictionTimer] INFO  c.n.e.r.AbstractInstanceRegistry - Running the evict task with compensationTime 11ms
2026-06-22 14:09:19 [Eureka-EvictionTimer] INFO  c.n.e.r.AbstractInstanceRegistry - Running the evict task with compensationTime 12ms
2026-06-22 14:09:29 [Eureka-EvictionTimer] INFO  c.n.e.r.AbstractInstanceRegistry - Running the evict task with compensationTime 4ms
2026-06-22 14:09:39 [Eureka-EvictionTimer] INFO  c.n.e.r.AbstractInstanceRegistry - Running the evict task with compensationTime 3ms
2026-06-22 14:09:49 [Eureka-EvictionTimer] INFO  c.n.e.r.AbstractInstanceRegistry - Running the evict task with compensationTime 6ms
2026-06-22 14:09:59 [Eureka-EvictionTimer] INFO  c.n.e.r.AbstractInstanceRegistry - Running the evict task with compensationTime 11ms
2026-06-22 14:10:09 [Eureka-EvictionTimer] INFO  c.n.e.r.AbstractInstanceRegistry - Running the evict task with compensationTime 14ms
