2026-06-24 09:58:34 [main] INFO  c.f.r.c.MenuItemControllerTest - Starting MenuItemControllerTest using Java 17.0.18 with PID 24916 (started by avilakad in C:\Users\avilakad\OneDrive - Publicis Groupe\Documents\Food-Delivery-main\restaurant-service)
2026-06-24 09:58:34 [main] DEBUG c.f.r.c.MenuItemControllerTest - Running with Spring Boot v3.2.0, Spring v6.1.1
2026-06-24 09:58:34 [main] INFO  c.f.r.c.MenuItemControllerTest - No active profile set, falling back to 1 default profile: "default"
2026-06-24 09:58:34 [main] INFO  o.s.c.c.c.ConfigServerConfigDataLoader - Fetching config from server at : http://localhost:8888
2026-06-24 09:58:34 [main] INFO  o.s.c.c.c.ConfigServerConfigDataLoader - Located environment: name=restaurant-service, profiles=[default], label=null, version=127b1adee530cd27467179f9b7c7520365be625a, state=null
2026-06-24 09:58:55 [main] WARN  o.s.b.a.s.s.UserDetailsServiceAutoConfiguration - 

Using generated security password: 42d94047-3b07-42e5-ad69-8326005bd619

This generated password is for development use only. Your security configuration must be updated before running your application in production.

2026-06-24 09:58:55 [main] INFO  o.s.s.web.DefaultSecurityFilterChain - Will secure any request with [org.springframework.security.web.session.DisableEncodeUrlFilter@39ab2bf3, org.springframework.security.web.context.request.async.WebAsyncManagerIntegrationFilter@59a9a136, org.springframework.security.web.context.SecurityContextHolderFilter@47cd31ea, org.springframework.security.web.header.HeaderWriterFilter@7ec01520, org.springframework.web.filter.CorsFilter@67c492fc, org.springframework.security.web.csrf.CsrfFilter@436c910e, org.springframework.security.web.authentication.logout.LogoutFilter@5c5b68c7, org.springframework.security.web.authentication.UsernamePasswordAuthenticationFilter@37994ff, org.springframework.security.web.authentication.ui.DefaultLoginPageGeneratingFilter@6a5cb26f, org.springframework.security.web.authentication.ui.DefaultLogoutPageGeneratingFilter@2349aa88, org.springframework.security.web.authentication.www.BasicAuthenticationFilter@648b4b14, org.springframework.security.web.savedrequest.RequestCacheAwareFilter@3752cff3, org.springframework.security.web.servletapi.SecurityContextHolderAwareRequestFilter@49253d1f, org.springframework.security.web.authentication.AnonymousAuthenticationFilter@435df9a1, org.springframework.security.web.access.ExceptionTranslationFilter@615dbdd0, org.springframework.security.web.access.intercept.AuthorizationFilter@23339a25]
2026-06-24 09:58:56 [main] INFO  o.s.b.t.m.w.SpringBootMockServletContext - Initializing Spring TestDispatcherServlet ''
2026-06-24 09:58:56 [main] INFO  o.s.t.w.s.TestDispatcherServlet - Initializing Servlet ''
2026-06-24 09:58:56 [main] INFO  o.s.t.w.s.TestDispatcherServlet - Completed initialization in 6 ms
2026-06-24 09:58:56 [main] INFO  c.f.r.c.MenuItemControllerTest - Started MenuItemControllerTest in 33.83 seconds (process running for 46.722)
2026-06-24 09:58:58 [main] INFO  o.s.t.c.s.AnnotationConfigContextLoaderUtils - Could not detect default configuration classes for test class [com.fooddelivery.restaurant.controller.RestaurantControllerTest]: RestaurantControllerTest does not declare any static, non-private, non-final, nested classes annotated with @Configuration.
2026-06-24 09:58:58 [main] INFO  o.s.b.t.c.SpringBootTestContextBootstrapper - Found @SpringBootConfiguration com.fooddelivery.restaurant.RestaurantServiceApplication for test class com.fooddelivery.restaurant.controller.RestaurantControllerTest
2026-06-24 09:59:02 [main] INFO  c.f.r.c.RestaurantControllerTest - Starting RestaurantControllerTest using Java 17.0.18 with PID 24916 (started by avilakad in C:\Users\avilakad\OneDrive - Publicis Groupe\Documents\Food-Delivery-main\restaurant-service)
2026-06-24 09:59:02 [main] DEBUG c.f.r.c.RestaurantControllerTest - Running with Spring Boot v3.2.0, Spring v6.1.1
2026-06-24 09:59:02 [main] INFO  c.f.r.c.RestaurantControllerTest - No active profile set, falling back to 1 default profile: "default"
2026-06-24 09:59:02 [main] INFO  o.s.c.c.c.ConfigServerConfigDataLoader - Fetching config from server at : http://localhost:8888
2026-06-24 09:59:02 [main] INFO  o.s.c.c.c.ConfigServerConfigDataLoader - Located environment: name=restaurant-service, profiles=[default], label=null, version=127b1adee530cd27467179f9b7c7520365be625a, state=null
2026-06-24 09:59:06 [main] WARN  o.s.b.a.s.s.UserDetailsServiceAutoConfiguration - 

Using generated security password: fcb32b39-4a94-44e7-b460-17ad2e8ffb41

This generated password is for development use only. Your security configuration must be updated before running your application in production.

2026-06-24 09:59:06 [main] INFO  o.s.s.web.DefaultSecurityFilterChain - Will secure any request with [org.springframework.security.web.session.DisableEncodeUrlFilter@189fc9c9, org.springframework.security.web.context.request.async.WebAsyncManagerIntegrationFilter@1bde703a, org.springframework.security.web.context.SecurityContextHolderFilter@2478b0e6, org.springframework.security.web.header.HeaderWriterFilter@39fcefea, org.springframework.web.filter.CorsFilter@6e6285d3, org.springframework.security.web.csrf.CsrfFilter@1e2ea153, org.springframework.security.web.authentication.logout.LogoutFilter@78a3a68b, org.springframework.security.web.authentication.UsernamePasswordAuthenticationFilter@577457ad, org.springframework.security.web.authentication.ui.DefaultLoginPageGeneratingFilter@6b308b7c, org.springframework.security.web.authentication.ui.DefaultLogoutPageGeneratingFilter@6f856849, org.springframework.security.web.authentication.www.BasicAuthenticationFilter@25d48650, org.springframework.security.web.savedrequest.RequestCacheAwareFilter@4fb7a903, org.springframework.security.web.servletapi.SecurityContextHolderAwareRequestFilter@35eda194, org.springframework.security.web.authentication.AnonymousAuthenticationFilter@93235f1, org.springframework.security.web.access.ExceptionTranslationFilter@2faab150, org.springframework.security.web.access.intercept.AuthorizationFilter@32862888]
2026-06-24 09:59:06 [main] INFO  o.s.b.t.m.w.SpringBootMockServletContext - Initializing Spring TestDispatcherServlet ''
2026-06-24 09:59:06 [main] INFO  o.s.t.w.s.TestDispatcherServlet - Initializing Servlet ''
2026-06-24 09:59:06 [main] INFO  o.s.t.w.s.TestDispatcherServlet - Completed initialization in 3 ms
2026-06-24 09:59:06 [main] INFO  c.f.r.c.RestaurantControllerTest - Started RestaurantControllerTest in 8.033 seconds (process running for 56.835)
2026-06-24 09:59:07 [main] INFO  o.s.t.c.s.AnnotationConfigContextLoaderUtils - Could not detect default configuration classes for test class [com.fooddelivery.restaurant.controller.RestaurantMenuControllerTest]: RestaurantMenuControllerTest does not declare any static, non-private, non-final, nested classes annotated with @Configuration.
2026-06-24 09:59:07 [main] INFO  o.s.b.t.c.SpringBootTestContextBootstrapper - Found @SpringBootConfiguration com.fooddelivery.restaurant.RestaurantServiceApplication for test class com.fooddelivery.restaurant.controller.RestaurantMenuControllerTest
2026-06-24 09:59:09 [main] INFO  c.f.r.c.RestaurantMenuControllerTest - Starting RestaurantMenuControllerTest using Java 17.0.18 with PID 24916 (started by avilakad in C:\Users\avilakad\OneDrive - Publicis Groupe\Documents\Food-Delivery-main\restaurant-service)
2026-06-24 09:59:09 [main] DEBUG c.f.r.c.RestaurantMenuControllerTest - Running with Spring Boot v3.2.0, Spring v6.1.1
2026-06-24 09:59:09 [main] INFO  c.f.r.c.RestaurantMenuControllerTest - No active profile set, falling back to 1 default profile: "default"
2026-06-24 09:59:09 [main] INFO  o.s.c.c.c.ConfigServerConfigDataLoader - Fetching config from server at : http://localhost:8888
2026-06-24 09:59:09 [main] INFO  o.s.c.c.c.ConfigServerConfigDataLoader - Located environment: name=restaurant-service, profiles=[default], label=null, version=127b1adee530cd27467179f9b7c7520365be625a, state=null
2026-06-24 09:59:10 [main] WARN  o.s.b.a.s.s.UserDetailsServiceAutoConfiguration - 

Using generated security password: dce538c1-e9b1-49e3-a54e-7ce718758921

This generated password is for development use only. Your security configuration must be updated before running your application in production.

2026-06-24 09:59:10 [main] INFO  o.s.s.web.DefaultSecurityFilterChain - Will secure any request with [org.springframework.security.web.session.DisableEncodeUrlFilter@66bf08d, org.springframework.security.web.context.request.async.WebAsyncManagerIntegrationFilter@6edd2ef4, org.springframework.security.web.context.SecurityContextHolderFilter@5f546133, org.springframework.security.web.header.HeaderWriterFilter@5631baf5, org.springframework.web.filter.CorsFilter@2ad557a5, org.springframework.security.web.csrf.CsrfFilter@389a070e, org.springframework.security.web.authentication.logout.LogoutFilter@5589b8ed, org.springframework.security.web.authentication.UsernamePasswordAuthenticationFilter@2d8d2832, org.springframework.security.web.authentication.ui.DefaultLoginPageGeneratingFilter@6b89dfac, org.springframework.security.web.authentication.ui.DefaultLogoutPageGeneratingFilter@771e08ed, org.springframework.security.web.authentication.www.BasicAuthenticationFilter@58f0acce, org.springframework.security.web.savedrequest.RequestCacheAwareFilter@379ebfa0, org.springframework.security.web.servletapi.SecurityContextHolderAwareRequestFilter@30b43d5d, org.springframework.security.web.authentication.AnonymousAuthenticationFilter@2ea8611b, org.springframework.security.web.access.ExceptionTranslationFilter@27241127, org.springframework.security.web.access.intercept.AuthorizationFilter@35dba0b4]
2026-06-24 09:59:10 [main] INFO  o.s.b.t.m.w.SpringBootMockServletContext - Initializing Spring TestDispatcherServlet ''
2026-06-24 09:59:10 [main] INFO  o.s.t.w.s.TestDispatcherServlet - Initializing Servlet ''
2026-06-24 09:59:10 [main] INFO  o.s.t.w.s.TestDispatcherServlet - Completed initialization in 1 ms
2026-06-24 09:59:10 [main] INFO  c.f.r.c.RestaurantMenuControllerTest - Started RestaurantMenuControllerTest in 3.317 seconds (process running for 60.953)
2026-06-24 09:59:13 [main] WARN  c.f.r.e.GlobalExceptionHandler - Duplicate record error: Restaurant already exists
2026-06-24 09:59:13 [main] WARN  c.f.r.e.GlobalExceptionHandler - JSON parsing error for PATCH request to /api/restaurants/1: JSON parse error
2026-06-24 09:59:13 [main] WARN  c.f.r.e.GlobalExceptionHandler - Duplicate record error: duplicate entry found
2026-06-24 09:59:13 [main] DEBUG c.f.r.e.GlobalExceptionHandler - Skipping JSON parsing error for actuator endpoint: /actuator
2026-06-24 09:59:13 [main] WARN  c.f.r.e.GlobalExceptionHandler - JSON parsing error for POST request to /api/restaurants: JSON parse error
2026-06-24 09:59:13 [main] WARN  c.f.r.e.GlobalExceptionHandler - JSON parsing error for POST request to null: JSON parse error
2026-06-24 09:59:13 [main] DEBUG c.f.r.e.GlobalExceptionHandler - Skipping JSON parsing error for DELETE request to /api/restaurants/1
2026-06-24 09:59:13 [main] WARN  c.f.r.e.GlobalExceptionHandler - Duplicate record error: unique constraint violation
2026-06-24 09:59:13 [main] DEBUG c.f.r.e.GlobalExceptionHandler - Skipping JSON parsing error for OPTIONS request to /api/restaurants
2026-06-24 09:59:13 [main] DEBUG c.f.r.e.GlobalExceptionHandler - Skipping JSON parsing error for HEAD request to /api/restaurants
2026-06-24 09:59:13 [main] DEBUG c.f.r.e.GlobalExceptionHandler - Skipping JSON parsing error for actuator endpoint: /api/actuator/health
2026-06-24 09:59:13 [main] DEBUG c.f.r.e.GlobalExceptionHandler - Skipping JSON parsing error for GET request to /api/restaurants
2026-06-24 09:59:13 [main] WARN  c.f.r.e.GlobalExceptionHandler - JSON parsing error for PUT request to /api/restaurants/1: JSON parse error
2026-06-24 09:59:13 [main] WARN  c.f.r.e.GlobalExceptionHandler - Data integrity violation on /api/restaurants: Unique constraint violation
2026-06-24 09:59:13 [main] DEBUG c.f.r.e.GlobalExceptionHandler - Letting Spring handle HttpMessageNotReadableException for TRACE request to /api/restaurants
2026-06-24 09:59:13 [main] INFO  o.s.t.c.s.AnnotationConfigContextLoaderUtils - Could not detect default configuration classes for test class [com.fooddelivery.restaurant.RestaurantServiceApplicationTest]: RestaurantServiceApplicationTest does not declare any static, non-private, non-final, nested classes annotated with @Configuration.
2026-06-24 09:59:13 [main] INFO  o.s.b.t.c.SpringBootTestContextBootstrapper - Found @SpringBootConfiguration com.fooddelivery.restaurant.RestaurantServiceApplication for test class com.fooddelivery.restaurant.RestaurantServiceApplicationTest
2026-06-24 09:59:15 [main] INFO  c.f.r.RestaurantServiceApplicationTest - Starting RestaurantServiceApplicationTest using Java 17.0.18 with PID 24916 (started by avilakad in C:\Users\avilakad\OneDrive - Publicis Groupe\Documents\Food-Delivery-main\restaurant-service)
2026-06-24 09:59:15 [main] DEBUG c.f.r.RestaurantServiceApplicationTest - Running with Spring Boot v3.2.0, Spring v6.1.1
2026-06-24 09:59:15 [main] INFO  c.f.r.RestaurantServiceApplicationTest - The following 1 profile is active: "test"
2026-06-24 09:59:15 [main] INFO  o.s.c.c.c.ConfigServerConfigDataLoader - Fetching config from server at : http://localhost:8888
2026-06-24 09:59:15 [main] INFO  o.s.c.c.c.ConfigServerConfigDataLoader - Located environment: name=restaurant-service, profiles=[default], label=null, version=127b1adee530cd27467179f9b7c7520365be625a, state=null
2026-06-24 09:59:15 [main] INFO  o.s.c.c.c.ConfigServerConfigDataLoader - Fetching config from server at : http://localhost:8888
2026-06-24 09:59:15 [main] INFO  o.s.c.c.c.ConfigServerConfigDataLoader - Located environment: name=restaurant-service, profiles=[test], label=null, version=127b1adee530cd27467179f9b7c7520365be625a, state=null
2026-06-24 09:59:15 [main] DEBUG o.s.w.c.s.GenericWebApplicationContext - Refreshing org.springframework.web.context.support.GenericWebApplicationContext@3882a09a
2026-06-24 09:59:17 [main] INFO  o.s.d.r.c.RepositoryConfigurationDelegate - Bootstrapping Spring Data JPA repositories in DEFAULT mode.
2026-06-24 09:59:18 [main] INFO  o.s.d.r.c.RepositoryConfigurationDelegate - Finished Spring Data repository scanning in 211 ms. Found 2 JPA repository interfaces.
2026-06-24 09:59:18 [main] INFO  o.s.cloud.context.scope.GenericScope - BeanFactory id=26aa103d-6b78-3d95-a6a0-dedce2349a0c
2026-06-24 09:59:20 [main] WARN  o.s.c.s.PostProcessorRegistrationDelegate$BeanPostProcessorChecker - Bean 'org.springframework.cloud.client.loadbalancer.LoadBalancerAutoConfiguration$RetryInterceptorAutoConfiguration' of type [org.springframework.cloud.client.loadbalancer.LoadBalancerAutoConfiguration$RetryInterceptorAutoConfiguration] is not eligible for getting processed by all BeanPostProcessors (for example: not eligible for auto-proxying). The currently created BeanPostProcessor [lbRestClientPostProcessor] is declared through a non-static factory method on that class; consider declaring it as static instead.
2026-06-24 09:59:20 [main] WARN  o.s.c.s.PostProcessorRegistrationDelegate$BeanPostProcessorChecker - Bean 'org.springframework.cloud.loadbalancer.config.BlockingLoadBalancerClientAutoConfiguration' of type [org.springframework.cloud.loadbalancer.config.BlockingLoadBalancerClientAutoConfiguration] is not eligible for getting processed by all BeanPostProcessors (for example: not eligible for auto-proxying). Is this bean getting eagerly injected into a currently created BeanPostProcessor [lbRestClientPostProcessor]? Check the corresponding BeanPostProcessor declaration and its dependencies.
2026-06-24 09:59:20 [main] WARN  o.s.c.s.PostProcessorRegistrationDelegate$BeanPostProcessorChecker - Bean 'org.springframework.cloud.loadbalancer.config.LoadBalancerAutoConfiguration' of type [org.springframework.cloud.loadbalancer.config.LoadBalancerAutoConfiguration] is not eligible for getting processed by all BeanPostProcessors (for example: not eligible for auto-proxying). Is this bean getting eagerly injected into a currently created BeanPostProcessor [lbRestClientPostProcessor]? Check the corresponding BeanPostProcessor declaration and its dependencies.
2026-06-24 09:59:20 [main] WARN  o.s.c.s.PostProcessorRegistrationDelegate$BeanPostProcessorChecker - Bean 'org.springframework.cloud.commons.config.CommonsConfigAutoConfiguration' of type [org.springframework.cloud.commons.config.CommonsConfigAutoConfiguration] is not eligible for getting processed by all BeanPostProcessors (for example: not eligible for auto-proxying). Is this bean getting eagerly injected into a currently created BeanPostProcessor [lbRestClientPostProcessor]? Check the corresponding BeanPostProcessor declaration and its dependencies.
2026-06-24 09:59:20 [main] WARN  o.s.c.s.PostProcessorRegistrationDelegate$BeanPostProcessorChecker - Bean 'org.springframework.cloud.client.loadbalancer.LoadBalancerDefaultMappingsProviderAutoConfiguration' of type [org.springframework.cloud.client.loadbalancer.LoadBalancerDefaultMappingsProviderAutoConfiguration] is not eligible for getting processed by all BeanPostProcessors (for example: not eligible for auto-proxying). Is this bean getting eagerly injected into a currently created BeanPostProcessor [lbRestClientPostProcessor]? Check the corresponding BeanPostProcessor declaration and its dependencies.
2026-06-24 09:59:20 [main] WARN  o.s.c.s.PostProcessorRegistrationDelegate$BeanPostProcessorChecker - Bean 'loadBalancerClientsDefaultsMappingsProvider' of type [org.springframework.cloud.client.loadbalancer.LoadBalancerDefaultMappingsProviderAutoConfiguration$$Lambda$1439/0x0000026d17893fc8] is not eligible for getting processed by all BeanPostProcessors (for example: not eligible for auto-proxying). Is this bean getting eagerly injected into a currently created BeanPostProcessor [lbRestClientPostProcessor]? Check the corresponding BeanPostProcessor declaration and its dependencies.
2026-06-24 09:59:20 [main] WARN  o.s.c.s.PostProcessorRegistrationDelegate$BeanPostProcessorChecker - Bean 'defaultsBindHandlerAdvisor' of type [org.springframework.cloud.commons.config.DefaultsBindHandlerAdvisor] is not eligible for getting processed by all BeanPostProcessors (for example: not eligible for auto-proxying). Is this bean getting eagerly injected into a currently created BeanPostProcessor [lbRestClientPostProcessor]? Check the corresponding BeanPostProcessor declaration and its dependencies.
2026-06-24 09:59:20 [main] WARN  o.s.c.s.PostProcessorRegistrationDelegate$BeanPostProcessorChecker - Bean 'spring.cloud.loadbalancer-org.springframework.cloud.client.loadbalancer.LoadBalancerClientsProperties' of type [org.springframework.cloud.client.loadbalancer.LoadBalancerClientsProperties] is not eligible for getting processed by all BeanPostProcessors (for example: not eligible for auto-proxying). Is this bean getting eagerly injected into a currently created BeanPostProcessor [lbRestClientPostProcessor]? Check the corresponding BeanPostProcessor declaration and its dependencies.
2026-06-24 09:59:20 [main] WARN  o.s.c.s.PostProcessorRegistrationDelegate$BeanPostProcessorChecker - Bean 'default.org.springframework.cloud.loadbalancer.config.LoadBalancerAutoConfiguration.LoadBalancerClientSpecification' of type [org.springframework.cloud.loadbalancer.annotation.LoadBalancerClientSpecification] is not eligible for getting processed by all BeanPostProcessors (for example: not eligible for auto-proxying). Is this bean getting eagerly injected into a currently created BeanPostProcessor [lbRestClientPostProcessor]? Check the corresponding BeanPostProcessor declaration and its dependencies.
2026-06-24 09:59:20 [main] WARN  o.s.c.s.PostProcessorRegistrationDelegate$BeanPostProcessorChecker - Bean 'default.org.springframework.cloud.loadbalancer.config.BlockingLoadBalancerClientAutoConfiguration.LoadBalancerClientSpecification' of type [org.springframework.cloud.loadbalancer.annotation.LoadBalancerClientSpecification] is not eligible for getting processed by all BeanPostProcessors (for example: not eligible for auto-proxying). Is this bean getting eagerly injected into a currently created BeanPostProcessor [lbRestClientPostProcessor]? Check the corresponding BeanPostProcessor declaration and its dependencies.
2026-06-24 09:59:20 [main] WARN  o.s.c.s.PostProcessorRegistrationDelegate$BeanPostProcessorChecker - Bean 'loadBalancerClientFactory' of type [org.springframework.cloud.loadbalancer.support.LoadBalancerClientFactory] is not eligible for getting processed by all BeanPostProcessors (for example: not eligible for auto-proxying). Is this bean getting eagerly injected into a currently created BeanPostProcessor [lbRestClientPostProcessor]? Check the corresponding BeanPostProcessor declaration and its dependencies.
2026-06-24 09:59:20 [main] WARN  o.s.c.s.PostProcessorRegistrationDelegate$BeanPostProcessorChecker - Bean 'blockingLoadBalancerClient' of type [org.springframework.cloud.loadbalancer.blocking.client.BlockingLoadBalancerClient] is not eligible for getting processed by all BeanPostProcessors (for example: not eligible for auto-proxying). Is this bean getting eagerly injected into a currently created BeanPostProcessor [lbRestClientPostProcessor]? Check the corresponding BeanPostProcessor declaration and its dependencies.
2026-06-24 09:59:20 [main] WARN  o.s.c.s.PostProcessorRegistrationDelegate$BeanPostProcessorChecker - Bean 'loadBalancerServiceInstanceCookieTransformer' of type [org.springframework.cloud.loadbalancer.core.LoadBalancerServiceInstanceCookieTransformer] is not eligible for getting processed by all BeanPostProcessors (for example: not eligible for auto-proxying). Is this bean getting eagerly injected into a currently created BeanPostProcessor [lbRestClientPostProcessor]? Check the corresponding BeanPostProcessor declaration and its dependencies.
2026-06-24 09:59:20 [main] WARN  o.s.c.s.PostProcessorRegistrationDelegate$BeanPostProcessorChecker - Bean 'xForwarderHeadersTransformer' of type [org.springframework.cloud.loadbalancer.blocking.XForwardedHeadersTransformer] is not eligible for getting processed by all BeanPostProcessors (for example: not eligible for auto-proxying). Is this bean getting eagerly injected into a currently created BeanPostProcessor [lbRestClientPostProcessor]? Check the corresponding BeanPostProcessor declaration and its dependencies.
2026-06-24 09:59:20 [main] WARN  o.s.c.s.PostProcessorRegistrationDelegate$BeanPostProcessorChecker - Bean 'org.springframework.cloud.client.loadbalancer.LoadBalancerAutoConfiguration' of type [org.springframework.cloud.client.loadbalancer.LoadBalancerAutoConfiguration] is not eligible for getting processed by all BeanPostProcessors (for example: not eligible for auto-proxying). Is this bean getting eagerly injected into a currently created BeanPostProcessor [lbRestClientPostProcessor]? Check the corresponding BeanPostProcessor declaration and its dependencies.
2026-06-24 09:59:20 [main] WARN  o.s.c.s.PostProcessorRegistrationDelegate$BeanPostProcessorChecker - Bean 'loadBalancerRequestFactory' of type [org.springframework.cloud.client.loadbalancer.LoadBalancerRequestFactory] is not eligible for getting processed by all BeanPostProcessors (for example: not eligible for auto-proxying). Is this bean getting eagerly injected into a currently created BeanPostProcessor [lbRestClientPostProcessor]? Check the corresponding BeanPostProcessor declaration and its dependencies.
2026-06-24 09:59:20 [main] WARN  o.s.c.s.PostProcessorRegistrationDelegate$BeanPostProcessorChecker - Bean 'org.springframework.cloud.loadbalancer.config.BlockingLoadBalancerClientAutoConfiguration$BlockingLoadBalancerRetryConfig' of type [org.springframework.cloud.loadbalancer.config.BlockingLoadBalancerClientAutoConfiguration$BlockingLoadBalancerRetryConfig$$SpringCGLIB$$0] is not eligible for getting processed by all BeanPostProcessors (for example: not eligible for auto-proxying). Is this bean getting eagerly injected into a currently created BeanPostProcessor [lbRestClientPostProcessor]? Check the corresponding BeanPostProcessor declaration and its dependencies.
2026-06-24 09:59:20 [main] WARN  o.s.c.s.PostProcessorRegistrationDelegate$BeanPostProcessorChecker - Bean 'loadBalancedRetryFactory' of type [org.springframework.cloud.loadbalancer.blocking.retry.BlockingLoadBalancedRetryFactory] is not eligible for getting processed by all BeanPostProcessors (for example: not eligible for auto-proxying). Is this bean getting eagerly injected into a currently created BeanPostProcessor [lbRestClientPostProcessor]? Check the corresponding BeanPostProcessor declaration and its dependencies.
2026-06-24 09:59:20 [main] WARN  o.s.c.s.PostProcessorRegistrationDelegate$BeanPostProcessorChecker - Bean 'loadBalancerInterceptor' of type [org.springframework.cloud.client.loadbalancer.RetryLoadBalancerInterceptor] is not eligible for getting processed by all BeanPostProcessors (for example: not eligible for auto-proxying). Is this bean getting eagerly injected into a currently created BeanPostProcessor [lbRestClientPostProcessor]? Check the corresponding BeanPostProcessor declaration and its dependencies.
2026-06-24 09:59:20 [main] INFO  o.h.jpa.internal.util.LogHelper - HHH000204: Processing PersistenceUnitInfo [name: default]
2026-06-24 09:59:21 [main] INFO  org.hibernate.Version - HHH000412: Hibernate ORM core version 6.3.1.Final
2026-06-24 09:59:21 [main] INFO  o.h.c.i.RegionFactoryInitiator - HHH000026: Second-level cache disabled
2026-06-24 09:59:22 [main] INFO  o.s.o.j.p.SpringPersistenceUnitInfo - No LoadTimeWeaver setup: ignoring JPA class transformer
2026-06-24 09:59:22 [main] INFO  com.zaxxer.hikari.HikariDataSource - RestaurantServiceHikariPool - Starting...
2026-06-24 09:59:23 [main] INFO  com.zaxxer.hikari.pool.HikariPool - RestaurantServiceHikariPool - Added connection conn0: url=jdbc:h2:mem:testdb user=SA
2026-06-24 09:59:23 [main] INFO  com.zaxxer.hikari.HikariDataSource - RestaurantServiceHikariPool - Start completed.
2026-06-24 09:59:23 [main] WARN  org.hibernate.orm.deprecation - HHH90000025: H2Dialect does not need to be specified explicitly using 'hibernate.dialect' (remove the property setting and it will be selected by default)
2026-06-24 09:59:29 [main] INFO  o.h.e.t.j.p.i.JtaPlatformInitiator - HHH000489: No JTA platform available (set 'hibernate.transaction.jta.platform' to enable JTA platform integration)
2026-06-24 09:59:29 [main] DEBUG org.hibernate.SQL - 
    drop table if exists menu_items cascade 
2026-06-24 09:59:29 [main] DEBUG org.hibernate.SQL - 
    drop table if exists restaurants cascade 
2026-06-24 09:59:29 [main] DEBUG org.hibernate.SQL - 
    create table menu_items (
        is_available boolean,
        price numeric(10,2) not null,
        created_at timestamp(6) not null,
        id bigint generated by default as identity,
        restaurant_id bigint not null,
        updated_at timestamp(6),
        description varchar(255),
        name varchar(255) not null,
        primary key (id)
    )
2026-06-24 09:59:29 [main] DEBUG org.hibernate.SQL - 
    create table restaurants (
        is_active boolean,
        rating numeric(3,2),
        created_at timestamp(6) not null,
        id bigint generated by default as identity,
        updated_at timestamp(6),
        address varchar(255) not null,
        cuisine_type varchar(255) not null,
        name varchar(255) not null,
        phone varchar(255) not null,
        primary key (id)
    )
2026-06-24 09:59:29 [main] DEBUG org.hibernate.SQL - 
    alter table if exists menu_items 
       add constraint FKhaqtoboitpl0n541y0sc753my 
       foreign key (restaurant_id) 
       references restaurants
2026-06-24 09:59:29 [main] INFO  o.s.o.j.LocalContainerEntityManagerFactoryBean - Initialized JPA EntityManagerFactory for persistence unit 'default'
2026-06-24 09:59:32 [main] INFO  o.s.d.j.r.query.QueryEnhancerFactory - Hibernate is in classpath; If applicable, HQL parser will be used.
2026-06-24 09:59:36 [main] WARN  o.s.b.a.s.s.UserDetailsServiceAutoConfiguration - 

Using generated security password: eb8ba3fc-4054-4dd0-a95c-b80c8088fd8a

This generated password is for development use only. Your security configuration must be updated before running your application in production.

2026-06-24 09:59:36 [main] DEBUG o.s.w.s.m.m.a.RequestMappingHandlerMapping - 22 mappings in 'requestMappingHandlerMapping'
2026-06-24 09:59:37 [main] DEBUG o.s.w.s.c.a.WebMvcConfigurer - Default resource handling disabled
2026-06-24 09:59:37 [main] INFO  o.s.b.a.e.web.EndpointLinksResolver - Exposing 0 endpoint(s) beneath base path '/actuator'
2026-06-24 09:59:37 [main] INFO  o.s.s.web.DefaultSecurityFilterChain - Will secure any request with [org.springframework.security.web.session.DisableEncodeUrlFilter@49da8b47, org.springframework.security.web.context.request.async.WebAsyncManagerIntegrationFilter@3d3a79ff, org.springframework.security.web.context.SecurityContextHolderFilter@6df6854c, org.springframework.security.web.header.HeaderWriterFilter@6b21a1bd, org.springframework.web.filter.CorsFilter@fb8cc64, org.springframework.security.web.authentication.logout.LogoutFilter@6c42a466, com.fooddelivery.restaurant.security.JwtAuthenticationFilter@7a5e1000, org.springframework.security.web.savedrequest.RequestCacheAwareFilter@182e5a86, org.springframework.security.web.servletapi.SecurityContextHolderAwareRequestFilter@3b1290e3, org.springframework.security.web.authentication.AnonymousAuthenticationFilter@2bc81f15, org.springframework.security.web.session.SessionManagementFilter@68b6ad66, org.springframework.security.web.access.ExceptionTranslationFilter@11194eb9, org.springframework.security.web.access.intercept.AuthorizationFilter@10c1a3a1]
2026-06-24 09:59:38 [main] DEBUG o.s.w.s.m.m.a.RequestMappingHandlerAdapter - ControllerAdvice beans: 0 @ModelAttribute, 0 @InitBinder, 1 RequestBodyAdvice, 1 ResponseBodyAdvice
2026-06-24 09:59:38 [main] DEBUG o.s.w.s.m.m.a.ExceptionHandlerExceptionResolver - ControllerAdvice beans: 1 @ExceptionHandler, 1 ResponseBodyAdvice
2026-06-24 09:59:40 [main] INFO  o.s.c.n.e.c.DiscoveryClientOptionalArgsConfiguration - Eureka HTTP Client uses RestTemplate.
2026-06-24 09:59:40 [main] WARN  o.s.c.l.c.LoadBalancerCacheAutoConfiguration$LoadBalancerCaffeineWarnLogger - Spring Cloud LoadBalancer is currently working with the default cache. While this cache implementation is useful for development and tests, it's recommended to use Caffeine cache in production.You can switch to using Caffeine cache, by adding it and org.springframework.cache.caffeine.CaffeineCacheManager to the classpath.
2026-06-24 09:59:40 [main] INFO  o.s.a.r.c.CachingConnectionFactory - Attempting to connect to: [localhost:5672]
2026-06-24 09:59:41 [main] INFO  o.s.a.r.c.CachingConnectionFactory - Created new connection: rabbitConnectionFactory#418616cd:0/SimpleConnection@23f74a49 [delegate=amqp://guest@127.0.0.1:5672/, localPort=56130]
2026-06-24 09:59:41 [main] INFO  o.s.amqp.rabbit.core.RabbitAdmin - Auto-declaring a non-durable or auto-delete Exchange (order.exchange) durable:false, auto-delete:false. It will be deleted by the broker if it shuts down, and can be redeclared by closing and reopening the connection.
2026-06-24 09:59:41 [main] INFO  o.s.amqp.rabbit.core.RabbitAdmin - Auto-declaring a non-durable or auto-delete Exchange (payment.exchange) durable:false, auto-delete:false. It will be deleted by the broker if it shuts down, and can be redeclared by closing and reopening the connection.
2026-06-24 09:59:41 [main] INFO  o.s.amqp.rabbit.core.RabbitAdmin - Auto-declaring a non-durable or auto-delete Exchange (restaurant.exchange) durable:false, auto-delete:false. It will be deleted by the broker if it shuts down, and can be redeclared by closing and reopening the connection.
2026-06-24 09:59:41 [main] INFO  o.s.amqp.rabbit.core.RabbitAdmin - Auto-declaring a non-durable or auto-delete Exchange (notification.exchange) durable:false, auto-delete:false. It will be deleted by the broker if it shuts down, and can be redeclared by closing and reopening the connection.
2026-06-24 09:59:41 [main] INFO  o.s.amqp.rabbit.core.RabbitAdmin - Auto-declaring a non-durable or auto-delete Exchange (dlx.exchange) durable:false, auto-delete:false. It will be deleted by the broker if it shuts down, and can be redeclared by closing and reopening the connection.
2026-06-24 09:59:41 [main] INFO  o.s.amqp.rabbit.core.RabbitAdmin - Auto-declaring a non-durable, auto-delete, or exclusive Queue (order.created.queue) durable:false, auto-delete:false, exclusive:false. It will be redeclared if the broker stops and is restarted while the connection factory is alive, but all messages will be lost.
2026-06-24 09:59:41 [main] INFO  o.s.amqp.rabbit.core.RabbitAdmin - Auto-declaring a non-durable, auto-delete, or exclusive Queue (order.confirmed.queue) durable:false, auto-delete:false, exclusive:false. It will be redeclared if the broker stops and is restarted while the connection factory is alive, but all messages will be lost.
2026-06-24 09:59:41 [main] INFO  o.s.amqp.rabbit.core.RabbitAdmin - Auto-declaring a non-durable, auto-delete, or exclusive Queue (order.cancelled.queue) durable:false, auto-delete:false, exclusive:false. It will be redeclared if the broker stops and is restarted while the connection factory is alive, but all messages will be lost.
2026-06-24 09:59:41 [main] INFO  o.s.amqp.rabbit.core.RabbitAdmin - Auto-declaring a non-durable, auto-delete, or exclusive Queue (payment.success.queue) durable:false, auto-delete:false, exclusive:false. It will be redeclared if the broker stops and is restarted while the connection factory is alive, but all messages will be lost.
2026-06-24 09:59:41 [main] INFO  o.s.amqp.rabbit.core.RabbitAdmin - Auto-declaring a non-durable, auto-delete, or exclusive Queue (payment.failed.queue) durable:false, auto-delete:false, exclusive:false. It will be redeclared if the broker stops and is restarted while the connection factory is alive, but all messages will be lost.
2026-06-24 09:59:41 [main] INFO  o.s.amqp.rabbit.core.RabbitAdmin - Auto-declaring a non-durable, auto-delete, or exclusive Queue (restaurant.accepted.queue) durable:false, auto-delete:false, exclusive:false. It will be redeclared if the broker stops and is restarted while the connection factory is alive, but all messages will be lost.
2026-06-24 09:59:41 [main] INFO  o.s.amqp.rabbit.core.RabbitAdmin - Auto-declaring a non-durable, auto-delete, or exclusive Queue (restaurant.rejected.queue) durable:false, auto-delete:false, exclusive:false. It will be redeclared if the broker stops and is restarted while the connection factory is alive, but all messages will be lost.
2026-06-24 09:59:41 [main] INFO  c.f.r.RestaurantServiceApplicationTest - Started RestaurantServiceApplicationTest in 27.702 seconds (process running for 91.953)
2026-06-24 09:59:42 [main] INFO  c.f.r.RestaurantServiceApplication - Starting RestaurantServiceApplication using Java 17.0.18 with PID 24916 (started by avilakad in C:\Users\avilakad\OneDrive - Publicis Groupe\Documents\Food-Delivery-main\restaurant-service)
2026-06-24 09:59:42 [main] DEBUG c.f.r.RestaurantServiceApplication - Running with Spring Boot v3.2.0, Spring v6.1.1
2026-06-24 09:59:42 [main] INFO  c.f.r.RestaurantServiceApplication - No active profile set, falling back to 1 default profile: "default"
2026-06-24 09:59:42 [main] INFO  o.s.c.c.c.ConfigServerConfigDataLoader - Fetching config from server at : http://localhost:8888
2026-06-24 09:59:42 [main] INFO  o.s.c.c.c.ConfigServerConfigDataLoader - Located environment: name=restaurant-service, profiles=[default], label=null, version=127b1adee530cd27467179f9b7c7520365be625a, state=null
2026-06-24 09:59:43 [main] INFO  o.s.d.r.c.RepositoryConfigurationDelegate - Bootstrapping Spring Data JPA repositories in DEFAULT mode.
2026-06-24 09:59:44 [main] INFO  o.s.d.r.c.RepositoryConfigurationDelegate - Finished Spring Data repository scanning in 73 ms. Found 2 JPA repository interfaces.
2026-06-24 09:59:44 [main] INFO  o.s.cloud.context.scope.GenericScope - BeanFactory id=111e3385-6c5f-3e30-8d3b-a82728f0a7dd
2026-06-24 09:59:44 [main] WARN  o.s.c.s.PostProcessorRegistrationDelegate$BeanPostProcessorChecker - Bean 'org.springframework.cloud.client.loadbalancer.LoadBalancerAutoConfiguration$RetryInterceptorAutoConfiguration' of type [org.springframework.cloud.client.loadbalancer.LoadBalancerAutoConfiguration$RetryInterceptorAutoConfiguration] is not eligible for getting processed by all BeanPostProcessors (for example: not eligible for auto-proxying). The currently created BeanPostProcessor [lbRestClientPostProcessor] is declared through a non-static factory method on that class; consider declaring it as static instead.
2026-06-24 09:59:44 [main] WARN  o.s.c.s.PostProcessorRegistrationDelegate$BeanPostProcessorChecker - Bean 'org.springframework.cloud.loadbalancer.config.BlockingLoadBalancerClientAutoConfiguration' of type [org.springframework.cloud.loadbalancer.config.BlockingLoadBalancerClientAutoConfiguration] is not eligible for getting processed by all BeanPostProcessors (for example: not eligible for auto-proxying). Is this bean getting eagerly injected into a currently created BeanPostProcessor [lbRestClientPostProcessor]? Check the corresponding BeanPostProcessor declaration and its dependencies.
2026-06-24 09:59:44 [main] WARN  o.s.c.s.PostProcessorRegistrationDelegate$BeanPostProcessorChecker - Bean 'org.springframework.cloud.loadbalancer.config.LoadBalancerAutoConfiguration' of type [org.springframework.cloud.loadbalancer.config.LoadBalancerAutoConfiguration] is not eligible for getting processed by all BeanPostProcessors (for example: not eligible for auto-proxying). Is this bean getting eagerly injected into a currently created BeanPostProcessor [lbRestClientPostProcessor]? Check the corresponding BeanPostProcessor declaration and its dependencies.
2026-06-24 09:59:44 [main] WARN  o.s.c.s.PostProcessorRegistrationDelegate$BeanPostProcessorChecker - Bean 'org.springframework.cloud.commons.config.CommonsConfigAutoConfiguration' of type [org.springframework.cloud.commons.config.CommonsConfigAutoConfiguration] is not eligible for getting processed by all BeanPostProcessors (for example: not eligible for auto-proxying). Is this bean getting eagerly injected into a currently created BeanPostProcessor [lbRestClientPostProcessor]? Check the corresponding BeanPostProcessor declaration and its dependencies.
2026-06-24 09:59:44 [main] WARN  o.s.c.s.PostProcessorRegistrationDelegate$BeanPostProcessorChecker - Bean 'org.springframework.cloud.client.loadbalancer.LoadBalancerDefaultMappingsProviderAutoConfiguration' of type [org.springframework.cloud.client.loadbalancer.LoadBalancerDefaultMappingsProviderAutoConfiguration] is not eligible for getting processed by all BeanPostProcessors (for example: not eligible for auto-proxying). Is this bean getting eagerly injected into a currently created BeanPostProcessor [lbRestClientPostProcessor]? Check the corresponding BeanPostProcessor declaration and its dependencies.
2026-06-24 09:59:44 [main] WARN  o.s.c.s.PostProcessorRegistrationDelegate$BeanPostProcessorChecker - Bean 'loadBalancerClientsDefaultsMappingsProvider' of type [org.springframework.cloud.client.loadbalancer.LoadBalancerDefaultMappingsProviderAutoConfiguration$$Lambda$1439/0x0000026d17893fc8] is not eligible for getting processed by all BeanPostProcessors (for example: not eligible for auto-proxying). Is this bean getting eagerly injected into a currently created BeanPostProcessor [lbRestClientPostProcessor]? Check the corresponding BeanPostProcessor declaration and its dependencies.
2026-06-24 09:59:44 [main] WARN  o.s.c.s.PostProcessorRegistrationDelegate$BeanPostProcessorChecker - Bean 'defaultsBindHandlerAdvisor' of type [org.springframework.cloud.commons.config.DefaultsBindHandlerAdvisor] is not eligible for getting processed by all BeanPostProcessors (for example: not eligible for auto-proxying). Is this bean getting eagerly injected into a currently created BeanPostProcessor [lbRestClientPostProcessor]? Check the corresponding BeanPostProcessor declaration and its dependencies.
2026-06-24 09:59:44 [main] WARN  o.s.c.s.PostProcessorRegistrationDelegate$BeanPostProcessorChecker - Bean 'spring.cloud.loadbalancer-org.springframework.cloud.client.loadbalancer.LoadBalancerClientsProperties' of type [org.springframework.cloud.client.loadbalancer.LoadBalancerClientsProperties] is not eligible for getting processed by all BeanPostProcessors (for example: not eligible for auto-proxying). Is this bean getting eagerly injected into a currently created BeanPostProcessor [lbRestClientPostProcessor]? Check the corresponding BeanPostProcessor declaration and its dependencies.
2026-06-24 09:59:44 [main] WARN  o.s.c.s.PostProcessorRegistrationDelegate$BeanPostProcessorChecker - Bean 'default.org.springframework.cloud.loadbalancer.config.LoadBalancerAutoConfiguration.LoadBalancerClientSpecification' of type [org.springframework.cloud.loadbalancer.annotation.LoadBalancerClientSpecification] is not eligible for getting processed by all BeanPostProcessors (for example: not eligible for auto-proxying). Is this bean getting eagerly injected into a currently created BeanPostProcessor [lbRestClientPostProcessor]? Check the corresponding BeanPostProcessor declaration and its dependencies.
2026-06-24 09:59:44 [main] WARN  o.s.c.s.PostProcessorRegistrationDelegate$BeanPostProcessorChecker - Bean 'default.org.springframework.cloud.loadbalancer.config.BlockingLoadBalancerClientAutoConfiguration.LoadBalancerClientSpecification' of type [org.springframework.cloud.loadbalancer.annotation.LoadBalancerClientSpecification] is not eligible for getting processed by all BeanPostProcessors (for example: not eligible for auto-proxying). Is this bean getting eagerly injected into a currently created BeanPostProcessor [lbRestClientPostProcessor]? Check the corresponding BeanPostProcessor declaration and its dependencies.
2026-06-24 09:59:44 [main] WARN  o.s.c.s.PostProcessorRegistrationDelegate$BeanPostProcessorChecker - Bean 'loadBalancerClientFactory' of type [org.springframework.cloud.loadbalancer.support.LoadBalancerClientFactory] is not eligible for getting processed by all BeanPostProcessors (for example: not eligible for auto-proxying). Is this bean getting eagerly injected into a currently created BeanPostProcessor [lbRestClientPostProcessor]? Check the corresponding BeanPostProcessor declaration and its dependencies.
2026-06-24 09:59:44 [main] WARN  o.s.c.s.PostProcessorRegistrationDelegate$BeanPostProcessorChecker - Bean 'blockingLoadBalancerClient' of type [org.springframework.cloud.loadbalancer.blocking.client.BlockingLoadBalancerClient] is not eligible for getting processed by all BeanPostProcessors (for example: not eligible for auto-proxying). Is this bean getting eagerly injected into a currently created BeanPostProcessor [lbRestClientPostProcessor]? Check the corresponding BeanPostProcessor declaration and its dependencies.
2026-06-24 09:59:44 [main] WARN  o.s.c.s.PostProcessorRegistrationDelegate$BeanPostProcessorChecker - Bean 'loadBalancerServiceInstanceCookieTransformer' of type [org.springframework.cloud.loadbalancer.core.LoadBalancerServiceInstanceCookieTransformer] is not eligible for getting processed by all BeanPostProcessors (for example: not eligible for auto-proxying). Is this bean getting eagerly injected into a currently created BeanPostProcessor [lbRestClientPostProcessor]? Check the corresponding BeanPostProcessor declaration and its dependencies.
2026-06-24 09:59:44 [main] WARN  o.s.c.s.PostProcessorRegistrationDelegate$BeanPostProcessorChecker - Bean 'xForwarderHeadersTransformer' of type [org.springframework.cloud.loadbalancer.blocking.XForwardedHeadersTransformer] is not eligible for getting processed by all BeanPostProcessors (for example: not eligible for auto-proxying). Is this bean getting eagerly injected into a currently created BeanPostProcessor [lbRestClientPostProcessor]? Check the corresponding BeanPostProcessor declaration and its dependencies.
2026-06-24 09:59:44 [main] WARN  o.s.c.s.PostProcessorRegistrationDelegate$BeanPostProcessorChecker - Bean 'org.springframework.cloud.client.loadbalancer.LoadBalancerAutoConfiguration' of type [org.springframework.cloud.client.loadbalancer.LoadBalancerAutoConfiguration] is not eligible for getting processed by all BeanPostProcessors (for example: not eligible for auto-proxying). Is this bean getting eagerly injected into a currently created BeanPostProcessor [lbRestClientPostProcessor]? Check the corresponding BeanPostProcessor declaration and its dependencies.
2026-06-24 09:59:44 [main] WARN  o.s.c.s.PostProcessorRegistrationDelegate$BeanPostProcessorChecker - Bean 'loadBalancerRequestFactory' of type [org.springframework.cloud.client.loadbalancer.LoadBalancerRequestFactory] is not eligible for getting processed by all BeanPostProcessors (for example: not eligible for auto-proxying). Is this bean getting eagerly injected into a currently created BeanPostProcessor [lbRestClientPostProcessor]? Check the corresponding BeanPostProcessor declaration and its dependencies.
2026-06-24 09:59:44 [main] WARN  o.s.c.s.PostProcessorRegistrationDelegate$BeanPostProcessorChecker - Bean 'org.springframework.cloud.loadbalancer.config.BlockingLoadBalancerClientAutoConfiguration$BlockingLoadBalancerRetryConfig' of type [org.springframework.cloud.loadbalancer.config.BlockingLoadBalancerClientAutoConfiguration$BlockingLoadBalancerRetryConfig$$SpringCGLIB$$0] is not eligible for getting processed by all BeanPostProcessors (for example: not eligible for auto-proxying). Is this bean getting eagerly injected into a currently created BeanPostProcessor [lbRestClientPostProcessor]? Check the corresponding BeanPostProcessor declaration and its dependencies.
2026-06-24 09:59:44 [main] WARN  o.s.c.s.PostProcessorRegistrationDelegate$BeanPostProcessorChecker - Bean 'loadBalancedRetryFactory' of type [org.springframework.cloud.loadbalancer.blocking.retry.BlockingLoadBalancedRetryFactory] is not eligible for getting processed by all BeanPostProcessors (for example: not eligible for auto-proxying). Is this bean getting eagerly injected into a currently created BeanPostProcessor [lbRestClientPostProcessor]? Check the corresponding BeanPostProcessor declaration and its dependencies.
2026-06-24 09:59:44 [main] WARN  o.s.c.s.PostProcessorRegistrationDelegate$BeanPostProcessorChecker - Bean 'loadBalancerInterceptor' of type [org.springframework.cloud.client.loadbalancer.RetryLoadBalancerInterceptor] is not eligible for getting processed by all BeanPostProcessors (for example: not eligible for auto-proxying). Is this bean getting eagerly injected into a currently created BeanPostProcessor [lbRestClientPostProcessor]? Check the corresponding BeanPostProcessor declaration and its dependencies.
2026-06-24 09:59:45 [main] INFO  o.s.b.w.e.tomcat.TomcatWebServer - Tomcat initialized with port 0 (http)
2026-06-24 09:59:45 [main] INFO  o.a.catalina.core.StandardService - Starting service [Tomcat]
2026-06-24 09:59:45 [main] INFO  o.a.catalina.core.StandardEngine - Starting Servlet engine: [Apache Tomcat/10.1.16]
2026-06-24 09:59:45 [main] INFO  o.a.c.c.C.[Tomcat].[localhost].[/] - Initializing Spring embedded WebApplicationContext
2026-06-24 09:59:45 [main] INFO  o.s.b.w.s.c.ServletWebServerApplicationContext - Root WebApplicationContext: initialization completed in 2574 ms
2026-06-24 09:59:45 [main] DEBUG c.f.r.s.JwtAuthenticationFilter - Filter 'jwtAuthenticationFilter' configured for use
2026-06-24 09:59:45 [main] INFO  o.h.jpa.internal.util.LogHelper - HHH000204: Processing PersistenceUnitInfo [name: default]
2026-06-24 09:59:45 [main] INFO  o.h.c.i.RegionFactoryInitiator - HHH000026: Second-level cache disabled
2026-06-24 09:59:45 [main] INFO  o.s.o.j.p.SpringPersistenceUnitInfo - No LoadTimeWeaver setup: ignoring JPA class transformer
2026-06-24 09:59:45 [main] INFO  com.zaxxer.hikari.HikariDataSource - RestaurantServiceHikariPool - Starting...
2026-06-24 09:59:45 [main] INFO  com.zaxxer.hikari.pool.HikariPool - RestaurantServiceHikariPool - Added connection conn6: url=jdbc:h2:mem:maintest2 user=SA
2026-06-24 09:59:45 [main] INFO  com.zaxxer.hikari.HikariDataSource - RestaurantServiceHikariPool - Start completed.
2026-06-24 09:59:45 [main] WARN  org.hibernate.orm.deprecation - HHH90000025: H2Dialect does not need to be specified explicitly using 'hibernate.dialect' (remove the property setting and it will be selected by default)
2026-06-24 09:59:45 [main] INFO  o.h.e.t.j.p.i.JtaPlatformInitiator - HHH000489: No JTA platform available (set 'hibernate.transaction.jta.platform' to enable JTA platform integration)
2026-06-24 09:59:45 [main] DEBUG org.hibernate.SQL - 
    drop table if exists menu_items cascade 
2026-06-24 09:59:45 [main] DEBUG org.hibernate.SQL - 
    drop table if exists restaurants cascade 
2026-06-24 09:59:45 [main] DEBUG org.hibernate.SQL - 
    create table menu_items (
        is_available boolean,
        price numeric(10,2) not null,
        created_at timestamp(6) not null,
        id bigint generated by default as identity,
        restaurant_id bigint not null,
        updated_at timestamp(6),
        description varchar(255),
        name varchar(255) not null,
        primary key (id)
    )
2026-06-24 09:59:45 [main] DEBUG org.hibernate.SQL - 
    create table restaurants (
        is_active boolean,
        rating numeric(3,2),
        created_at timestamp(6) not null,
        id bigint generated by default as identity,
        updated_at timestamp(6),
        address varchar(255) not null,
        cuisine_type varchar(255) not null,
        name varchar(255) not null,
        phone varchar(255) not null,
        primary key (id)
    )
2026-06-24 09:59:45 [main] DEBUG org.hibernate.SQL - 
    alter table if exists menu_items 
       add constraint FKhaqtoboitpl0n541y0sc753my 
       foreign key (restaurant_id) 
       references restaurants
2026-06-24 09:59:45 [main] INFO  o.s.o.j.LocalContainerEntityManagerFactoryBean - Initialized JPA EntityManagerFactory for persistence unit 'default'
2026-06-24 09:59:46 [main] WARN  o.s.b.a.s.s.UserDetailsServiceAutoConfiguration - 

Using generated security password: e51144b1-15c4-4679-ae0b-4756806b7ea3

This generated password is for development use only. Your security configuration must be updated before running your application in production.

2026-06-24 09:59:46 [main] INFO  o.s.b.a.e.web.EndpointLinksResolver - Exposing 5 endpoint(s) beneath base path '/actuator'
2026-06-24 09:59:47 [main] INFO  o.s.s.web.DefaultSecurityFilterChain - Will secure any request with [org.springframework.security.web.session.DisableEncodeUrlFilter@7df735a7, org.springframework.security.web.context.request.async.WebAsyncManagerIntegrationFilter@5b86feb0, org.springframework.security.web.context.SecurityContextHolderFilter@17605545, org.springframework.security.web.header.HeaderWriterFilter@3818380a, org.springframework.web.filter.CorsFilter@4097d437, org.springframework.security.web.authentication.logout.LogoutFilter@7c6142fa, com.fooddelivery.restaurant.security.JwtAuthenticationFilter@42446dbe, org.springframework.security.web.savedrequest.RequestCacheAwareFilter@1b690653, org.springframework.security.web.servletapi.SecurityContextHolderAwareRequestFilter@d50044, org.springframework.security.web.authentication.AnonymousAuthenticationFilter@67f60e0e, org.springframework.security.web.session.SessionManagementFilter@2acdb6fd, org.springframework.security.web.access.ExceptionTranslationFilter@71c3b6bb, org.springframework.security.web.access.intercept.AuthorizationFilter@1d271e3f]
2026-06-24 09:59:47 [main] INFO  o.s.c.n.e.c.DiscoveryClientOptionalArgsConfiguration - Eureka HTTP Client uses RestTemplate.
2026-06-24 09:59:47 [main] WARN  o.s.c.l.c.LoadBalancerCacheAutoConfiguration$LoadBalancerCaffeineWarnLogger - Spring Cloud LoadBalancer is currently working with the default cache. While this cache implementation is useful for development and tests, it's recommended to use Caffeine cache in production.You can switch to using Caffeine cache, by adding it and org.springframework.cache.caffeine.CaffeineCacheManager to the classpath.
2026-06-24 09:59:48 [main] INFO  o.s.b.w.e.tomcat.TomcatWebServer - Tomcat started on port 56147 (http) with context path ''
2026-06-24 09:59:48 [main] INFO  o.s.a.r.c.CachingConnectionFactory - Attempting to connect to: [localhost:5672]
2026-06-24 09:59:48 [main] INFO  o.s.a.r.c.CachingConnectionFactory - Created new connection: rabbitConnectionFactory#5897d9b7:0/SimpleConnection@1aa27790 [delegate=amqp://guest@127.0.0.1:5672/, localPort=56148]
2026-06-24 09:59:48 [main] INFO  o.s.amqp.rabbit.core.RabbitAdmin - Auto-declaring a non-durable or auto-delete Exchange (order.exchange) durable:false, auto-delete:false. It will be deleted by the broker if it shuts down, and can be redeclared by closing and reopening the connection.
2026-06-24 09:59:48 [main] INFO  o.s.amqp.rabbit.core.RabbitAdmin - Auto-declaring a non-durable or auto-delete Exchange (payment.exchange) durable:false, auto-delete:false. It will be deleted by the broker if it shuts down, and can be redeclared by closing and reopening the connection.
2026-06-24 09:59:48 [main] INFO  o.s.amqp.rabbit.core.RabbitAdmin - Auto-declaring a non-durable or auto-delete Exchange (restaurant.exchange) durable:false, auto-delete:false. It will be deleted by the broker if it shuts down, and can be redeclared by closing and reopening the connection.
2026-06-24 09:59:48 [main] INFO  o.s.amqp.rabbit.core.RabbitAdmin - Auto-declaring a non-durable or auto-delete Exchange (notification.exchange) durable:false, auto-delete:false. It will be deleted by the broker if it shuts down, and can be redeclared by closing and reopening the connection.
2026-06-24 09:59:48 [main] INFO  o.s.amqp.rabbit.core.RabbitAdmin - Auto-declaring a non-durable or auto-delete Exchange (dlx.exchange) durable:false, auto-delete:false. It will be deleted by the broker if it shuts down, and can be redeclared by closing and reopening the connection.
2026-06-24 09:59:48 [main] INFO  o.s.amqp.rabbit.core.RabbitAdmin - Auto-declaring a non-durable, auto-delete, or exclusive Queue (order.created.queue) durable:false, auto-delete:false, exclusive:false. It will be redeclared if the broker stops and is restarted while the connection factory is alive, but all messages will be lost.
2026-06-24 09:59:48 [main] INFO  o.s.amqp.rabbit.core.RabbitAdmin - Auto-declaring a non-durable, auto-delete, or exclusive Queue (order.confirmed.queue) durable:false, auto-delete:false, exclusive:false. It will be redeclared if the broker stops and is restarted while the connection factory is alive, but all messages will be lost.
2026-06-24 09:59:48 [main] INFO  o.s.amqp.rabbit.core.RabbitAdmin - Auto-declaring a non-durable, auto-delete, or exclusive Queue (order.cancelled.queue) durable:false, auto-delete:false, exclusive:false. It will be redeclared if the broker stops and is restarted while the connection factory is alive, but all messages will be lost.
2026-06-24 09:59:48 [main] INFO  o.s.amqp.rabbit.core.RabbitAdmin - Auto-declaring a non-durable, auto-delete, or exclusive Queue (payment.success.queue) durable:false, auto-delete:false, exclusive:false. It will be redeclared if the broker stops and is restarted while the connection factory is alive, but all messages will be lost.
2026-06-24 09:59:48 [main] INFO  o.s.amqp.rabbit.core.RabbitAdmin - Auto-declaring a non-durable, auto-delete, or exclusive Queue (payment.failed.queue) durable:false, auto-delete:false, exclusive:false. It will be redeclared if the broker stops and is restarted while the connection factory is alive, but all messages will be lost.
2026-06-24 09:59:48 [main] INFO  o.s.amqp.rabbit.core.RabbitAdmin - Auto-declaring a non-durable, auto-delete, or exclusive Queue (restaurant.accepted.queue) durable:false, auto-delete:false, exclusive:false. It will be redeclared if the broker stops and is restarted while the connection factory is alive, but all messages will be lost.
2026-06-24 09:59:48 [main] INFO  o.s.amqp.rabbit.core.RabbitAdmin - Auto-declaring a non-durable, auto-delete, or exclusive Queue (restaurant.rejected.queue) durable:false, auto-delete:false, exclusive:false. It will be redeclared if the broker stops and is restarted while the connection factory is alive, but all messages will be lost.
2026-06-24 09:59:48 [main] INFO  c.f.r.RestaurantServiceApplication - Started RestaurantServiceApplication in 7.214 seconds (process running for 99.292)
2026-06-24 09:59:49 [main] INFO  c.f.r.RestaurantServiceApplication - Starting RestaurantServiceApplication using Java 17.0.18 with PID 24916 (started by avilakad in C:\Users\avilakad\OneDrive - Publicis Groupe\Documents\Food-Delivery-main\restaurant-service)
2026-06-24 09:59:49 [main] DEBUG c.f.r.RestaurantServiceApplication - Running with Spring Boot v3.2.0, Spring v6.1.1
2026-06-24 09:59:49 [main] INFO  c.f.r.RestaurantServiceApplication - No active profile set, falling back to 1 default profile: "default"
2026-06-24 09:59:49 [main] INFO  o.s.c.c.c.ConfigServerConfigDataLoader - Fetching config from server at : http://localhost:8888
2026-06-24 09:59:49 [main] INFO  o.s.c.c.c.ConfigServerConfigDataLoader - Located environment: name=restaurant-service, profiles=[default], label=null, version=127b1adee530cd27467179f9b7c7520365be625a, state=null
2026-06-24 09:59:50 [main] INFO  o.s.d.r.c.RepositoryConfigurationDelegate - Bootstrapping Spring Data JPA repositories in DEFAULT mode.
2026-06-24 09:59:50 [main] INFO  o.s.d.r.c.RepositoryConfigurationDelegate - Finished Spring Data repository scanning in 58 ms. Found 2 JPA repository interfaces.
2026-06-24 09:59:50 [main] INFO  o.s.cloud.context.scope.GenericScope - BeanFactory id=111e3385-6c5f-3e30-8d3b-a82728f0a7dd
2026-06-24 09:59:50 [main] WARN  o.s.c.s.PostProcessorRegistrationDelegate$BeanPostProcessorChecker - Bean 'org.springframework.cloud.client.loadbalancer.LoadBalancerAutoConfiguration$RetryInterceptorAutoConfiguration' of type [org.springframework.cloud.client.loadbalancer.LoadBalancerAutoConfiguration$RetryInterceptorAutoConfiguration] is not eligible for getting processed by all BeanPostProcessors (for example: not eligible for auto-proxying). The currently created BeanPostProcessor [lbRestClientPostProcessor] is declared through a non-static factory method on that class; consider declaring it as static instead.
2026-06-24 09:59:50 [main] WARN  o.s.c.s.PostProcessorRegistrationDelegate$BeanPostProcessorChecker - Bean 'org.springframework.cloud.loadbalancer.config.BlockingLoadBalancerClientAutoConfiguration' of type [org.springframework.cloud.loadbalancer.config.BlockingLoadBalancerClientAutoConfiguration] is not eligible for getting processed by all BeanPostProcessors (for example: not eligible for auto-proxying). Is this bean getting eagerly injected into a currently created BeanPostProcessor [lbRestClientPostProcessor]? Check the corresponding BeanPostProcessor declaration and its dependencies.
2026-06-24 09:59:50 [main] WARN  o.s.c.s.PostProcessorRegistrationDelegate$BeanPostProcessorChecker - Bean 'org.springframework.cloud.loadbalancer.config.LoadBalancerAutoConfiguration' of type [org.springframework.cloud.loadbalancer.config.LoadBalancerAutoConfiguration] is not eligible for getting processed by all BeanPostProcessors (for example: not eligible for auto-proxying). Is this bean getting eagerly injected into a currently created BeanPostProcessor [lbRestClientPostProcessor]? Check the corresponding BeanPostProcessor declaration and its dependencies.
2026-06-24 09:59:50 [main] WARN  o.s.c.s.PostProcessorRegistrationDelegate$BeanPostProcessorChecker - Bean 'org.springframework.cloud.commons.config.CommonsConfigAutoConfiguration' of type [org.springframework.cloud.commons.config.CommonsConfigAutoConfiguration] is not eligible for getting processed by all BeanPostProcessors (for example: not eligible for auto-proxying). Is this bean getting eagerly injected into a currently created BeanPostProcessor [lbRestClientPostProcessor]? Check the corresponding BeanPostProcessor declaration and its dependencies.
2026-06-24 09:59:50 [main] WARN  o.s.c.s.PostProcessorRegistrationDelegate$BeanPostProcessorChecker - Bean 'org.springframework.cloud.client.loadbalancer.LoadBalancerDefaultMappingsProviderAutoConfiguration' of type [org.springframework.cloud.client.loadbalancer.LoadBalancerDefaultMappingsProviderAutoConfiguration] is not eligible for getting processed by all BeanPostProcessors (for example: not eligible for auto-proxying). Is this bean getting eagerly injected into a currently created BeanPostProcessor [lbRestClientPostProcessor]? Check the corresponding BeanPostProcessor declaration and its dependencies.
2026-06-24 09:59:50 [main] WARN  o.s.c.s.PostProcessorRegistrationDelegate$BeanPostProcessorChecker - Bean 'loadBalancerClientsDefaultsMappingsProvider' of type [org.springframework.cloud.client.loadbalancer.LoadBalancerDefaultMappingsProviderAutoConfiguration$$Lambda$1439/0x0000026d17893fc8] is not eligible for getting processed by all BeanPostProcessors (for example: not eligible for auto-proxying). Is this bean getting eagerly injected into a currently created BeanPostProcessor [lbRestClientPostProcessor]? Check the corresponding BeanPostProcessor declaration and its dependencies.
2026-06-24 09:59:50 [main] WARN  o.s.c.s.PostProcessorRegistrationDelegate$BeanPostProcessorChecker - Bean 'defaultsBindHandlerAdvisor' of type [org.springframework.cloud.commons.config.DefaultsBindHandlerAdvisor] is not eligible for getting processed by all BeanPostProcessors (for example: not eligible for auto-proxying). Is this bean getting eagerly injected into a currently created BeanPostProcessor [lbRestClientPostProcessor]? Check the corresponding BeanPostProcessor declaration and its dependencies.
2026-06-24 09:59:50 [main] WARN  o.s.c.s.PostProcessorRegistrationDelegate$BeanPostProcessorChecker - Bean 'spring.cloud.loadbalancer-org.springframework.cloud.client.loadbalancer.LoadBalancerClientsProperties' of type [org.springframework.cloud.client.loadbalancer.LoadBalancerClientsProperties] is not eligible for getting processed by all BeanPostProcessors (for example: not eligible for auto-proxying). Is this bean getting eagerly injected into a currently created BeanPostProcessor [lbRestClientPostProcessor]? Check the corresponding BeanPostProcessor declaration and its dependencies.
2026-06-24 09:59:50 [main] WARN  o.s.c.s.PostProcessorRegistrationDelegate$BeanPostProcessorChecker - Bean 'default.org.springframework.cloud.loadbalancer.config.LoadBalancerAutoConfiguration.LoadBalancerClientSpecification' of type [org.springframework.cloud.loadbalancer.annotation.LoadBalancerClientSpecification] is not eligible for getting processed by all BeanPostProcessors (for example: not eligible for auto-proxying). Is this bean getting eagerly injected into a currently created BeanPostProcessor [lbRestClientPostProcessor]? Check the corresponding BeanPostProcessor declaration and its dependencies.
2026-06-24 09:59:50 [main] WARN  o.s.c.s.PostProcessorRegistrationDelegate$BeanPostProcessorChecker - Bean 'default.org.springframework.cloud.loadbalancer.config.BlockingLoadBalancerClientAutoConfiguration.LoadBalancerClientSpecification' of type [org.springframework.cloud.loadbalancer.annotation.LoadBalancerClientSpecification] is not eligible for getting processed by all BeanPostProcessors (for example: not eligible for auto-proxying). Is this bean getting eagerly injected into a currently created BeanPostProcessor [lbRestClientPostProcessor]? Check the corresponding BeanPostProcessor declaration and its dependencies.
2026-06-24 09:59:50 [main] WARN  o.s.c.s.PostProcessorRegistrationDelegate$BeanPostProcessorChecker - Bean 'loadBalancerClientFactory' of type [org.springframework.cloud.loadbalancer.support.LoadBalancerClientFactory] is not eligible for getting processed by all BeanPostProcessors (for example: not eligible for auto-proxying). Is this bean getting eagerly injected into a currently created BeanPostProcessor [lbRestClientPostProcessor]? Check the corresponding BeanPostProcessor declaration and its dependencies.
2026-06-24 09:59:50 [main] WARN  o.s.c.s.PostProcessorRegistrationDelegate$BeanPostProcessorChecker - Bean 'blockingLoadBalancerClient' of type [org.springframework.cloud.loadbalancer.blocking.client.BlockingLoadBalancerClient] is not eligible for getting processed by all BeanPostProcessors (for example: not eligible for auto-proxying). Is this bean getting eagerly injected into a currently created BeanPostProcessor [lbRestClientPostProcessor]? Check the corresponding BeanPostProcessor declaration and its dependencies.
2026-06-24 09:59:50 [main] WARN  o.s.c.s.PostProcessorRegistrationDelegate$BeanPostProcessorChecker - Bean 'loadBalancerServiceInstanceCookieTransformer' of type [org.springframework.cloud.loadbalancer.core.LoadBalancerServiceInstanceCookieTransformer] is not eligible for getting processed by all BeanPostProcessors (for example: not eligible for auto-proxying). Is this bean getting eagerly injected into a currently created BeanPostProcessor [lbRestClientPostProcessor]? Check the corresponding BeanPostProcessor declaration and its dependencies.
2026-06-24 09:59:50 [main] WARN  o.s.c.s.PostProcessorRegistrationDelegate$BeanPostProcessorChecker - Bean 'xForwarderHeadersTransformer' of type [org.springframework.cloud.loadbalancer.blocking.XForwardedHeadersTransformer] is not eligible for getting processed by all BeanPostProcessors (for example: not eligible for auto-proxying). Is this bean getting eagerly injected into a currently created BeanPostProcessor [lbRestClientPostProcessor]? Check the corresponding BeanPostProcessor declaration and its dependencies.
2026-06-24 09:59:50 [main] WARN  o.s.c.s.PostProcessorRegistrationDelegate$BeanPostProcessorChecker - Bean 'org.springframework.cloud.client.loadbalancer.LoadBalancerAutoConfiguration' of type [org.springframework.cloud.client.loadbalancer.LoadBalancerAutoConfiguration] is not eligible for getting processed by all BeanPostProcessors (for example: not eligible for auto-proxying). Is this bean getting eagerly injected into a currently created BeanPostProcessor [lbRestClientPostProcessor]? Check the corresponding BeanPostProcessor declaration and its dependencies.
2026-06-24 09:59:50 [main] WARN  o.s.c.s.PostProcessorRegistrationDelegate$BeanPostProcessorChecker - Bean 'loadBalancerRequestFactory' of type [org.springframework.cloud.client.loadbalancer.LoadBalancerRequestFactory] is not eligible for getting processed by all BeanPostProcessors (for example: not eligible for auto-proxying). Is this bean getting eagerly injected into a currently created BeanPostProcessor [lbRestClientPostProcessor]? Check the corresponding BeanPostProcessor declaration and its dependencies.
2026-06-24 09:59:50 [main] WARN  o.s.c.s.PostProcessorRegistrationDelegate$BeanPostProcessorChecker - Bean 'org.springframework.cloud.loadbalancer.config.BlockingLoadBalancerClientAutoConfiguration$BlockingLoadBalancerRetryConfig' of type [org.springframework.cloud.loadbalancer.config.BlockingLoadBalancerClientAutoConfiguration$BlockingLoadBalancerRetryConfig$$SpringCGLIB$$0] is not eligible for getting processed by all BeanPostProcessors (for example: not eligible for auto-proxying). Is this bean getting eagerly injected into a currently created BeanPostProcessor [lbRestClientPostProcessor]? Check the corresponding BeanPostProcessor declaration and its dependencies.
2026-06-24 09:59:50 [main] WARN  o.s.c.s.PostProcessorRegistrationDelegate$BeanPostProcessorChecker - Bean 'loadBalancedRetryFactory' of type [org.springframework.cloud.loadbalancer.blocking.retry.BlockingLoadBalancedRetryFactory] is not eligible for getting processed by all BeanPostProcessors (for example: not eligible for auto-proxying). Is this bean getting eagerly injected into a currently created BeanPostProcessor [lbRestClientPostProcessor]? Check the corresponding BeanPostProcessor declaration and its dependencies.
2026-06-24 09:59:50 [main] WARN  o.s.c.s.PostProcessorRegistrationDelegate$BeanPostProcessorChecker - Bean 'loadBalancerInterceptor' of type [org.springframework.cloud.client.loadbalancer.RetryLoadBalancerInterceptor] is not eligible for getting processed by all BeanPostProcessors (for example: not eligible for auto-proxying). Is this bean getting eagerly injected into a currently created BeanPostProcessor [lbRestClientPostProcessor]? Check the corresponding BeanPostProcessor declaration and its dependencies.
2026-06-24 09:59:51 [main] INFO  o.s.b.w.e.tomcat.TomcatWebServer - Tomcat initialized with port 0 (http)
2026-06-24 09:59:51 [main] INFO  o.a.catalina.core.StandardService - Starting service [Tomcat]
2026-06-24 09:59:51 [main] INFO  o.a.catalina.core.StandardEngine - Starting Servlet engine: [Apache Tomcat/10.1.16]
2026-06-24 09:59:51 [main] INFO  o.a.c.c.C.[Tomcat-1].[localhost].[/] - Initializing Spring embedded WebApplicationContext
2026-06-24 09:59:51 [main] INFO  o.s.b.w.s.c.ServletWebServerApplicationContext - Root WebApplicationContext: initialization completed in 1666 ms
2026-06-24 09:59:52 [main] DEBUG c.f.r.s.JwtAuthenticationFilter - Filter 'jwtAuthenticationFilter' configured for use
2026-06-24 09:59:52 [main] INFO  o.h.jpa.internal.util.LogHelper - HHH000204: Processing PersistenceUnitInfo [name: default]
2026-06-24 09:59:52 [main] INFO  o.h.c.i.RegionFactoryInitiator - HHH000026: Second-level cache disabled
2026-06-24 09:59:52 [main] INFO  o.s.o.j.p.SpringPersistenceUnitInfo - No LoadTimeWeaver setup: ignoring JPA class transformer
2026-06-24 09:59:52 [main] INFO  com.zaxxer.hikari.HikariDataSource - RestaurantServiceHikariPool - Starting...
2026-06-24 09:59:52 [main] INFO  com.zaxxer.hikari.pool.HikariPool - RestaurantServiceHikariPool - Added connection conn11: url=jdbc:h2:mem:maintest user=SA
2026-06-24 09:59:52 [main] INFO  com.zaxxer.hikari.HikariDataSource - RestaurantServiceHikariPool - Start completed.
2026-06-24 09:59:52 [main] WARN  org.hibernate.orm.deprecation - HHH90000025: H2Dialect does not need to be specified explicitly using 'hibernate.dialect' (remove the property setting and it will be selected by default)
2026-06-24 09:59:52 [main] INFO  o.h.e.t.j.p.i.JtaPlatformInitiator - HHH000489: No JTA platform available (set 'hibernate.transaction.jta.platform' to enable JTA platform integration)
2026-06-24 09:59:52 [main] DEBUG org.hibernate.SQL - 
    drop table if exists menu_items cascade 
2026-06-24 09:59:53 [main] DEBUG org.hibernate.SQL - 
    drop table if exists restaurants cascade 
2026-06-24 09:59:53 [main] DEBUG org.hibernate.SQL - 
    create table menu_items (
        is_available boolean,
        price numeric(10,2) not null,
        created_at timestamp(6) not null,
        id bigint generated by default as identity,
        restaurant_id bigint not null,
        updated_at timestamp(6),
        description varchar(255),
        name varchar(255) not null,
        primary key (id)
    )
2026-06-24 09:59:53 [main] DEBUG org.hibernate.SQL - 
    create table restaurants (
        is_active boolean,
        rating numeric(3,2),
        created_at timestamp(6) not null,
        id bigint generated by default as identity,
        updated_at timestamp(6),
        address varchar(255) not null,
        cuisine_type varchar(255) not null,
        name varchar(255) not null,
        phone varchar(255) not null,
        primary key (id)
    )
2026-06-24 09:59:53 [main] DEBUG org.hibernate.SQL - 
    alter table if exists menu_items 
       add constraint FKhaqtoboitpl0n541y0sc753my 
       foreign key (restaurant_id) 
       references restaurants
2026-06-24 09:59:53 [main] INFO  o.s.o.j.LocalContainerEntityManagerFactoryBean - Initialized JPA EntityManagerFactory for persistence unit 'default'
2026-06-24 09:59:53 [main] WARN  o.s.b.a.s.s.UserDetailsServiceAutoConfiguration - 

Using generated security password: a033379c-026b-46be-b41a-325b77259cdd

This generated password is for development use only. Your security configuration must be updated before running your application in production.

2026-06-24 09:59:54 [main] INFO  o.s.b.a.e.web.EndpointLinksResolver - Exposing 5 endpoint(s) beneath base path '/actuator'
2026-06-24 09:59:54 [main] INFO  o.s.s.web.DefaultSecurityFilterChain - Will secure any request with [org.springframework.security.web.session.DisableEncodeUrlFilter@85c275b, org.springframework.security.web.context.request.async.WebAsyncManagerIntegrationFilter@65a65be, org.springframework.security.web.context.SecurityContextHolderFilter@56bed49f, org.springframework.security.web.header.HeaderWriterFilter@4588a85f, org.springframework.web.filter.CorsFilter@2a945c49, org.springframework.security.web.authentication.logout.LogoutFilter@53cddc7a, com.fooddelivery.restaurant.security.JwtAuthenticationFilter@139739d, org.springframework.security.web.savedrequest.RequestCacheAwareFilter@317c744, org.springframework.security.web.servletapi.SecurityContextHolderAwareRequestFilter@354c49ad, org.springframework.security.web.authentication.AnonymousAuthenticationFilter@d4f694a, org.springframework.security.web.session.SessionManagementFilter@400e60d2, org.springframework.security.web.access.ExceptionTranslationFilter@1bdb4cdd, org.springframework.security.web.access.intercept.AuthorizationFilter@7c5faffa]
2026-06-24 09:59:56 [main] INFO  o.s.c.n.e.c.DiscoveryClientOptionalArgsConfiguration - Eureka HTTP Client uses RestTemplate.
2026-06-24 09:59:56 [main] WARN  o.s.c.l.c.LoadBalancerCacheAutoConfiguration$LoadBalancerCaffeineWarnLogger - Spring Cloud LoadBalancer is currently working with the default cache. While this cache implementation is useful for development and tests, it's recommended to use Caffeine cache in production.You can switch to using Caffeine cache, by adding it and org.springframework.cache.caffeine.CaffeineCacheManager to the classpath.
2026-06-24 09:59:56 [main] INFO  o.s.b.w.e.tomcat.TomcatWebServer - Tomcat started on port 62983 (http) with context path ''
2026-06-24 09:59:57 [main] INFO  o.s.a.r.c.CachingConnectionFactory - Attempting to connect to: [localhost:5672]
2026-06-24 09:59:57 [main] INFO  o.s.a.r.c.CachingConnectionFactory - Created new connection: rabbitConnectionFactory#6e998007:0/SimpleConnection@47e9337f [delegate=amqp://guest@127.0.0.1:5672/, localPort=62984]
2026-06-24 09:59:57 [main] INFO  o.s.amqp.rabbit.core.RabbitAdmin - Auto-declaring a non-durable or auto-delete Exchange (order.exchange) durable:false, auto-delete:false. It will be deleted by the broker if it shuts down, and can be redeclared by closing and reopening the connection.
2026-06-24 09:59:57 [main] INFO  o.s.amqp.rabbit.core.RabbitAdmin - Auto-declaring a non-durable or auto-delete Exchange (payment.exchange) durable:false, auto-delete:false. It will be deleted by the broker if it shuts down, and can be redeclared by closing and reopening the connection.
2026-06-24 09:59:57 [main] INFO  o.s.amqp.rabbit.core.RabbitAdmin - Auto-declaring a non-durable or auto-delete Exchange (restaurant.exchange) durable:false, auto-delete:false. It will be deleted by the broker if it shuts down, and can be redeclared by closing and reopening the connection.
2026-06-24 09:59:57 [main] INFO  o.s.amqp.rabbit.core.RabbitAdmin - Auto-declaring a non-durable or auto-delete Exchange (notification.exchange) durable:false, auto-delete:false. It will be deleted by the broker if it shuts down, and can be redeclared by closing and reopening the connection.
2026-06-24 09:59:57 [main] INFO  o.s.amqp.rabbit.core.RabbitAdmin - Auto-declaring a non-durable or auto-delete Exchange (dlx.exchange) durable:false, auto-delete:false. It will be deleted by the broker if it shuts down, and can be redeclared by closing and reopening the connection.
2026-06-24 09:59:57 [main] INFO  o.s.amqp.rabbit.core.RabbitAdmin - Auto-declaring a non-durable, auto-delete, or exclusive Queue (order.created.queue) durable:false, auto-delete:false, exclusive:false. It will be redeclared if the broker stops and is restarted while the connection factory is alive, but all messages will be lost.
2026-06-24 09:59:57 [main] INFO  o.s.amqp.rabbit.core.RabbitAdmin - Auto-declaring a non-durable, auto-delete, or exclusive Queue (order.confirmed.queue) durable:false, auto-delete:false, exclusive:false. It will be redeclared if the broker stops and is restarted while the connection factory is alive, but all messages will be lost.
2026-06-24 09:59:57 [main] INFO  o.s.amqp.rabbit.core.RabbitAdmin - Auto-declaring a non-durable, auto-delete, or exclusive Queue (order.cancelled.queue) durable:false, auto-delete:false, exclusive:false. It will be redeclared if the broker stops and is restarted while the connection factory is alive, but all messages will be lost.
2026-06-24 09:59:57 [main] INFO  o.s.amqp.rabbit.core.RabbitAdmin - Auto-declaring a non-durable, auto-delete, or exclusive Queue (payment.success.queue) durable:false, auto-delete:false, exclusive:false. It will be redeclared if the broker stops and is restarted while the connection factory is alive, but all messages will be lost.
2026-06-24 09:59:57 [main] INFO  o.s.amqp.rabbit.core.RabbitAdmin - Auto-declaring a non-durable, auto-delete, or exclusive Queue (payment.failed.queue) durable:false, auto-delete:false, exclusive:false. It will be redeclared if the broker stops and is restarted while the connection factory is alive, but all messages will be lost.
2026-06-24 09:59:57 [main] INFO  o.s.amqp.rabbit.core.RabbitAdmin - Auto-declaring a non-durable, auto-delete, or exclusive Queue (restaurant.accepted.queue) durable:false, auto-delete:false, exclusive:false. It will be redeclared if the broker stops and is restarted while the connection factory is alive, but all messages will be lost.
2026-06-24 09:59:57 [main] INFO  o.s.amqp.rabbit.core.RabbitAdmin - Auto-declaring a non-durable, auto-delete, or exclusive Queue (restaurant.rejected.queue) durable:false, auto-delete:false, exclusive:false. It will be redeclared if the broker stops and is restarted while the connection factory is alive, but all messages will be lost.
2026-06-24 09:59:57 [main] INFO  c.f.r.RestaurantServiceApplication - Started RestaurantServiceApplication in 8.514 seconds (process running for 107.825)
2026-06-24 09:59:59 [org.springframework.amqp.rabbit.RabbitListenerEndpointContainer#0-2] INFO  o.s.a.r.l.SimpleMessageListenerContainer - Waiting for workers to finish.
2026-06-24 10:00:00 [org.springframework.amqp.rabbit.RabbitListenerEndpointContainer#0-2] INFO  o.s.a.r.l.SimpleMessageListenerContainer - Successfully waited for workers to finish.
2026-06-24 10:00:01 [SpringApplicationShutdownHook] INFO  o.s.o.j.LocalContainerEntityManagerFactoryBean - Closing JPA EntityManagerFactory for persistence unit 'default'
2026-06-24 10:00:01 [SpringApplicationShutdownHook] DEBUG org.hibernate.SQL - 
    drop table if exists menu_items cascade 
2026-06-24 10:00:01 [SpringApplicationShutdownHook] DEBUG org.hibernate.SQL - 
    drop table if exists restaurants cascade 
2026-06-24 10:00:01 [SpringApplicationShutdownHook] INFO  com.zaxxer.hikari.HikariDataSource - RestaurantServiceHikariPool - Shutdown initiated...
2026-06-24 10:00:01 [SpringApplicationShutdownHook] INFO  com.zaxxer.hikari.HikariDataSource - RestaurantServiceHikariPool - Shutdown completed.
2026-06-24 10:00:01 [org.springframework.amqp.rabbit.RabbitListenerEndpointContainer#0-2] INFO  o.s.a.r.l.SimpleMessageListenerContainer - Waiting for workers to finish.
2026-06-24 10:00:01 [org.springframework.amqp.rabbit.RabbitListenerEndpointContainer#0-2] INFO  o.s.a.r.l.SimpleMessageListenerContainer - Successfully waited for workers to finish.
2026-06-24 10:00:01 [SpringApplicationShutdownHook] INFO  o.s.o.j.LocalContainerEntityManagerFactoryBean - Closing JPA EntityManagerFactory for persistence unit 'default'
2026-06-24 10:00:01 [SpringApplicationShutdownHook] DEBUG org.hibernate.SQL - 
    drop table if exists menu_items cascade 
2026-06-24 10:00:01 [SpringApplicationShutdownHook] DEBUG org.hibernate.SQL - 
    drop table if exists restaurants cascade 
2026-06-24 10:00:01 [SpringApplicationShutdownHook] INFO  com.zaxxer.hikari.HikariDataSource - RestaurantServiceHikariPool - Shutdown initiated...
2026-06-24 10:00:01 [SpringApplicationShutdownHook] INFO  com.zaxxer.hikari.HikariDataSource - RestaurantServiceHikariPool - Shutdown completed.
2026-06-24 10:00:02 [org.springframework.amqp.rabbit.RabbitListenerEndpointContainer#0-2] INFO  o.s.a.r.l.SimpleMessageListenerContainer - Waiting for workers to finish.
2026-06-24 10:00:03 [org.springframework.amqp.rabbit.RabbitListenerEndpointContainer#0-2] INFO  o.s.a.r.l.SimpleMessageListenerContainer - Successfully waited for workers to finish.
2026-06-24 10:00:03 [SpringApplicationShutdownHook] INFO  o.s.o.j.LocalContainerEntityManagerFactoryBean - Closing JPA EntityManagerFactory for persistence unit 'default'
2026-06-24 10:00:03 [SpringApplicationShutdownHook] DEBUG org.hibernate.SQL - 
    drop table if exists menu_items cascade 
2026-06-24 10:00:03 [SpringApplicationShutdownHook] DEBUG org.hibernate.SQL - 
    drop table if exists restaurants cascade 
2026-06-24 10:00:03 [SpringApplicationShutdownHook] INFO  com.zaxxer.hikari.HikariDataSource - RestaurantServiceHikariPool - Shutdown initiated...
2026-06-24 10:00:03 [SpringApplicationShutdownHook] INFO  com.zaxxer.hikari.HikariDataSource - RestaurantServiceHikariPool - Shutdown completed.
2026-06-24 10:02:29 [main] INFO  c.f.r.RestaurantServiceApplication - Starting RestaurantServiceApplication using Java 17.0.18 with PID 13916 (C:\Users\avilakad\OneDrive - Publicis Groupe\Documents\Food-Delivery-main\restaurant-service\target\classes started by avilakad in C:\Users\avilakad\OneDrive - Publicis Groupe\Documents\Food-Delivery-main\restaurant-service)
2026-06-24 10:02:29 [main] DEBUG c.f.r.RestaurantServiceApplication - Running with Spring Boot v3.2.0, Spring v6.1.1
2026-06-24 10:02:29 [main] INFO  c.f.r.RestaurantServiceApplication - No active profile set, falling back to 1 default profile: "default"
2026-06-24 10:02:29 [main] INFO  o.s.c.c.c.ConfigServerConfigDataLoader - Fetching config from server at : http://localhost:8888
2026-06-24 10:02:29 [main] INFO  o.s.c.c.c.ConfigServerConfigDataLoader - Located environment: name=restaurant-service, profiles=[default], label=null, version=127b1adee530cd27467179f9b7c7520365be625a, state=null
2026-06-24 10:02:30 [main] INFO  o.s.d.r.c.RepositoryConfigurationDelegate - Bootstrapping Spring Data JPA repositories in DEFAULT mode.
2026-06-24 10:02:31 [main] INFO  o.s.d.r.c.RepositoryConfigurationDelegate - Finished Spring Data repository scanning in 240 ms. Found 2 JPA repository interfaces.
2026-06-24 10:02:31 [main] INFO  o.s.cloud.context.scope.GenericScope - BeanFactory id=b00b536c-c450-310f-bb3b-c069fa4ab85e
2026-06-24 10:02:32 [main] WARN  o.s.c.s.PostProcessorRegistrationDelegate$BeanPostProcessorChecker - Bean 'org.springframework.cloud.client.loadbalancer.LoadBalancerAutoConfiguration$RetryInterceptorAutoConfiguration' of type [org.springframework.cloud.client.loadbalancer.LoadBalancerAutoConfiguration$RetryInterceptorAutoConfiguration] is not eligible for getting processed by all BeanPostProcessors (for example: not eligible for auto-proxying). The currently created BeanPostProcessor [lbRestClientPostProcessor] is declared through a non-static factory method on that class; consider declaring it as static instead.
2026-06-24 10:02:32 [main] WARN  o.s.c.s.PostProcessorRegistrationDelegate$BeanPostProcessorChecker - Bean 'org.springframework.cloud.loadbalancer.config.BlockingLoadBalancerClientAutoConfiguration' of type [org.springframework.cloud.loadbalancer.config.BlockingLoadBalancerClientAutoConfiguration] is not eligible for getting processed by all BeanPostProcessors (for example: not eligible for auto-proxying). Is this bean getting eagerly injected into a currently created BeanPostProcessor [lbRestClientPostProcessor]? Check the corresponding BeanPostProcessor declaration and its dependencies.
2026-06-24 10:02:32 [main] WARN  o.s.c.s.PostProcessorRegistrationDelegate$BeanPostProcessorChecker - Bean 'org.springframework.cloud.loadbalancer.config.LoadBalancerAutoConfiguration' of type [org.springframework.cloud.loadbalancer.config.LoadBalancerAutoConfiguration] is not eligible for getting processed by all BeanPostProcessors (for example: not eligible for auto-proxying). Is this bean getting eagerly injected into a currently created BeanPostProcessor [lbRestClientPostProcessor]? Check the corresponding BeanPostProcessor declaration and its dependencies.
2026-06-24 10:02:32 [main] WARN  o.s.c.s.PostProcessorRegistrationDelegate$BeanPostProcessorChecker - Bean 'org.springframework.cloud.commons.config.CommonsConfigAutoConfiguration' of type [org.springframework.cloud.commons.config.CommonsConfigAutoConfiguration] is not eligible for getting processed by all BeanPostProcessors (for example: not eligible for auto-proxying). Is this bean getting eagerly injected into a currently created BeanPostProcessor [lbRestClientPostProcessor]? Check the corresponding BeanPostProcessor declaration and its dependencies.
2026-06-24 10:02:32 [main] WARN  o.s.c.s.PostProcessorRegistrationDelegate$BeanPostProcessorChecker - Bean 'org.springframework.cloud.client.loadbalancer.LoadBalancerDefaultMappingsProviderAutoConfiguration' of type [org.springframework.cloud.client.loadbalancer.LoadBalancerDefaultMappingsProviderAutoConfiguration] is not eligible for getting processed by all BeanPostProcessors (for example: not eligible for auto-proxying). Is this bean getting eagerly injected into a currently created BeanPostProcessor [lbRestClientPostProcessor]? Check the corresponding BeanPostProcessor declaration and its dependencies.
2026-06-24 10:02:32 [main] WARN  o.s.c.s.PostProcessorRegistrationDelegate$BeanPostProcessorChecker - Bean 'loadBalancerClientsDefaultsMappingsProvider' of type [org.springframework.cloud.client.loadbalancer.LoadBalancerDefaultMappingsProviderAutoConfiguration$$Lambda$671/0x00000226d950eec0] is not eligible for getting processed by all BeanPostProcessors (for example: not eligible for auto-proxying). Is this bean getting eagerly injected into a currently created BeanPostProcessor [lbRestClientPostProcessor]? Check the corresponding BeanPostProcessor declaration and its dependencies.
2026-06-24 10:02:32 [main] WARN  o.s.c.s.PostProcessorRegistrationDelegate$BeanPostProcessorChecker - Bean 'defaultsBindHandlerAdvisor' of type [org.springframework.cloud.commons.config.DefaultsBindHandlerAdvisor] is not eligible for getting processed by all BeanPostProcessors (for example: not eligible for auto-proxying). Is this bean getting eagerly injected into a currently created BeanPostProcessor [lbRestClientPostProcessor]? Check the corresponding BeanPostProcessor declaration and its dependencies.
2026-06-24 10:02:32 [main] WARN  o.s.c.s.PostProcessorRegistrationDelegate$BeanPostProcessorChecker - Bean 'spring.cloud.loadbalancer-org.springframework.cloud.client.loadbalancer.LoadBalancerClientsProperties' of type [org.springframework.cloud.client.loadbalancer.LoadBalancerClientsProperties] is not eligible for getting processed by all BeanPostProcessors (for example: not eligible for auto-proxying). Is this bean getting eagerly injected into a currently created BeanPostProcessor [lbRestClientPostProcessor]? Check the corresponding BeanPostProcessor declaration and its dependencies.
2026-06-24 10:02:32 [main] WARN  o.s.c.s.PostProcessorRegistrationDelegate$BeanPostProcessorChecker - Bean 'default.org.springframework.cloud.loadbalancer.config.LoadBalancerAutoConfiguration.LoadBalancerClientSpecification' of type [org.springframework.cloud.loadbalancer.annotation.LoadBalancerClientSpecification] is not eligible for getting processed by all BeanPostProcessors (for example: not eligible for auto-proxying). Is this bean getting eagerly injected into a currently created BeanPostProcessor [lbRestClientPostProcessor]? Check the corresponding BeanPostProcessor declaration and its dependencies.
2026-06-24 10:02:32 [main] WARN  o.s.c.s.PostProcessorRegistrationDelegate$BeanPostProcessorChecker - Bean 'default.org.springframework.cloud.loadbalancer.config.BlockingLoadBalancerClientAutoConfiguration.LoadBalancerClientSpecification' of type [org.springframework.cloud.loadbalancer.annotation.LoadBalancerClientSpecification] is not eligible for getting processed by all BeanPostProcessors (for example: not eligible for auto-proxying). Is this bean getting eagerly injected into a currently created BeanPostProcessor [lbRestClientPostProcessor]? Check the corresponding BeanPostProcessor declaration and its dependencies.
2026-06-24 10:02:32 [main] WARN  o.s.c.s.PostProcessorRegistrationDelegate$BeanPostProcessorChecker - Bean 'default.org.springframework.cloud.netflix.eureka.loadbalancer.LoadBalancerEurekaAutoConfiguration.LoadBalancerClientSpecification' of type [org.springframework.cloud.loadbalancer.annotation.LoadBalancerClientSpecification] is not eligible for getting processed by all BeanPostProcessors (for example: not eligible for auto-proxying). Is this bean getting eagerly injected into a currently created BeanPostProcessor [lbRestClientPostProcessor]? Check the corresponding BeanPostProcessor declaration and its dependencies.
2026-06-24 10:02:32 [main] WARN  o.s.c.s.PostProcessorRegistrationDelegate$BeanPostProcessorChecker - Bean 'loadBalancerClientFactory' of type [org.springframework.cloud.loadbalancer.support.LoadBalancerClientFactory] is not eligible for getting processed by all BeanPostProcessors (for example: not eligible for auto-proxying). Is this bean getting eagerly injected into a currently created BeanPostProcessor [lbRestClientPostProcessor]? Check the corresponding BeanPostProcessor declaration and its dependencies.
2026-06-24 10:02:32 [main] WARN  o.s.c.s.PostProcessorRegistrationDelegate$BeanPostProcessorChecker - Bean 'blockingLoadBalancerClient' of type [org.springframework.cloud.loadbalancer.blocking.client.BlockingLoadBalancerClient] is not eligible for getting processed by all BeanPostProcessors (for example: not eligible for auto-proxying). Is this bean getting eagerly injected into a currently created BeanPostProcessor [lbRestClientPostProcessor]? Check the corresponding BeanPostProcessor declaration and its dependencies.
2026-06-24 10:02:32 [main] WARN  o.s.c.s.PostProcessorRegistrationDelegate$BeanPostProcessorChecker - Bean 'loadBalancerServiceInstanceCookieTransformer' of type [org.springframework.cloud.loadbalancer.core.LoadBalancerServiceInstanceCookieTransformer] is not eligible for getting processed by all BeanPostProcessors (for example: not eligible for auto-proxying). Is this bean getting eagerly injected into a currently created BeanPostProcessor [lbRestClientPostProcessor]? Check the corresponding BeanPostProcessor declaration and its dependencies.
2026-06-24 10:02:32 [main] WARN  o.s.c.s.PostProcessorRegistrationDelegate$BeanPostProcessorChecker - Bean 'xForwarderHeadersTransformer' of type [org.springframework.cloud.loadbalancer.blocking.XForwardedHeadersTransformer] is not eligible for getting processed by all BeanPostProcessors (for example: not eligible for auto-proxying). Is this bean getting eagerly injected into a currently created BeanPostProcessor [lbRestClientPostProcessor]? Check the corresponding BeanPostProcessor declaration and its dependencies.
2026-06-24 10:02:32 [main] WARN  o.s.c.s.PostProcessorRegistrationDelegate$BeanPostProcessorChecker - Bean 'org.springframework.cloud.client.loadbalancer.LoadBalancerAutoConfiguration' of type [org.springframework.cloud.client.loadbalancer.LoadBalancerAutoConfiguration] is not eligible for getting processed by all BeanPostProcessors (for example: not eligible for auto-proxying). Is this bean getting eagerly injected into a currently created BeanPostProcessor [lbRestClientPostProcessor]? Check the corresponding BeanPostProcessor declaration and its dependencies.
2026-06-24 10:02:32 [main] WARN  o.s.c.s.PostProcessorRegistrationDelegate$BeanPostProcessorChecker - Bean 'loadBalancerRequestFactory' of type [org.springframework.cloud.client.loadbalancer.LoadBalancerRequestFactory] is not eligible for getting processed by all BeanPostProcessors (for example: not eligible for auto-proxying). Is this bean getting eagerly injected into a currently created BeanPostProcessor [lbRestClientPostProcessor]? Check the corresponding BeanPostProcessor declaration and its dependencies.
2026-06-24 10:02:32 [main] WARN  o.s.c.s.PostProcessorRegistrationDelegate$BeanPostProcessorChecker - Bean 'org.springframework.cloud.loadbalancer.config.BlockingLoadBalancerClientAutoConfiguration$BlockingLoadBalancerRetryConfig' of type [org.springframework.cloud.loadbalancer.config.BlockingLoadBalancerClientAutoConfiguration$BlockingLoadBalancerRetryConfig$$SpringCGLIB$$0] is not eligible for getting processed by all BeanPostProcessors (for example: not eligible for auto-proxying). Is this bean getting eagerly injected into a currently created BeanPostProcessor [lbRestClientPostProcessor]? Check the corresponding BeanPostProcessor declaration and its dependencies.
2026-06-24 10:02:32 [main] WARN  o.s.c.s.PostProcessorRegistrationDelegate$BeanPostProcessorChecker - Bean 'loadBalancedRetryFactory' of type [org.springframework.cloud.loadbalancer.blocking.retry.BlockingLoadBalancedRetryFactory] is not eligible for getting processed by all BeanPostProcessors (for example: not eligible for auto-proxying). Is this bean getting eagerly injected into a currently created BeanPostProcessor [lbRestClientPostProcessor]? Check the corresponding BeanPostProcessor declaration and its dependencies.
2026-06-24 10:02:32 [main] WARN  o.s.c.s.PostProcessorRegistrationDelegate$BeanPostProcessorChecker - Bean 'loadBalancerInterceptor' of type [org.springframework.cloud.client.loadbalancer.RetryLoadBalancerInterceptor] is not eligible for getting processed by all BeanPostProcessors (for example: not eligible for auto-proxying). Is this bean getting eagerly injected into a currently created BeanPostProcessor [lbRestClientPostProcessor]? Check the corresponding BeanPostProcessor declaration and its dependencies.
2026-06-24 10:02:32 [main] INFO  o.s.b.w.e.tomcat.TomcatWebServer - Tomcat initialized with port 8082 (http)
2026-06-24 10:02:32 [main] INFO  o.a.catalina.core.StandardService - Starting service [Tomcat]
2026-06-24 10:02:32 [main] INFO  o.a.catalina.core.StandardEngine - Starting Servlet engine: [Apache Tomcat/10.1.16]
2026-06-24 10:02:32 [main] INFO  o.a.c.c.C.[Tomcat].[localhost].[/] - Initializing Spring embedded WebApplicationContext
2026-06-24 10:02:32 [main] INFO  o.s.b.w.s.c.ServletWebServerApplicationContext - Root WebApplicationContext: initialization completed in 3741 ms
2026-06-24 10:02:34 [main] DEBUG c.f.r.s.JwtAuthenticationFilter - Filter 'jwtAuthenticationFilter' configured for use
2026-06-24 10:02:34 [main] INFO  o.h.jpa.internal.util.LogHelper - HHH000204: Processing PersistenceUnitInfo [name: default]
2026-06-24 10:02:34 [main] INFO  org.hibernate.Version - HHH000412: Hibernate ORM core version 6.3.1.Final
2026-06-24 10:02:34 [main] INFO  o.h.c.i.RegionFactoryInitiator - HHH000026: Second-level cache disabled
2026-06-24 10:02:34 [main] INFO  o.s.o.j.p.SpringPersistenceUnitInfo - No LoadTimeWeaver setup: ignoring JPA class transformer
2026-06-24 10:02:34 [main] INFO  com.zaxxer.hikari.HikariDataSource - RestaurantServiceHikariPool - Starting...
2026-06-24 10:02:35 [main] INFO  com.zaxxer.hikari.pool.HikariPool - RestaurantServiceHikariPool - Added connection org.postgresql.jdbc.PgConnection@9c40f43
2026-06-24 10:02:35 [main] INFO  com.zaxxer.hikari.HikariDataSource - RestaurantServiceHikariPool - Start completed.
2026-06-24 10:02:36 [main] INFO  o.h.e.t.j.p.i.JtaPlatformInitiator - HHH000489: No JTA platform available (set 'hibernate.transaction.jta.platform' to enable JTA platform integration)
2026-06-24 10:02:36 [main] INFO  o.s.o.j.LocalContainerEntityManagerFactoryBean - Initialized JPA EntityManagerFactory for persistence unit 'default'
2026-06-24 10:02:36 [main] INFO  o.s.d.j.r.query.QueryEnhancerFactory - Hibernate is in classpath; If applicable, HQL parser will be used.
2026-06-24 10:02:37 [main] WARN  o.s.b.a.s.s.UserDetailsServiceAutoConfiguration - 

Using generated security password: 2db5eb4e-80fb-411a-89fa-6b39f7526825

This generated password is for development use only. Your security configuration must be updated before running your application in production.

2026-06-24 10:02:38 [main] INFO  o.s.b.a.e.web.EndpointLinksResolver - Exposing 5 endpoint(s) beneath base path '/actuator'
2026-06-24 10:02:38 [main] INFO  o.s.s.web.DefaultSecurityFilterChain - Will secure any request with [org.springframework.security.web.session.DisableEncodeUrlFilter@cce5ae3, org.springframework.security.web.context.request.async.WebAsyncManagerIntegrationFilter@eac35fd, org.springframework.security.web.context.SecurityContextHolderFilter@2dcfa917, org.springframework.security.web.header.HeaderWriterFilter@2c143041, org.springframework.web.filter.CorsFilter@2c15ced4, org.springframework.security.web.authentication.logout.LogoutFilter@8a5e71b, com.fooddelivery.restaurant.security.JwtAuthenticationFilter@da9374c, org.springframework.security.web.savedrequest.RequestCacheAwareFilter@7ff92527, org.springframework.security.web.servletapi.SecurityContextHolderAwareRequestFilter@1dbf21c5, org.springframework.security.web.authentication.AnonymousAuthenticationFilter@1a19fbfb, org.springframework.security.web.session.SessionManagementFilter@2ff660ec, org.springframework.security.web.access.ExceptionTranslationFilter@7e30050, org.springframework.security.web.access.intercept.AuthorizationFilter@4f0ea6f8]
2026-06-24 10:02:39 [main] INFO  o.s.c.n.e.c.DiscoveryClientOptionalArgsConfiguration - Eureka HTTP Client uses RestTemplate.
2026-06-24 10:02:40 [main] WARN  o.s.c.l.c.LoadBalancerCacheAutoConfiguration$LoadBalancerCaffeineWarnLogger - Spring Cloud LoadBalancer is currently working with the default cache. While this cache implementation is useful for development and tests, it's recommended to use Caffeine cache in production.You can switch to using Caffeine cache, by adding it and org.springframework.cache.caffeine.CaffeineCacheManager to the classpath.
2026-06-24 10:02:40 [main] INFO  o.s.c.n.eureka.InstanceInfoFactory - Setting initial instance status as: STARTING
2026-06-24 10:02:40 [main] INFO  c.netflix.discovery.DiscoveryClient - Initializing Eureka in region us-east-1
2026-06-24 10:02:40 [main] INFO  c.n.d.s.r.aws.ConfigClusterResolver - Resolving eureka endpoints via configuration
2026-06-24 10:02:40 [main] INFO  c.netflix.discovery.DiscoveryClient - Disable delta property : false
2026-06-24 10:02:40 [main] INFO  c.netflix.discovery.DiscoveryClient - Single vip registry refresh property : null
2026-06-24 10:02:40 [main] INFO  c.netflix.discovery.DiscoveryClient - Force full registry fetch : false
2026-06-24 10:02:40 [main] INFO  c.netflix.discovery.DiscoveryClient - Application is null : false
2026-06-24 10:02:40 [main] INFO  c.netflix.discovery.DiscoveryClient - Registered Applications size is zero : true
2026-06-24 10:02:40 [main] INFO  c.netflix.discovery.DiscoveryClient - Application version is -1: true
2026-06-24 10:02:40 [main] INFO  c.netflix.discovery.DiscoveryClient - Getting all instance registry info from the eureka server
2026-06-24 10:02:40 [main] INFO  c.netflix.discovery.DiscoveryClient - The response status is 200
2026-06-24 10:02:40 [main] INFO  c.netflix.discovery.DiscoveryClient - Starting heartbeat executor: renew interval is: 10
2026-06-24 10:02:40 [main] INFO  c.n.discovery.InstanceInfoReplicator - InstanceInfoReplicator onDemand update allowed rate per min is 4
2026-06-24 10:02:40 [main] INFO  c.netflix.discovery.DiscoveryClient - Discovery Client initialized at timestamp 1782275560477 with initial instances count: 5
2026-06-24 10:02:40 [main] INFO  o.s.c.n.e.s.EurekaServiceRegistry - Registering application RESTAURANT-SERVICE with eureka with status UP
2026-06-24 10:02:40 [main] INFO  c.netflix.discovery.DiscoveryClient - Saw local status change event StatusChangeEvent [timestamp=1782275560495, current=UP, previous=STARTING]
2026-06-24 10:02:40 [DiscoveryClient-InstanceInfoReplicator-0] INFO  c.netflix.discovery.DiscoveryClient - DiscoveryClient_RESTAURANT-SERVICE/restaurant-service:af35738a6adaeabad139a8dc4925d2ef: registering service...
2026-06-24 10:02:40 [main] INFO  o.s.b.w.e.tomcat.TomcatWebServer - Tomcat started on port 8082 (http) with context path ''
2026-06-24 10:02:40 [main] INFO  o.s.c.n.e.s.EurekaAutoServiceRegistration - Updating port to 8082
2026-06-24 10:02:40 [DiscoveryClient-InstanceInfoReplicator-0] INFO  c.netflix.discovery.DiscoveryClient - DiscoveryClient_RESTAURANT-SERVICE/restaurant-service:af35738a6adaeabad139a8dc4925d2ef - registration status: 204
2026-06-24 10:02:41 [main] INFO  o.s.a.r.c.CachingConnectionFactory - Attempting to connect to: [localhost:5672]
2026-06-24 10:02:41 [main] INFO  o.s.a.r.c.CachingConnectionFactory - Created new connection: rabbitConnectionFactory#6fc26fb1:0/SimpleConnection@422f7081 [delegate=amqp://guest@127.0.0.1:5672/, localPort=58801]
2026-06-24 10:02:41 [main] INFO  o.s.amqp.rabbit.core.RabbitAdmin - Auto-declaring a non-durable or auto-delete Exchange (order.exchange) durable:false, auto-delete:false. It will be deleted by the broker if it shuts down, and can be redeclared by closing and reopening the connection.
2026-06-24 10:02:41 [main] INFO  o.s.amqp.rabbit.core.RabbitAdmin - Auto-declaring a non-durable or auto-delete Exchange (payment.exchange) durable:false, auto-delete:false. It will be deleted by the broker if it shuts down, and can be redeclared by closing and reopening the connection.
2026-06-24 10:02:41 [main] INFO  o.s.amqp.rabbit.core.RabbitAdmin - Auto-declaring a non-durable or auto-delete Exchange (restaurant.exchange) durable:false, auto-delete:false. It will be deleted by the broker if it shuts down, and can be redeclared by closing and reopening the connection.
2026-06-24 10:02:41 [main] INFO  o.s.amqp.rabbit.core.RabbitAdmin - Auto-declaring a non-durable or auto-delete Exchange (notification.exchange) durable:false, auto-delete:false. It will be deleted by the broker if it shuts down, and can be redeclared by closing and reopening the connection.
2026-06-24 10:02:41 [main] INFO  o.s.amqp.rabbit.core.RabbitAdmin - Auto-declaring a non-durable or auto-delete Exchange (dlx.exchange) durable:false, auto-delete:false. It will be deleted by the broker if it shuts down, and can be redeclared by closing and reopening the connection.
2026-06-24 10:02:41 [main] INFO  o.s.amqp.rabbit.core.RabbitAdmin - Auto-declaring a non-durable, auto-delete, or exclusive Queue (order.created.queue) durable:false, auto-delete:false, exclusive:false. It will be redeclared if the broker stops and is restarted while the connection factory is alive, but all messages will be lost.
2026-06-24 10:02:41 [main] INFO  o.s.amqp.rabbit.core.RabbitAdmin - Auto-declaring a non-durable, auto-delete, or exclusive Queue (order.confirmed.queue) durable:false, auto-delete:false, exclusive:false. It will be redeclared if the broker stops and is restarted while the connection factory is alive, but all messages will be lost.
2026-06-24 10:02:41 [main] INFO  o.s.amqp.rabbit.core.RabbitAdmin - Auto-declaring a non-durable, auto-delete, or exclusive Queue (order.cancelled.queue) durable:false, auto-delete:false, exclusive:false. It will be redeclared if the broker stops and is restarted while the connection factory is alive, but all messages will be lost.
2026-06-24 10:02:41 [main] INFO  o.s.amqp.rabbit.core.RabbitAdmin - Auto-declaring a non-durable, auto-delete, or exclusive Queue (payment.success.queue) durable:false, auto-delete:false, exclusive:false. It will be redeclared if the broker stops and is restarted while the connection factory is alive, but all messages will be lost.
2026-06-24 10:02:41 [main] INFO  o.s.amqp.rabbit.core.RabbitAdmin - Auto-declaring a non-durable, auto-delete, or exclusive Queue (payment.failed.queue) durable:false, auto-delete:false, exclusive:false. It will be redeclared if the broker stops and is restarted while the connection factory is alive, but all messages will be lost.
2026-06-24 10:02:41 [main] INFO  o.s.amqp.rabbit.core.RabbitAdmin - Auto-declaring a non-durable, auto-delete, or exclusive Queue (restaurant.accepted.queue) durable:false, auto-delete:false, exclusive:false. It will be redeclared if the broker stops and is restarted while the connection factory is alive, but all messages will be lost.
2026-06-24 10:02:41 [main] INFO  o.s.amqp.rabbit.core.RabbitAdmin - Auto-declaring a non-durable, auto-delete, or exclusive Queue (restaurant.rejected.queue) durable:false, auto-delete:false, exclusive:false. It will be redeclared if the broker stops and is restarted while the connection factory is alive, but all messages will be lost.
2026-06-24 10:02:41 [main] INFO  c.f.r.RestaurantServiceApplication - Started RestaurantServiceApplication in 14.156 seconds (process running for 15.187)
2026-06-24 10:02:51 [http-nio-8082-exec-1] INFO  o.a.c.c.C.[Tomcat].[localhost].[/] - Initializing Spring DispatcherServlet 'dispatcherServlet'
2026-06-24 10:02:51 [http-nio-8082-exec-1] INFO  o.s.web.servlet.DispatcherServlet - Initializing Servlet 'dispatcherServlet'
2026-06-24 10:02:51 [http-nio-8082-exec-1] INFO  o.s.web.servlet.DispatcherServlet - Completed initialization in 6 ms
2026-06-24 10:02:52 [http-nio-8082-exec-1] WARN  o.s.w.s.h.HandlerMappingIntrospector - Cache miss for REQUEST dispatch to '/actuator/prometheus' (previous null). Performing MatchableHandlerMapping lookup. This is logged once only at WARN level, and every time at TRACE.
2026-06-24 10:03:19 [main] INFO  c.f.r.RestaurantServiceApplication - Starting RestaurantServiceApplication using Java 17.0.18 with PID 19836 (C:\Users\avilakad\OneDrive - Publicis Groupe\Documents\Food-Delivery-main\restaurant-service\target\classes started by avilakad in C:\Users\avilakad\OneDrive - Publicis Groupe\Documents\Food-Delivery-main\restaurant-service)
2026-06-24 10:03:19 [main] DEBUG c.f.r.RestaurantServiceApplication - Running with Spring Boot v3.2.0, Spring v6.1.1
2026-06-24 10:03:19 [main] INFO  c.f.r.RestaurantServiceApplication - No active profile set, falling back to 1 default profile: "default"
2026-06-24 10:03:19 [main] INFO  o.s.c.c.c.ConfigServerConfigDataLoader - Fetching config from server at : http://localhost:8888
2026-06-24 10:03:19 [main] INFO  o.s.c.c.c.ConfigServerConfigDataLoader - Located environment: name=restaurant-service, profiles=[default], label=null, version=127b1adee530cd27467179f9b7c7520365be625a, state=null
2026-06-24 10:03:20 [main] INFO  o.s.d.r.c.RepositoryConfigurationDelegate - Bootstrapping Spring Data JPA repositories in DEFAULT mode.
2026-06-24 10:03:21 [main] INFO  o.s.d.r.c.RepositoryConfigurationDelegate - Finished Spring Data repository scanning in 153 ms. Found 2 JPA repository interfaces.
2026-06-24 10:03:21 [main] INFO  o.s.cloud.context.scope.GenericScope - BeanFactory id=b00b536c-c450-310f-bb3b-c069fa4ab85e
2026-06-24 10:03:22 [main] WARN  o.s.c.s.PostProcessorRegistrationDelegate$BeanPostProcessorChecker - Bean 'org.springframework.cloud.client.loadbalancer.LoadBalancerAutoConfiguration$RetryInterceptorAutoConfiguration' of type [org.springframework.cloud.client.loadbalancer.LoadBalancerAutoConfiguration$RetryInterceptorAutoConfiguration] is not eligible for getting processed by all BeanPostProcessors (for example: not eligible for auto-proxying). The currently created BeanPostProcessor [lbRestClientPostProcessor] is declared through a non-static factory method on that class; consider declaring it as static instead.
2026-06-24 10:03:22 [main] WARN  o.s.c.s.PostProcessorRegistrationDelegate$BeanPostProcessorChecker - Bean 'org.springframework.cloud.loadbalancer.config.BlockingLoadBalancerClientAutoConfiguration' of type [org.springframework.cloud.loadbalancer.config.BlockingLoadBalancerClientAutoConfiguration] is not eligible for getting processed by all BeanPostProcessors (for example: not eligible for auto-proxying). Is this bean getting eagerly injected into a currently created BeanPostProcessor [lbRestClientPostProcessor]? Check the corresponding BeanPostProcessor declaration and its dependencies.
2026-06-24 10:03:22 [main] WARN  o.s.c.s.PostProcessorRegistrationDelegate$BeanPostProcessorChecker - Bean 'org.springframework.cloud.loadbalancer.config.LoadBalancerAutoConfiguration' of type [org.springframework.cloud.loadbalancer.config.LoadBalancerAutoConfiguration] is not eligible for getting processed by all BeanPostProcessors (for example: not eligible for auto-proxying). Is this bean getting eagerly injected into a currently created BeanPostProcessor [lbRestClientPostProcessor]? Check the corresponding BeanPostProcessor declaration and its dependencies.
2026-06-24 10:03:22 [main] WARN  o.s.c.s.PostProcessorRegistrationDelegate$BeanPostProcessorChecker - Bean 'org.springframework.cloud.commons.config.CommonsConfigAutoConfiguration' of type [org.springframework.cloud.commons.config.CommonsConfigAutoConfiguration] is not eligible for getting processed by all BeanPostProcessors (for example: not eligible for auto-proxying). Is this bean getting eagerly injected into a currently created BeanPostProcessor [lbRestClientPostProcessor]? Check the corresponding BeanPostProcessor declaration and its dependencies.
2026-06-24 10:03:22 [main] WARN  o.s.c.s.PostProcessorRegistrationDelegate$BeanPostProcessorChecker - Bean 'org.springframework.cloud.client.loadbalancer.LoadBalancerDefaultMappingsProviderAutoConfiguration' of type [org.springframework.cloud.client.loadbalancer.LoadBalancerDefaultMappingsProviderAutoConfiguration] is not eligible for getting processed by all BeanPostProcessors (for example: not eligible for auto-proxying). Is this bean getting eagerly injected into a currently created BeanPostProcessor [lbRestClientPostProcessor]? Check the corresponding BeanPostProcessor declaration and its dependencies.
2026-06-24 10:03:22 [main] WARN  o.s.c.s.PostProcessorRegistrationDelegate$BeanPostProcessorChecker - Bean 'loadBalancerClientsDefaultsMappingsProvider' of type [org.springframework.cloud.client.loadbalancer.LoadBalancerDefaultMappingsProviderAutoConfiguration$$Lambda$671/0x000001f72452f7b8] is not eligible for getting processed by all BeanPostProcessors (for example: not eligible for auto-proxying). Is this bean getting eagerly injected into a currently created BeanPostProcessor [lbRestClientPostProcessor]? Check the corresponding BeanPostProcessor declaration and its dependencies.
2026-06-24 10:03:22 [main] WARN  o.s.c.s.PostProcessorRegistrationDelegate$BeanPostProcessorChecker - Bean 'defaultsBindHandlerAdvisor' of type [org.springframework.cloud.commons.config.DefaultsBindHandlerAdvisor] is not eligible for getting processed by all BeanPostProcessors (for example: not eligible for auto-proxying). Is this bean getting eagerly injected into a currently created BeanPostProcessor [lbRestClientPostProcessor]? Check the corresponding BeanPostProcessor declaration and its dependencies.
2026-06-24 10:03:22 [main] WARN  o.s.c.s.PostProcessorRegistrationDelegate$BeanPostProcessorChecker - Bean 'spring.cloud.loadbalancer-org.springframework.cloud.client.loadbalancer.LoadBalancerClientsProperties' of type [org.springframework.cloud.client.loadbalancer.LoadBalancerClientsProperties] is not eligible for getting processed by all BeanPostProcessors (for example: not eligible for auto-proxying). Is this bean getting eagerly injected into a currently created BeanPostProcessor [lbRestClientPostProcessor]? Check the corresponding BeanPostProcessor declaration and its dependencies.
2026-06-24 10:03:22 [main] WARN  o.s.c.s.PostProcessorRegistrationDelegate$BeanPostProcessorChecker - Bean 'default.org.springframework.cloud.loadbalancer.config.LoadBalancerAutoConfiguration.LoadBalancerClientSpecification' of type [org.springframework.cloud.loadbalancer.annotation.LoadBalancerClientSpecification] is not eligible for getting processed by all BeanPostProcessors (for example: not eligible for auto-proxying). Is this bean getting eagerly injected into a currently created BeanPostProcessor [lbRestClientPostProcessor]? Check the corresponding BeanPostProcessor declaration and its dependencies.
2026-06-24 10:03:22 [main] WARN  o.s.c.s.PostProcessorRegistrationDelegate$BeanPostProcessorChecker - Bean 'default.org.springframework.cloud.loadbalancer.config.BlockingLoadBalancerClientAutoConfiguration.LoadBalancerClientSpecification' of type [org.springframework.cloud.loadbalancer.annotation.LoadBalancerClientSpecification] is not eligible for getting processed by all BeanPostProcessors (for example: not eligible for auto-proxying). Is this bean getting eagerly injected into a currently created BeanPostProcessor [lbRestClientPostProcessor]? Check the corresponding BeanPostProcessor declaration and its dependencies.
2026-06-24 10:03:22 [main] WARN  o.s.c.s.PostProcessorRegistrationDelegate$BeanPostProcessorChecker - Bean 'default.org.springframework.cloud.netflix.eureka.loadbalancer.LoadBalancerEurekaAutoConfiguration.LoadBalancerClientSpecification' of type [org.springframework.cloud.loadbalancer.annotation.LoadBalancerClientSpecification] is not eligible for getting processed by all BeanPostProcessors (for example: not eligible for auto-proxying). Is this bean getting eagerly injected into a currently created BeanPostProcessor [lbRestClientPostProcessor]? Check the corresponding BeanPostProcessor declaration and its dependencies.
2026-06-24 10:03:22 [main] WARN  o.s.c.s.PostProcessorRegistrationDelegate$BeanPostProcessorChecker - Bean 'loadBalancerClientFactory' of type [org.springframework.cloud.loadbalancer.support.LoadBalancerClientFactory] is not eligible for getting processed by all BeanPostProcessors (for example: not eligible for auto-proxying). Is this bean getting eagerly injected into a currently created BeanPostProcessor [lbRestClientPostProcessor]? Check the corresponding BeanPostProcessor declaration and its dependencies.
2026-06-24 10:03:22 [main] WARN  o.s.c.s.PostProcessorRegistrationDelegate$BeanPostProcessorChecker - Bean 'blockingLoadBalancerClient' of type [org.springframework.cloud.loadbalancer.blocking.client.BlockingLoadBalancerClient] is not eligible for getting processed by all BeanPostProcessors (for example: not eligible for auto-proxying). Is this bean getting eagerly injected into a currently created BeanPostProcessor [lbRestClientPostProcessor]? Check the corresponding BeanPostProcessor declaration and its dependencies.
2026-06-24 10:03:22 [main] WARN  o.s.c.s.PostProcessorRegistrationDelegate$BeanPostProcessorChecker - Bean 'loadBalancerServiceInstanceCookieTransformer' of type [org.springframework.cloud.loadbalancer.core.LoadBalancerServiceInstanceCookieTransformer] is not eligible for getting processed by all BeanPostProcessors (for example: not eligible for auto-proxying). Is this bean getting eagerly injected into a currently created BeanPostProcessor [lbRestClientPostProcessor]? Check the corresponding BeanPostProcessor declaration and its dependencies.
2026-06-24 10:03:22 [main] WARN  o.s.c.s.PostProcessorRegistrationDelegate$BeanPostProcessorChecker - Bean 'xForwarderHeadersTransformer' of type [org.springframework.cloud.loadbalancer.blocking.XForwardedHeadersTransformer] is not eligible for getting processed by all BeanPostProcessors (for example: not eligible for auto-proxying). Is this bean getting eagerly injected into a currently created BeanPostProcessor [lbRestClientPostProcessor]? Check the corresponding BeanPostProcessor declaration and its dependencies.
2026-06-24 10:03:22 [main] WARN  o.s.c.s.PostProcessorRegistrationDelegate$BeanPostProcessorChecker - Bean 'org.springframework.cloud.client.loadbalancer.LoadBalancerAutoConfiguration' of type [org.springframework.cloud.client.loadbalancer.LoadBalancerAutoConfiguration] is not eligible for getting processed by all BeanPostProcessors (for example: not eligible for auto-proxying). Is this bean getting eagerly injected into a currently created BeanPostProcessor [lbRestClientPostProcessor]? Check the corresponding BeanPostProcessor declaration and its dependencies.
2026-06-24 10:03:22 [main] WARN  o.s.c.s.PostProcessorRegistrationDelegate$BeanPostProcessorChecker - Bean 'loadBalancerRequestFactory' of type [org.springframework.cloud.client.loadbalancer.LoadBalancerRequestFactory] is not eligible for getting processed by all BeanPostProcessors (for example: not eligible for auto-proxying). Is this bean getting eagerly injected into a currently created BeanPostProcessor [lbRestClientPostProcessor]? Check the corresponding BeanPostProcessor declaration and its dependencies.
2026-06-24 10:03:22 [main] WARN  o.s.c.s.PostProcessorRegistrationDelegate$BeanPostProcessorChecker - Bean 'org.springframework.cloud.loadbalancer.config.BlockingLoadBalancerClientAutoConfiguration$BlockingLoadBalancerRetryConfig' of type [org.springframework.cloud.loadbalancer.config.BlockingLoadBalancerClientAutoConfiguration$BlockingLoadBalancerRetryConfig$$SpringCGLIB$$0] is not eligible for getting processed by all BeanPostProcessors (for example: not eligible for auto-proxying). Is this bean getting eagerly injected into a currently created BeanPostProcessor [lbRestClientPostProcessor]? Check the corresponding BeanPostProcessor declaration and its dependencies.
2026-06-24 10:03:22 [main] WARN  o.s.c.s.PostProcessorRegistrationDelegate$BeanPostProcessorChecker - Bean 'loadBalancedRetryFactory' of type [org.springframework.cloud.loadbalancer.blocking.retry.BlockingLoadBalancedRetryFactory] is not eligible for getting processed by all BeanPostProcessors (for example: not eligible for auto-proxying). Is this bean getting eagerly injected into a currently created BeanPostProcessor [lbRestClientPostProcessor]? Check the corresponding BeanPostProcessor declaration and its dependencies.
2026-06-24 10:03:22 [main] WARN  o.s.c.s.PostProcessorRegistrationDelegate$BeanPostProcessorChecker - Bean 'loadBalancerInterceptor' of type [org.springframework.cloud.client.loadbalancer.RetryLoadBalancerInterceptor] is not eligible for getting processed by all BeanPostProcessors (for example: not eligible for auto-proxying). Is this bean getting eagerly injected into a currently created BeanPostProcessor [lbRestClientPostProcessor]? Check the corresponding BeanPostProcessor declaration and its dependencies.
2026-06-24 10:03:22 [main] INFO  o.s.b.w.e.tomcat.TomcatWebServer - Tomcat initialized with port 8082 (http)
2026-06-24 10:03:22 [main] INFO  o.a.catalina.core.StandardService - Starting service [Tomcat]
2026-06-24 10:03:22 [main] INFO  o.a.catalina.core.StandardEngine - Starting Servlet engine: [Apache Tomcat/10.1.16]
2026-06-24 10:03:23 [main] INFO  o.a.c.c.C.[Tomcat].[localhost].[/] - Initializing Spring embedded WebApplicationContext
2026-06-24 10:03:23 [main] INFO  o.s.b.w.s.c.ServletWebServerApplicationContext - Root WebApplicationContext: initialization completed in 3468 ms
2026-06-24 10:03:24 [main] DEBUG c.f.r.s.JwtAuthenticationFilter - Filter 'jwtAuthenticationFilter' configured for use
2026-06-24 10:03:24 [main] INFO  o.h.jpa.internal.util.LogHelper - HHH000204: Processing PersistenceUnitInfo [name: default]
2026-06-24 10:03:24 [main] INFO  org.hibernate.Version - HHH000412: Hibernate ORM core version 6.3.1.Final
2026-06-24 10:03:24 [main] INFO  o.h.c.i.RegionFactoryInitiator - HHH000026: Second-level cache disabled
2026-06-24 10:03:25 [main] INFO  o.s.o.j.p.SpringPersistenceUnitInfo - No LoadTimeWeaver setup: ignoring JPA class transformer
2026-06-24 10:03:25 [main] INFO  com.zaxxer.hikari.HikariDataSource - RestaurantServiceHikariPool - Starting...
2026-06-24 10:03:25 [main] INFO  com.zaxxer.hikari.pool.HikariPool - RestaurantServiceHikariPool - Added connection org.postgresql.jdbc.PgConnection@6329a5b9
2026-06-24 10:03:25 [main] INFO  com.zaxxer.hikari.HikariDataSource - RestaurantServiceHikariPool - Start completed.
2026-06-24 10:03:26 [main] INFO  o.h.e.t.j.p.i.JtaPlatformInitiator - HHH000489: No JTA platform available (set 'hibernate.transaction.jta.platform' to enable JTA platform integration)
2026-06-24 10:03:26 [main] INFO  o.s.o.j.LocalContainerEntityManagerFactoryBean - Initialized JPA EntityManagerFactory for persistence unit 'default'
2026-06-24 10:03:27 [main] INFO  o.s.d.j.r.query.QueryEnhancerFactory - Hibernate is in classpath; If applicable, HQL parser will be used.
2026-06-24 10:03:27 [main] WARN  o.s.b.a.s.s.UserDetailsServiceAutoConfiguration - 

Using generated security password: 76cda183-174c-439b-85b1-b28df0154ae3

This generated password is for development use only. Your security configuration must be updated before running your application in production.

2026-06-24 10:03:28 [main] INFO  o.s.b.a.e.web.EndpointLinksResolver - Exposing 5 endpoint(s) beneath base path '/actuator'
2026-06-24 10:03:28 [main] INFO  o.s.s.web.DefaultSecurityFilterChain - Will secure any request with [org.springframework.security.web.session.DisableEncodeUrlFilter@1a19fbfb, org.springframework.security.web.context.request.async.WebAsyncManagerIntegrationFilter@647ea319, org.springframework.security.web.context.SecurityContextHolderFilter@39c4ed23, org.springframework.security.web.header.HeaderWriterFilter@47e9542a, org.springframework.web.filter.CorsFilter@b9271b6, org.springframework.security.web.authentication.logout.LogoutFilter@21384a8e, com.fooddelivery.restaurant.security.JwtAuthenticationFilter@229514ff, org.springframework.security.web.savedrequest.RequestCacheAwareFilter@1931223f, org.springframework.security.web.servletapi.SecurityContextHolderAwareRequestFilter@56e46791, org.springframework.security.web.authentication.AnonymousAuthenticationFilter@9736d7e, org.springframework.security.web.session.SessionManagementFilter@7a3c2341, org.springframework.security.web.access.ExceptionTranslationFilter@1d17b20f, org.springframework.security.web.access.intercept.AuthorizationFilter@4d0c609]
2026-06-24 10:03:30 [main] INFO  o.s.c.n.e.c.DiscoveryClientOptionalArgsConfiguration - Eureka HTTP Client uses RestTemplate.
2026-06-24 10:03:30 [main] WARN  o.s.c.l.c.LoadBalancerCacheAutoConfiguration$LoadBalancerCaffeineWarnLogger - Spring Cloud LoadBalancer is currently working with the default cache. While this cache implementation is useful for development and tests, it's recommended to use Caffeine cache in production.You can switch to using Caffeine cache, by adding it and org.springframework.cache.caffeine.CaffeineCacheManager to the classpath.
2026-06-24 10:03:30 [main] INFO  o.s.c.n.eureka.InstanceInfoFactory - Setting initial instance status as: STARTING
2026-06-24 10:03:30 [main] INFO  c.netflix.discovery.DiscoveryClient - Initializing Eureka in region us-east-1
2026-06-24 10:03:30 [main] INFO  c.n.d.s.r.aws.ConfigClusterResolver - Resolving eureka endpoints via configuration
2026-06-24 10:03:30 [main] INFO  c.netflix.discovery.DiscoveryClient - Disable delta property : false
2026-06-24 10:03:30 [main] INFO  c.netflix.discovery.DiscoveryClient - Single vip registry refresh property : null
2026-06-24 10:03:30 [main] INFO  c.netflix.discovery.DiscoveryClient - Force full registry fetch : false
2026-06-24 10:03:30 [main] INFO  c.netflix.discovery.DiscoveryClient - Application is null : false
2026-06-24 10:03:30 [main] INFO  c.netflix.discovery.DiscoveryClient - Registered Applications size is zero : true
2026-06-24 10:03:30 [main] INFO  c.netflix.discovery.DiscoveryClient - Application version is -1: true
2026-06-24 10:03:30 [main] INFO  c.netflix.discovery.DiscoveryClient - Getting all instance registry info from the eureka server
2026-06-24 10:03:30 [main] INFO  c.netflix.discovery.DiscoveryClient - The response status is 200
2026-06-24 10:03:30 [main] INFO  c.netflix.discovery.DiscoveryClient - Starting heartbeat executor: renew interval is: 10
2026-06-24 10:03:30 [main] INFO  c.n.discovery.InstanceInfoReplicator - InstanceInfoReplicator onDemand update allowed rate per min is 4
2026-06-24 10:03:30 [main] INFO  c.netflix.discovery.DiscoveryClient - Discovery Client initialized at timestamp 1782275610585 with initial instances count: 6
2026-06-24 10:03:30 [main] INFO  o.s.c.n.e.s.EurekaServiceRegistry - Registering application RESTAURANT-SERVICE with eureka with status UP
2026-06-24 10:03:30 [main] INFO  c.netflix.discovery.DiscoveryClient - Saw local status change event StatusChangeEvent [timestamp=1782275610602, current=UP, previous=STARTING]
2026-06-24 10:03:30 [DiscoveryClient-InstanceInfoReplicator-0] INFO  c.netflix.discovery.DiscoveryClient - DiscoveryClient_RESTAURANT-SERVICE/restaurant-service:e2b3f52de5486e358e0ca36aa4921375: registering service...
2026-06-24 10:03:30 [main] INFO  o.s.c.n.e.s.EurekaServiceRegistry - Unregistering application RESTAURANT-SERVICE with eureka with status DOWN
2026-06-24 10:03:30 [main] INFO  c.netflix.discovery.DiscoveryClient - Saw local status change event StatusChangeEvent [timestamp=1782275610616, current=DOWN, previous=UP]
2026-06-24 10:03:30 [main] WARN  o.s.b.w.s.c.AnnotationConfigServletWebServerApplicationContext - Exception encountered during context initialization - cancelling refresh attempt: org.springframework.context.ApplicationContextException: Failed to start bean 'webServerStartStop'
2026-06-24 10:03:30 [main] INFO  o.s.o.j.LocalContainerEntityManagerFactoryBean - Closing JPA EntityManagerFactory for persistence unit 'default'
2026-06-24 10:03:30 [main] INFO  com.zaxxer.hikari.HikariDataSource - RestaurantServiceHikariPool - Shutdown initiated...
2026-06-24 10:03:30 [main] INFO  com.zaxxer.hikari.HikariDataSource - RestaurantServiceHikariPool - Shutdown completed.
2026-06-24 10:03:30 [DiscoveryClient-InstanceInfoReplicator-0] INFO  c.netflix.discovery.DiscoveryClient - DiscoveryClient_RESTAURANT-SERVICE/restaurant-service:e2b3f52de5486e358e0ca36aa4921375 - registration status: 204
2026-06-24 10:03:30 [DiscoveryClient-InstanceInfoReplicator-0] INFO  c.netflix.discovery.DiscoveryClient - DiscoveryClient_RESTAURANT-SERVICE/restaurant-service:e2b3f52de5486e358e0ca36aa4921375: registering service...
2026-06-24 10:03:30 [DiscoveryClient-InstanceInfoReplicator-0] INFO  c.netflix.discovery.DiscoveryClient - DiscoveryClient_RESTAURANT-SERVICE/restaurant-service:e2b3f52de5486e358e0ca36aa4921375 - registration status: 204
2026-06-24 10:03:31 [main] INFO  c.netflix.discovery.DiscoveryClient - Shutting down DiscoveryClient ...
2026-06-24 10:03:34 [main] INFO  c.netflix.discovery.DiscoveryClient - Unregistering ...
2026-06-24 10:03:34 [main] INFO  c.netflix.discovery.DiscoveryClient - DiscoveryClient_RESTAURANT-SERVICE/restaurant-service:e2b3f52de5486e358e0ca36aa4921375 - deregister  status: 200
2026-06-24 10:03:34 [main] INFO  c.netflix.discovery.DiscoveryClient - Completed shut down of DiscoveryClient
2026-06-24 10:03:34 [main] INFO  o.s.b.a.l.ConditionEvaluationReportLogger - 

Error starting ApplicationContext. To display the condition evaluation report re-run your application with 'debug' enabled.
2026-06-24 10:03:34 [main] ERROR o.s.b.d.LoggingFailureAnalysisReporter - 

***************************
APPLICATION FAILED TO START
***************************

Description:

Web server failed to start. Port 8082 was already in use.

Action:

Identify and stop the process that's listening on port 8082 or configure this application to listen on another port.

2026-06-24 10:07:40 [AsyncResolver-bootstrap-executor-0] INFO  c.n.d.s.r.aws.ConfigClusterResolver - Resolving eureka endpoints via configuration
2026-06-24 10:08:19 [SpringApplicationShutdownHook] INFO  o.s.c.n.e.s.EurekaServiceRegistry - Unregistering application RESTAURANT-SERVICE with eureka with status DOWN
2026-06-24 10:08:19 [SpringApplicationShutdownHook] INFO  c.netflix.discovery.DiscoveryClient - Saw local status change event StatusChangeEvent [timestamp=1782275899343, current=DOWN, previous=UP]
2026-06-24 10:08:19 [DiscoveryClient-InstanceInfoReplicator-0] INFO  c.netflix.discovery.DiscoveryClient - DiscoveryClient_RESTAURANT-SERVICE/restaurant-service:af35738a6adaeabad139a8dc4925d2ef: registering service...
2026-06-24 10:08:19 [org.springframework.amqp.rabbit.RabbitListenerEndpointContainer#0-2] INFO  o.s.a.r.l.SimpleMessageListenerContainer - Waiting for workers to finish.
2026-06-24 10:08:19 [DiscoveryClient-InstanceInfoReplicator-0] INFO  c.netflix.discovery.DiscoveryClient - DiscoveryClient_RESTAURANT-SERVICE/restaurant-service:af35738a6adaeabad139a8dc4925d2ef - registration status: 204
2026-06-24 10:08:19 [org.springframework.amqp.rabbit.RabbitListenerEndpointContainer#0-2] INFO  o.s.a.r.l.SimpleMessageListenerContainer - Successfully waited for workers to finish.
2026-06-24 10:08:19 [SpringApplicationShutdownHook] INFO  o.s.o.j.LocalContainerEntityManagerFactoryBean - Closing JPA EntityManagerFactory for persistence unit 'default'
2026-06-24 10:08:19 [SpringApplicationShutdownHook] INFO  com.zaxxer.hikari.HikariDataSource - RestaurantServiceHikariPool - Shutdown initiated...
2026-06-24 10:08:19 [SpringApplicationShutdownHook] INFO  com.zaxxer.hikari.HikariDataSource - RestaurantServiceHikariPool - Shutdown completed.
2026-06-24 10:08:20 [SpringApplicationShutdownHook] INFO  c.netflix.discovery.DiscoveryClient - Shutting down DiscoveryClient ...
2026-06-24 10:08:23 [DiscoveryClient-1] WARN  c.n.discovery.TimedSupervisorTask - task supervisor shutting down, can't accept the task
2026-06-24 10:08:23 [SpringApplicationShutdownHook] INFO  c.netflix.discovery.DiscoveryClient - Unregistering ...
2026-06-24 10:08:23 [SpringApplicationShutdownHook] INFO  c.netflix.discovery.DiscoveryClient - DiscoveryClient_RESTAURANT-SERVICE/restaurant-service:af35738a6adaeabad139a8dc4925d2ef - deregister  status: 200
2026-06-24 10:08:23 [SpringApplicationShutdownHook] INFO  c.netflix.discovery.DiscoveryClient - Completed shut down of DiscoveryClient
2026-06-24 10:09:04 [main] INFO  c.f.r.c.MenuItemControllerTest - Starting MenuItemControllerTest using Java 17.0.18 with PID 23320 (started by avilakad in C:\Users\avilakad\OneDrive - Publicis Groupe\Documents\Food-Delivery-main\restaurant-service)
2026-06-24 10:09:04 [main] DEBUG c.f.r.c.MenuItemControllerTest - Running with Spring Boot v3.2.0, Spring v6.1.1
2026-06-24 10:09:04 [main] INFO  c.f.r.c.MenuItemControllerTest - No active profile set, falling back to 1 default profile: "default"
2026-06-24 10:09:04 [main] INFO  o.s.c.c.c.ConfigServerConfigDataLoader - Fetching config from server at : http://localhost:8888
2026-06-24 10:09:04 [main] INFO  o.s.c.c.c.ConfigServerConfigDataLoader - Located environment: name=restaurant-service, profiles=[default], label=null, version=127b1adee530cd27467179f9b7c7520365be625a, state=null
2026-06-24 10:09:13 [main] WARN  o.s.b.a.s.s.UserDetailsServiceAutoConfiguration - 

Using generated security password: 31e69b38-9e48-4ab1-987d-cad570b5086d

This generated password is for development use only. Your security configuration must be updated before running your application in production.

2026-06-24 10:09:14 [main] INFO  o.s.s.web.DefaultSecurityFilterChain - Will secure any request with [org.springframework.security.web.session.DisableEncodeUrlFilter@7ae57c9, org.springframework.security.web.context.request.async.WebAsyncManagerIntegrationFilter@7008055, org.springframework.security.web.context.SecurityContextHolderFilter@4baa82c, org.springframework.security.web.header.HeaderWriterFilter@2222aa18, org.springframework.web.filter.CorsFilter@201a976f, org.springframework.security.web.csrf.CsrfFilter@6ed3fecb, org.springframework.security.web.authentication.logout.LogoutFilter@25b33665, org.springframework.security.web.authentication.UsernamePasswordAuthenticationFilter@52b3a9c6, org.springframework.security.web.authentication.ui.DefaultLoginPageGeneratingFilter@49253d1f, org.springframework.security.web.authentication.ui.DefaultLogoutPageGeneratingFilter@66ba2c88, org.springframework.security.web.authentication.www.BasicAuthenticationFilter@726aaaf0, org.springframework.security.web.savedrequest.RequestCacheAwareFilter@6aaa7944, org.springframework.security.web.servletapi.SecurityContextHolderAwareRequestFilter@615dbdd0, org.springframework.security.web.authentication.AnonymousAuthenticationFilter@13df2f89, org.springframework.security.web.access.ExceptionTranslationFilter@5f936aad, org.springframework.security.web.access.intercept.AuthorizationFilter@5254304d]
2026-06-24 10:09:14 [main] INFO  o.s.b.t.m.w.SpringBootMockServletContext - Initializing Spring TestDispatcherServlet ''
2026-06-24 10:09:14 [main] INFO  o.s.t.w.s.TestDispatcherServlet - Initializing Servlet ''
2026-06-24 10:09:14 [main] INFO  o.s.t.w.s.TestDispatcherServlet - Completed initialization in 2 ms
2026-06-24 10:09:14 [main] INFO  c.f.r.c.MenuItemControllerTest - Started MenuItemControllerTest in 15.329 seconds (process running for 21.17)
2026-06-24 10:09:16 [main] INFO  o.s.t.c.s.AnnotationConfigContextLoaderUtils - Could not detect default configuration classes for test class [com.fooddelivery.restaurant.controller.RestaurantControllerTest]: RestaurantControllerTest does not declare any static, non-private, non-final, nested classes annotated with @Configuration.
2026-06-24 10:09:16 [main] INFO  o.s.b.t.c.SpringBootTestContextBootstrapper - Found @SpringBootConfiguration com.fooddelivery.restaurant.RestaurantServiceApplication for test class com.fooddelivery.restaurant.controller.RestaurantControllerTest
2026-06-24 10:09:17 [main] INFO  c.f.r.c.RestaurantControllerTest - Starting RestaurantControllerTest using Java 17.0.18 with PID 23320 (started by avilakad in C:\Users\avilakad\OneDrive - Publicis Groupe\Documents\Food-Delivery-main\restaurant-service)
2026-06-24 10:09:17 [main] DEBUG c.f.r.c.RestaurantControllerTest - Running with Spring Boot v3.2.0, Spring v6.1.1
2026-06-24 10:09:17 [main] INFO  c.f.r.c.RestaurantControllerTest - No active profile set, falling back to 1 default profile: "default"
2026-06-24 10:09:17 [main] INFO  o.s.c.c.c.ConfigServerConfigDataLoader - Fetching config from server at : http://localhost:8888
2026-06-24 10:09:17 [main] INFO  o.s.c.c.c.ConfigServerConfigDataLoader - Located environment: name=restaurant-service, profiles=[default], label=null, version=127b1adee530cd27467179f9b7c7520365be625a, state=null
2026-06-24 10:09:19 [main] WARN  o.s.b.a.s.s.UserDetailsServiceAutoConfiguration - 

Using generated security password: a12a5e08-df78-4727-a580-f5b6a355be39

This generated password is for development use only. Your security configuration must be updated before running your application in production.

2026-06-24 10:09:19 [main] INFO  o.s.s.web.DefaultSecurityFilterChain - Will secure any request with [org.springframework.security.web.session.DisableEncodeUrlFilter@6b308b7c, org.springframework.security.web.context.request.async.WebAsyncManagerIntegrationFilter@a2ee97c, org.springframework.security.web.context.SecurityContextHolderFilter@59362a47, org.springframework.security.web.header.HeaderWriterFilter@21ec5672, org.springframework.web.filter.CorsFilter@78a3a68b, org.springframework.security.web.csrf.CsrfFilter@80b741, org.springframework.security.web.authentication.logout.LogoutFilter@1e2ea153, org.springframework.security.web.authentication.UsernamePasswordAuthenticationFilter@4fb7a903, org.springframework.security.web.authentication.ui.DefaultLoginPageGeneratingFilter@671e3bd4, org.springframework.security.web.authentication.ui.DefaultLogoutPageGeneratingFilter@209a490a, org.springframework.security.web.authentication.www.BasicAuthenticationFilter@35eda194, org.springframework.security.web.savedrequest.RequestCacheAwareFilter@5c09b49f, org.springframework.security.web.servletapi.SecurityContextHolderAwareRequestFilter@2482b6f0, org.springframework.security.web.authentication.AnonymousAuthenticationFilter@4f9e5d0e, org.springframework.security.web.access.ExceptionTranslationFilter@66a3ca04, org.springframework.security.web.access.intercept.AuthorizationFilter@2478b0e6]
2026-06-24 10:09:19 [main] INFO  o.s.b.t.m.w.SpringBootMockServletContext - Initializing Spring TestDispatcherServlet ''
2026-06-24 10:09:19 [main] INFO  o.s.t.w.s.TestDispatcherServlet - Initializing Servlet ''
2026-06-24 10:09:19 [main] INFO  o.s.t.w.s.TestDispatcherServlet - Completed initialization in 1 ms
2026-06-24 10:09:19 [main] INFO  c.f.r.c.RestaurantControllerTest - Started RestaurantControllerTest in 2.969 seconds (process running for 25.788)
2026-06-24 10:09:19 [main] INFO  o.s.t.c.s.AnnotationConfigContextLoaderUtils - Could not detect default configuration classes for test class [com.fooddelivery.restaurant.controller.RestaurantMenuControllerTest]: RestaurantMenuControllerTest does not declare any static, non-private, non-final, nested classes annotated with @Configuration.
2026-06-24 10:09:19 [main] INFO  o.s.b.t.c.SpringBootTestContextBootstrapper - Found @SpringBootConfiguration com.fooddelivery.restaurant.RestaurantServiceApplication for test class com.fooddelivery.restaurant.controller.RestaurantMenuControllerTest
2026-06-24 10:09:20 [main] INFO  c.f.r.c.RestaurantMenuControllerTest - Starting RestaurantMenuControllerTest using Java 17.0.18 with PID 23320 (started by avilakad in C:\Users\avilakad\OneDrive - Publicis Groupe\Documents\Food-Delivery-main\restaurant-service)
2026-06-24 10:09:20 [main] DEBUG c.f.r.c.RestaurantMenuControllerTest - Running with Spring Boot v3.2.0, Spring v6.1.1
2026-06-24 10:09:20 [main] INFO  c.f.r.c.RestaurantMenuControllerTest - No active profile set, falling back to 1 default profile: "default"
2026-06-24 10:09:20 [main] INFO  o.s.c.c.c.ConfigServerConfigDataLoader - Fetching config from server at : http://localhost:8888
2026-06-24 10:09:20 [main] INFO  o.s.c.c.c.ConfigServerConfigDataLoader - Located environment: name=restaurant-service, profiles=[default], label=null, version=127b1adee530cd27467179f9b7c7520365be625a, state=null
2026-06-24 10:09:22 [main] WARN  o.s.b.a.s.s.UserDetailsServiceAutoConfiguration - 

Using generated security password: 12033461-e19f-4584-aedd-3f4b6c61cdb2

This generated password is for development use only. Your security configuration must be updated before running your application in production.

2026-06-24 10:09:22 [main] INFO  o.s.s.web.DefaultSecurityFilterChain - Will secure any request with [org.springframework.security.web.session.DisableEncodeUrlFilter@6b89dfac, org.springframework.security.web.context.request.async.WebAsyncManagerIntegrationFilter@17287617, org.springframework.security.web.context.SecurityContextHolderFilter@2665ba0d, org.springframework.security.web.header.HeaderWriterFilter@597ca350, org.springframework.web.filter.CorsFilter@5589b8ed, org.springframework.security.web.csrf.CsrfFilter@9f1f42c, org.springframework.security.web.authentication.logout.LogoutFilter@389a070e, org.springframework.security.web.authentication.UsernamePasswordAuthenticationFilter@379ebfa0, org.springframework.security.web.authentication.ui.DefaultLoginPageGeneratingFilter@87f336d, org.springframework.security.web.authentication.ui.DefaultLogoutPageGeneratingFilter@44c639d4, org.springframework.security.web.authentication.www.BasicAuthenticationFilter@30b43d5d, org.springframework.security.web.savedrequest.RequestCacheAwareFilter@20337a79, org.springframework.security.web.servletapi.SecurityContextHolderAwareRequestFilter@3425709a, org.springframework.security.web.authentication.AnonymousAuthenticationFilter@6197fa5f, org.springframework.security.web.access.ExceptionTranslationFilter@3e2544e9, org.springframework.security.web.access.intercept.AuthorizationFilter@5f546133]
2026-06-24 10:09:22 [main] INFO  o.s.b.t.m.w.SpringBootMockServletContext - Initializing Spring TestDispatcherServlet ''
2026-06-24 10:09:22 [main] INFO  o.s.t.w.s.TestDispatcherServlet - Initializing Servlet ''
2026-06-24 10:09:22 [main] INFO  o.s.t.w.s.TestDispatcherServlet - Completed initialization in 1 ms
2026-06-24 10:09:22 [main] INFO  c.f.r.c.RestaurantMenuControllerTest - Started RestaurantMenuControllerTest in 2.739 seconds (process running for 28.9)
2026-06-24 10:09:24 [main] WARN  c.f.r.e.GlobalExceptionHandler - Duplicate record error: Restaurant already exists
2026-06-24 10:09:24 [main] WARN  c.f.r.e.GlobalExceptionHandler - JSON parsing error for PATCH request to /api/restaurants/1: JSON parse error
2026-06-24 10:09:24 [main] WARN  c.f.r.e.GlobalExceptionHandler - Duplicate record error: duplicate entry found
2026-06-24 10:09:24 [main] DEBUG c.f.r.e.GlobalExceptionHandler - Skipping JSON parsing error for actuator endpoint: /actuator
2026-06-24 10:09:24 [main] WARN  c.f.r.e.GlobalExceptionHandler - JSON parsing error for POST request to /api/restaurants: JSON parse error
2026-06-24 10:09:24 [main] WARN  c.f.r.e.GlobalExceptionHandler - JSON parsing error for POST request to null: JSON parse error
2026-06-24 10:09:24 [main] DEBUG c.f.r.e.GlobalExceptionHandler - Skipping JSON parsing error for DELETE request to /api/restaurants/1
2026-06-24 10:09:24 [main] WARN  c.f.r.e.GlobalExceptionHandler - Duplicate record error: unique constraint violation
2026-06-24 10:09:24 [main] DEBUG c.f.r.e.GlobalExceptionHandler - Skipping JSON parsing error for OPTIONS request to /api/restaurants
2026-06-24 10:09:24 [main] DEBUG c.f.r.e.GlobalExceptionHandler - Skipping JSON parsing error for HEAD request to /api/restaurants
2026-06-24 10:09:24 [main] DEBUG c.f.r.e.GlobalExceptionHandler - Skipping JSON parsing error for actuator endpoint: /api/actuator/health
2026-06-24 10:09:24 [main] DEBUG c.f.r.e.GlobalExceptionHandler - Skipping JSON parsing error for GET request to /api/restaurants
2026-06-24 10:09:24 [main] WARN  c.f.r.e.GlobalExceptionHandler - JSON parsing error for PUT request to /api/restaurants/1: JSON parse error
2026-06-24 10:09:24 [main] WARN  c.f.r.e.GlobalExceptionHandler - Data integrity violation on /api/restaurants: Unique constraint violation
2026-06-24 10:09:24 [main] DEBUG c.f.r.e.GlobalExceptionHandler - Letting Spring handle HttpMessageNotReadableException for TRACE request to /api/restaurants
2026-06-24 10:09:24 [main] INFO  o.s.t.c.s.AnnotationConfigContextLoaderUtils - Could not detect default configuration classes for test class [com.fooddelivery.restaurant.RestaurantServiceApplicationTest]: RestaurantServiceApplicationTest does not declare any static, non-private, non-final, nested classes annotated with @Configuration.
2026-06-24 10:09:24 [main] INFO  o.s.b.t.c.SpringBootTestContextBootstrapper - Found @SpringBootConfiguration com.fooddelivery.restaurant.RestaurantServiceApplication for test class com.fooddelivery.restaurant.RestaurantServiceApplicationTest
2026-06-24 10:09:25 [main] INFO  c.f.r.RestaurantServiceApplicationTest - Starting RestaurantServiceApplicationTest using Java 17.0.18 with PID 23320 (started by avilakad in C:\Users\avilakad\OneDrive - Publicis Groupe\Documents\Food-Delivery-main\restaurant-service)
2026-06-24 10:09:25 [main] DEBUG c.f.r.RestaurantServiceApplicationTest - Running with Spring Boot v3.2.0, Spring v6.1.1
2026-06-24 10:09:25 [main] INFO  c.f.r.RestaurantServiceApplicationTest - The following 1 profile is active: "test"
2026-06-24 10:09:25 [main] INFO  o.s.c.c.c.ConfigServerConfigDataLoader - Fetching config from server at : http://localhost:8888
2026-06-24 10:09:25 [main] INFO  o.s.c.c.c.ConfigServerConfigDataLoader - Located environment: name=restaurant-service, profiles=[default], label=null, version=127b1adee530cd27467179f9b7c7520365be625a, state=null
2026-06-24 10:09:25 [main] INFO  o.s.c.c.c.ConfigServerConfigDataLoader - Fetching config from server at : http://localhost:8888
2026-06-24 10:09:25 [main] INFO  o.s.c.c.c.ConfigServerConfigDataLoader - Located environment: name=restaurant-service, profiles=[test], label=null, version=127b1adee530cd27467179f9b7c7520365be625a, state=null
2026-06-24 10:09:25 [main] DEBUG o.s.w.c.s.GenericWebApplicationContext - Refreshing org.springframework.web.context.support.GenericWebApplicationContext@235bf36f
2026-06-24 10:09:26 [main] INFO  o.s.d.r.c.RepositoryConfigurationDelegate - Bootstrapping Spring Data JPA repositories in DEFAULT mode.
2026-06-24 10:09:26 [main] INFO  o.s.d.r.c.RepositoryConfigurationDelegate - Finished Spring Data repository scanning in 116 ms. Found 2 JPA repository interfaces.
2026-06-24 10:09:27 [main] INFO  o.s.cloud.context.scope.GenericScope - BeanFactory id=26aa103d-6b78-3d95-a6a0-dedce2349a0c
2026-06-24 10:09:28 [main] WARN  o.s.c.s.PostProcessorRegistrationDelegate$BeanPostProcessorChecker - Bean 'org.springframework.cloud.client.loadbalancer.LoadBalancerAutoConfiguration$RetryInterceptorAutoConfiguration' of type [org.springframework.cloud.client.loadbalancer.LoadBalancerAutoConfiguration$RetryInterceptorAutoConfiguration] is not eligible for getting processed by all BeanPostProcessors (for example: not eligible for auto-proxying). The currently created BeanPostProcessor [lbRestClientPostProcessor] is declared through a non-static factory method on that class; consider declaring it as static instead.
2026-06-24 10:09:28 [main] WARN  o.s.c.s.PostProcessorRegistrationDelegate$BeanPostProcessorChecker - Bean 'org.springframework.cloud.loadbalancer.config.BlockingLoadBalancerClientAutoConfiguration' of type [org.springframework.cloud.loadbalancer.config.BlockingLoadBalancerClientAutoConfiguration] is not eligible for getting processed by all BeanPostProcessors (for example: not eligible for auto-proxying). Is this bean getting eagerly injected into a currently created BeanPostProcessor [lbRestClientPostProcessor]? Check the corresponding BeanPostProcessor declaration and its dependencies.
2026-06-24 10:09:28 [main] WARN  o.s.c.s.PostProcessorRegistrationDelegate$BeanPostProcessorChecker - Bean 'org.springframework.cloud.loadbalancer.config.LoadBalancerAutoConfiguration' of type [org.springframework.cloud.loadbalancer.config.LoadBalancerAutoConfiguration] is not eligible for getting processed by all BeanPostProcessors (for example: not eligible for auto-proxying). Is this bean getting eagerly injected into a currently created BeanPostProcessor [lbRestClientPostProcessor]? Check the corresponding BeanPostProcessor declaration and its dependencies.
2026-06-24 10:09:28 [main] WARN  o.s.c.s.PostProcessorRegistrationDelegate$BeanPostProcessorChecker - Bean 'org.springframework.cloud.commons.config.CommonsConfigAutoConfiguration' of type [org.springframework.cloud.commons.config.CommonsConfigAutoConfiguration] is not eligible for getting processed by all BeanPostProcessors (for example: not eligible for auto-proxying). Is this bean getting eagerly injected into a currently created BeanPostProcessor [lbRestClientPostProcessor]? Check the corresponding BeanPostProcessor declaration and its dependencies.
2026-06-24 10:09:28 [main] WARN  o.s.c.s.PostProcessorRegistrationDelegate$BeanPostProcessorChecker - Bean 'org.springframework.cloud.client.loadbalancer.LoadBalancerDefaultMappingsProviderAutoConfiguration' of type [org.springframework.cloud.client.loadbalancer.LoadBalancerDefaultMappingsProviderAutoConfiguration] is not eligible for getting processed by all BeanPostProcessors (for example: not eligible for auto-proxying). Is this bean getting eagerly injected into a currently created BeanPostProcessor [lbRestClientPostProcessor]? Check the corresponding BeanPostProcessor declaration and its dependencies.
2026-06-24 10:09:28 [main] WARN  o.s.c.s.PostProcessorRegistrationDelegate$BeanPostProcessorChecker - Bean 'loadBalancerClientsDefaultsMappingsProvider' of type [org.springframework.cloud.client.loadbalancer.LoadBalancerDefaultMappingsProviderAutoConfiguration$$Lambda$1439/0x000001c21686c800] is not eligible for getting processed by all BeanPostProcessors (for example: not eligible for auto-proxying). Is this bean getting eagerly injected into a currently created BeanPostProcessor [lbRestClientPostProcessor]? Check the corresponding BeanPostProcessor declaration and its dependencies.
2026-06-24 10:09:28 [main] WARN  o.s.c.s.PostProcessorRegistrationDelegate$BeanPostProcessorChecker - Bean 'defaultsBindHandlerAdvisor' of type [org.springframework.cloud.commons.config.DefaultsBindHandlerAdvisor] is not eligible for getting processed by all BeanPostProcessors (for example: not eligible for auto-proxying). Is this bean getting eagerly injected into a currently created BeanPostProcessor [lbRestClientPostProcessor]? Check the corresponding BeanPostProcessor declaration and its dependencies.
2026-06-24 10:09:28 [main] WARN  o.s.c.s.PostProcessorRegistrationDelegate$BeanPostProcessorChecker - Bean 'spring.cloud.loadbalancer-org.springframework.cloud.client.loadbalancer.LoadBalancerClientsProperties' of type [org.springframework.cloud.client.loadbalancer.LoadBalancerClientsProperties] is not eligible for getting processed by all BeanPostProcessors (for example: not eligible for auto-proxying). Is this bean getting eagerly injected into a currently created BeanPostProcessor [lbRestClientPostProcessor]? Check the corresponding BeanPostProcessor declaration and its dependencies.
2026-06-24 10:09:28 [main] WARN  o.s.c.s.PostProcessorRegistrationDelegate$BeanPostProcessorChecker - Bean 'default.org.springframework.cloud.loadbalancer.config.LoadBalancerAutoConfiguration.LoadBalancerClientSpecification' of type [org.springframework.cloud.loadbalancer.annotation.LoadBalancerClientSpecification] is not eligible for getting processed by all BeanPostProcessors (for example: not eligible for auto-proxying). Is this bean getting eagerly injected into a currently created BeanPostProcessor [lbRestClientPostProcessor]? Check the corresponding BeanPostProcessor declaration and its dependencies.
2026-06-24 10:09:28 [main] WARN  o.s.c.s.PostProcessorRegistrationDelegate$BeanPostProcessorChecker - Bean 'default.org.springframework.cloud.loadbalancer.config.BlockingLoadBalancerClientAutoConfiguration.LoadBalancerClientSpecification' of type [org.springframework.cloud.loadbalancer.annotation.LoadBalancerClientSpecification] is not eligible for getting processed by all BeanPostProcessors (for example: not eligible for auto-proxying). Is this bean getting eagerly injected into a currently created BeanPostProcessor [lbRestClientPostProcessor]? Check the corresponding BeanPostProcessor declaration and its dependencies.
2026-06-24 10:09:28 [main] WARN  o.s.c.s.PostProcessorRegistrationDelegate$BeanPostProcessorChecker - Bean 'loadBalancerClientFactory' of type [org.springframework.cloud.loadbalancer.support.LoadBalancerClientFactory] is not eligible for getting processed by all BeanPostProcessors (for example: not eligible for auto-proxying). Is this bean getting eagerly injected into a currently created BeanPostProcessor [lbRestClientPostProcessor]? Check the corresponding BeanPostProcessor declaration and its dependencies.
2026-06-24 10:09:28 [main] WARN  o.s.c.s.PostProcessorRegistrationDelegate$BeanPostProcessorChecker - Bean 'blockingLoadBalancerClient' of type [org.springframework.cloud.loadbalancer.blocking.client.BlockingLoadBalancerClient] is not eligible for getting processed by all BeanPostProcessors (for example: not eligible for auto-proxying). Is this bean getting eagerly injected into a currently created BeanPostProcessor [lbRestClientPostProcessor]? Check the corresponding BeanPostProcessor declaration and its dependencies.
2026-06-24 10:09:28 [main] WARN  o.s.c.s.PostProcessorRegistrationDelegate$BeanPostProcessorChecker - Bean 'loadBalancerServiceInstanceCookieTransformer' of type [org.springframework.cloud.loadbalancer.core.LoadBalancerServiceInstanceCookieTransformer] is not eligible for getting processed by all BeanPostProcessors (for example: not eligible for auto-proxying). Is this bean getting eagerly injected into a currently created BeanPostProcessor [lbRestClientPostProcessor]? Check the corresponding BeanPostProcessor declaration and its dependencies.
2026-06-24 10:09:28 [main] WARN  o.s.c.s.PostProcessorRegistrationDelegate$BeanPostProcessorChecker - Bean 'xForwarderHeadersTransformer' of type [org.springframework.cloud.loadbalancer.blocking.XForwardedHeadersTransformer] is not eligible for getting processed by all BeanPostProcessors (for example: not eligible for auto-proxying). Is this bean getting eagerly injected into a currently created BeanPostProcessor [lbRestClientPostProcessor]? Check the corresponding BeanPostProcessor declaration and its dependencies.
2026-06-24 10:09:28 [main] WARN  o.s.c.s.PostProcessorRegistrationDelegate$BeanPostProcessorChecker - Bean 'org.springframework.cloud.client.loadbalancer.LoadBalancerAutoConfiguration' of type [org.springframework.cloud.client.loadbalancer.LoadBalancerAutoConfiguration] is not eligible for getting processed by all BeanPostProcessors (for example: not eligible for auto-proxying). Is this bean getting eagerly injected into a currently created BeanPostProcessor [lbRestClientPostProcessor]? Check the corresponding BeanPostProcessor declaration and its dependencies.
2026-06-24 10:09:28 [main] WARN  o.s.c.s.PostProcessorRegistrationDelegate$BeanPostProcessorChecker - Bean 'loadBalancerRequestFactory' of type [org.springframework.cloud.client.loadbalancer.LoadBalancerRequestFactory] is not eligible for getting processed by all BeanPostProcessors (for example: not eligible for auto-proxying). Is this bean getting eagerly injected into a currently created BeanPostProcessor [lbRestClientPostProcessor]? Check the corresponding BeanPostProcessor declaration and its dependencies.
2026-06-24 10:09:28 [main] WARN  o.s.c.s.PostProcessorRegistrationDelegate$BeanPostProcessorChecker - Bean 'org.springframework.cloud.loadbalancer.config.BlockingLoadBalancerClientAutoConfiguration$BlockingLoadBalancerRetryConfig' of type [org.springframework.cloud.loadbalancer.config.BlockingLoadBalancerClientAutoConfiguration$BlockingLoadBalancerRetryConfig$$SpringCGLIB$$0] is not eligible for getting processed by all BeanPostProcessors (for example: not eligible for auto-proxying). Is this bean getting eagerly injected into a currently created BeanPostProcessor [lbRestClientPostProcessor]? Check the corresponding BeanPostProcessor declaration and its dependencies.
2026-06-24 10:09:28 [main] WARN  o.s.c.s.PostProcessorRegistrationDelegate$BeanPostProcessorChecker - Bean 'loadBalancedRetryFactory' of type [org.springframework.cloud.loadbalancer.blocking.retry.BlockingLoadBalancedRetryFactory] is not eligible for getting processed by all BeanPostProcessors (for example: not eligible for auto-proxying). Is this bean getting eagerly injected into a currently created BeanPostProcessor [lbRestClientPostProcessor]? Check the corresponding BeanPostProcessor declaration and its dependencies.
2026-06-24 10:09:28 [main] WARN  o.s.c.s.PostProcessorRegistrationDelegate$BeanPostProcessorChecker - Bean 'loadBalancerInterceptor' of type [org.springframework.cloud.client.loadbalancer.RetryLoadBalancerInterceptor] is not eligible for getting processed by all BeanPostProcessors (for example: not eligible for auto-proxying). Is this bean getting eagerly injected into a currently created BeanPostProcessor [lbRestClientPostProcessor]? Check the corresponding BeanPostProcessor declaration and its dependencies.
2026-06-24 10:09:28 [main] INFO  o.h.jpa.internal.util.LogHelper - HHH000204: Processing PersistenceUnitInfo [name: default]
2026-06-24 10:09:28 [main] INFO  org.hibernate.Version - HHH000412: Hibernate ORM core version 6.3.1.Final
2026-06-24 10:09:28 [main] INFO  o.h.c.i.RegionFactoryInitiator - HHH000026: Second-level cache disabled
2026-06-24 10:09:29 [main] INFO  o.s.o.j.p.SpringPersistenceUnitInfo - No LoadTimeWeaver setup: ignoring JPA class transformer
2026-06-24 10:09:29 [main] INFO  com.zaxxer.hikari.HikariDataSource - RestaurantServiceHikariPool - Starting...
2026-06-24 10:09:29 [main] INFO  com.zaxxer.hikari.pool.HikariPool - RestaurantServiceHikariPool - Added connection conn0: url=jdbc:h2:mem:testdb user=SA
2026-06-24 10:09:29 [main] INFO  com.zaxxer.hikari.HikariDataSource - RestaurantServiceHikariPool - Start completed.
2026-06-24 10:09:30 [main] WARN  org.hibernate.orm.deprecation - HHH90000025: H2Dialect does not need to be specified explicitly using 'hibernate.dialect' (remove the property setting and it will be selected by default)
2026-06-24 10:09:32 [main] INFO  o.h.e.t.j.p.i.JtaPlatformInitiator - HHH000489: No JTA platform available (set 'hibernate.transaction.jta.platform' to enable JTA platform integration)
2026-06-24 10:09:32 [main] DEBUG org.hibernate.SQL - 
    drop table if exists menu_items cascade 
2026-06-24 10:09:32 [main] DEBUG org.hibernate.SQL - 
    drop table if exists restaurants cascade 
2026-06-24 10:09:32 [main] DEBUG org.hibernate.SQL - 
    create table menu_items (
        is_available boolean,
        price numeric(10,2) not null,
        created_at timestamp(6) not null,
        id bigint generated by default as identity,
        restaurant_id bigint not null,
        updated_at timestamp(6),
        description varchar(255),
        name varchar(255) not null,
        primary key (id)
    )
2026-06-24 10:09:32 [main] DEBUG org.hibernate.SQL - 
    create table restaurants (
        is_active boolean,
        rating numeric(3,2),
        created_at timestamp(6) not null,
        id bigint generated by default as identity,
        updated_at timestamp(6),
        address varchar(255) not null,
        cuisine_type varchar(255) not null,
        name varchar(255) not null,
        phone varchar(255) not null,
        primary key (id)
    )
2026-06-24 10:09:32 [main] DEBUG org.hibernate.SQL - 
    alter table if exists menu_items 
       add constraint FKhaqtoboitpl0n541y0sc753my 
       foreign key (restaurant_id) 
       references restaurants
2026-06-24 10:09:32 [main] INFO  o.s.o.j.LocalContainerEntityManagerFactoryBean - Initialized JPA EntityManagerFactory for persistence unit 'default'
2026-06-24 10:09:33 [main] INFO  o.s.d.j.r.query.QueryEnhancerFactory - Hibernate is in classpath; If applicable, HQL parser will be used.
2026-06-24 10:09:35 [main] WARN  o.s.b.a.s.s.UserDetailsServiceAutoConfiguration - 

Using generated security password: 1100bf19-eda0-432e-90e9-fffc9af7b316

This generated password is for development use only. Your security configuration must be updated before running your application in production.

2026-06-24 10:09:36 [main] DEBUG o.s.w.s.m.m.a.RequestMappingHandlerMapping - 22 mappings in 'requestMappingHandlerMapping'
2026-06-24 10:09:36 [main] DEBUG o.s.w.s.c.a.WebMvcConfigurer - Default resource handling disabled
2026-06-24 10:09:36 [main] INFO  o.s.b.a.e.web.EndpointLinksResolver - Exposing 0 endpoint(s) beneath base path '/actuator'
2026-06-24 10:09:37 [main] INFO  o.s.s.web.DefaultSecurityFilterChain - Will secure any request with [org.springframework.security.web.session.DisableEncodeUrlFilter@43df6e16, org.springframework.security.web.context.request.async.WebAsyncManagerIntegrationFilter@145bf987, org.springframework.security.web.context.SecurityContextHolderFilter@28e9d3b5, org.springframework.security.web.header.HeaderWriterFilter@623455c7, org.springframework.web.filter.CorsFilter@56f0a8f3, org.springframework.security.web.authentication.logout.LogoutFilter@3a44a16c, com.fooddelivery.restaurant.security.JwtAuthenticationFilter@4759700a, org.springframework.security.web.savedrequest.RequestCacheAwareFilter@4e78e3d4, org.springframework.security.web.servletapi.SecurityContextHolderAwareRequestFilter@141b0618, org.springframework.security.web.authentication.AnonymousAuthenticationFilter@6c42a466, org.springframework.security.web.session.SessionManagementFilter@5a7a45c0, org.springframework.security.web.access.ExceptionTranslationFilter@ab6318c, org.springframework.security.web.access.intercept.AuthorizationFilter@2b8fd3ec]
2026-06-24 10:09:37 [main] DEBUG o.s.w.s.m.m.a.RequestMappingHandlerAdapter - ControllerAdvice beans: 0 @ModelAttribute, 0 @InitBinder, 1 RequestBodyAdvice, 1 ResponseBodyAdvice
2026-06-24 10:09:37 [main] DEBUG o.s.w.s.m.m.a.ExceptionHandlerExceptionResolver - ControllerAdvice beans: 1 @ExceptionHandler, 1 ResponseBodyAdvice
2026-06-24 10:09:39 [main] INFO  o.s.c.n.e.c.DiscoveryClientOptionalArgsConfiguration - Eureka HTTP Client uses RestTemplate.
2026-06-24 10:09:39 [main] WARN  o.s.c.l.c.LoadBalancerCacheAutoConfiguration$LoadBalancerCaffeineWarnLogger - Spring Cloud LoadBalancer is currently working with the default cache. While this cache implementation is useful for development and tests, it's recommended to use Caffeine cache in production.You can switch to using Caffeine cache, by adding it and org.springframework.cache.caffeine.CaffeineCacheManager to the classpath.
2026-06-24 10:09:39 [main] INFO  o.s.a.r.c.CachingConnectionFactory - Attempting to connect to: [localhost:5672]
2026-06-24 10:09:39 [main] INFO  o.s.a.r.c.CachingConnectionFactory - Created new connection: rabbitConnectionFactory#127c9b0:0/SimpleConnection@4808dc15 [delegate=amqp://guest@127.0.0.1:5672/, localPort=49685]
2026-06-24 10:09:39 [main] INFO  o.s.amqp.rabbit.core.RabbitAdmin - Auto-declaring a non-durable or auto-delete Exchange (order.exchange) durable:false, auto-delete:false. It will be deleted by the broker if it shuts down, and can be redeclared by closing and reopening the connection.
2026-06-24 10:09:39 [main] INFO  o.s.amqp.rabbit.core.RabbitAdmin - Auto-declaring a non-durable or auto-delete Exchange (payment.exchange) durable:false, auto-delete:false. It will be deleted by the broker if it shuts down, and can be redeclared by closing and reopening the connection.
2026-06-24 10:09:39 [main] INFO  o.s.amqp.rabbit.core.RabbitAdmin - Auto-declaring a non-durable or auto-delete Exchange (restaurant.exchange) durable:false, auto-delete:false. It will be deleted by the broker if it shuts down, and can be redeclared by closing and reopening the connection.
2026-06-24 10:09:39 [main] INFO  o.s.amqp.rabbit.core.RabbitAdmin - Auto-declaring a non-durable or auto-delete Exchange (notification.exchange) durable:false, auto-delete:false. It will be deleted by the broker if it shuts down, and can be redeclared by closing and reopening the connection.
2026-06-24 10:09:39 [main] INFO  o.s.amqp.rabbit.core.RabbitAdmin - Auto-declaring a non-durable or auto-delete Exchange (dlx.exchange) durable:false, auto-delete:false. It will be deleted by the broker if it shuts down, and can be redeclared by closing and reopening the connection.
2026-06-24 10:09:39 [main] INFO  o.s.amqp.rabbit.core.RabbitAdmin - Auto-declaring a non-durable, auto-delete, or exclusive Queue (order.created.queue) durable:false, auto-delete:false, exclusive:false. It will be redeclared if the broker stops and is restarted while the connection factory is alive, but all messages will be lost.
2026-06-24 10:09:39 [main] INFO  o.s.amqp.rabbit.core.RabbitAdmin - Auto-declaring a non-durable, auto-delete, or exclusive Queue (order.confirmed.queue) durable:false, auto-delete:false, exclusive:false. It will be redeclared if the broker stops and is restarted while the connection factory is alive, but all messages will be lost.
2026-06-24 10:09:39 [main] INFO  o.s.amqp.rabbit.core.RabbitAdmin - Auto-declaring a non-durable, auto-delete, or exclusive Queue (order.cancelled.queue) durable:false, auto-delete:false, exclusive:false. It will be redeclared if the broker stops and is restarted while the connection factory is alive, but all messages will be lost.
2026-06-24 10:09:39 [main] INFO  o.s.amqp.rabbit.core.RabbitAdmin - Auto-declaring a non-durable, auto-delete, or exclusive Queue (payment.success.queue) durable:false, auto-delete:false, exclusive:false. It will be redeclared if the broker stops and is restarted while the connection factory is alive, but all messages will be lost.
2026-06-24 10:09:39 [main] INFO  o.s.amqp.rabbit.core.RabbitAdmin - Auto-declaring a non-durable, auto-delete, or exclusive Queue (payment.failed.queue) durable:false, auto-delete:false, exclusive:false. It will be redeclared if the broker stops and is restarted while the connection factory is alive, but all messages will be lost.
2026-06-24 10:09:39 [main] INFO  o.s.amqp.rabbit.core.RabbitAdmin - Auto-declaring a non-durable, auto-delete, or exclusive Queue (restaurant.accepted.queue) durable:false, auto-delete:false, exclusive:false. It will be redeclared if the broker stops and is restarted while the connection factory is alive, but all messages will be lost.
2026-06-24 10:09:39 [main] INFO  o.s.amqp.rabbit.core.RabbitAdmin - Auto-declaring a non-durable, auto-delete, or exclusive Queue (restaurant.rejected.queue) durable:false, auto-delete:false, exclusive:false. It will be redeclared if the broker stops and is restarted while the connection factory is alive, but all messages will be lost.
2026-06-24 10:09:39 [main] INFO  c.f.r.RestaurantServiceApplicationTest - Started RestaurantServiceApplicationTest in 15.372 seconds (process running for 46.35)
2026-06-24 10:09:40 [main] INFO  c.f.r.RestaurantServiceApplication - Starting RestaurantServiceApplication using Java 17.0.18 with PID 23320 (started by avilakad in C:\Users\avilakad\OneDrive - Publicis Groupe\Documents\Food-Delivery-main\restaurant-service)
2026-06-24 10:09:40 [main] DEBUG c.f.r.RestaurantServiceApplication - Running with Spring Boot v3.2.0, Spring v6.1.1
2026-06-24 10:09:40 [main] INFO  c.f.r.RestaurantServiceApplication - No active profile set, falling back to 1 default profile: "default"
2026-06-24 10:09:40 [main] INFO  o.s.c.c.c.ConfigServerConfigDataLoader - Fetching config from server at : http://localhost:8888
2026-06-24 10:09:40 [main] INFO  o.s.c.c.c.ConfigServerConfigDataLoader - Located environment: name=restaurant-service, profiles=[default], label=null, version=127b1adee530cd27467179f9b7c7520365be625a, state=null
2026-06-24 10:09:41 [main] INFO  o.s.d.r.c.RepositoryConfigurationDelegate - Bootstrapping Spring Data JPA repositories in DEFAULT mode.
2026-06-24 10:09:41 [main] INFO  o.s.d.r.c.RepositoryConfigurationDelegate - Finished Spring Data repository scanning in 39 ms. Found 2 JPA repository interfaces.
2026-06-24 10:09:41 [main] INFO  o.s.cloud.context.scope.GenericScope - BeanFactory id=111e3385-6c5f-3e30-8d3b-a82728f0a7dd
2026-06-24 10:09:41 [main] WARN  o.s.c.s.PostProcessorRegistrationDelegate$BeanPostProcessorChecker - Bean 'org.springframework.cloud.client.loadbalancer.LoadBalancerAutoConfiguration$RetryInterceptorAutoConfiguration' of type [org.springframework.cloud.client.loadbalancer.LoadBalancerAutoConfiguration$RetryInterceptorAutoConfiguration] is not eligible for getting processed by all BeanPostProcessors (for example: not eligible for auto-proxying). The currently created BeanPostProcessor [lbRestClientPostProcessor] is declared through a non-static factory method on that class; consider declaring it as static instead.
2026-06-24 10:09:41 [main] WARN  o.s.c.s.PostProcessorRegistrationDelegate$BeanPostProcessorChecker - Bean 'org.springframework.cloud.loadbalancer.config.BlockingLoadBalancerClientAutoConfiguration' of type [org.springframework.cloud.loadbalancer.config.BlockingLoadBalancerClientAutoConfiguration] is not eligible for getting processed by all BeanPostProcessors (for example: not eligible for auto-proxying). Is this bean getting eagerly injected into a currently created BeanPostProcessor [lbRestClientPostProcessor]? Check the corresponding BeanPostProcessor declaration and its dependencies.
2026-06-24 10:09:41 [main] WARN  o.s.c.s.PostProcessorRegistrationDelegate$BeanPostProcessorChecker - Bean 'org.springframework.cloud.loadbalancer.config.LoadBalancerAutoConfiguration' of type [org.springframework.cloud.loadbalancer.config.LoadBalancerAutoConfiguration] is not eligible for getting processed by all BeanPostProcessors (for example: not eligible for auto-proxying). Is this bean getting eagerly injected into a currently created BeanPostProcessor [lbRestClientPostProcessor]? Check the corresponding BeanPostProcessor declaration and its dependencies.
2026-06-24 10:09:41 [main] WARN  o.s.c.s.PostProcessorRegistrationDelegate$BeanPostProcessorChecker - Bean 'org.springframework.cloud.commons.config.CommonsConfigAutoConfiguration' of type [org.springframework.cloud.commons.config.CommonsConfigAutoConfiguration] is not eligible for getting processed by all BeanPostProcessors (for example: not eligible for auto-proxying). Is this bean getting eagerly injected into a currently created BeanPostProcessor [lbRestClientPostProcessor]? Check the corresponding BeanPostProcessor declaration and its dependencies.
2026-06-24 10:09:41 [main] WARN  o.s.c.s.PostProcessorRegistrationDelegate$BeanPostProcessorChecker - Bean 'org.springframework.cloud.client.loadbalancer.LoadBalancerDefaultMappingsProviderAutoConfiguration' of type [org.springframework.cloud.client.loadbalancer.LoadBalancerDefaultMappingsProviderAutoConfiguration] is not eligible for getting processed by all BeanPostProcessors (for example: not eligible for auto-proxying). Is this bean getting eagerly injected into a currently created BeanPostProcessor [lbRestClientPostProcessor]? Check the corresponding BeanPostProcessor declaration and its dependencies.
2026-06-24 10:09:41 [main] WARN  o.s.c.s.PostProcessorRegistrationDelegate$BeanPostProcessorChecker - Bean 'loadBalancerClientsDefaultsMappingsProvider' of type [org.springframework.cloud.client.loadbalancer.LoadBalancerDefaultMappingsProviderAutoConfiguration$$Lambda$1439/0x000001c21686c800] is not eligible for getting processed by all BeanPostProcessors (for example: not eligible for auto-proxying). Is this bean getting eagerly injected into a currently created BeanPostProcessor [lbRestClientPostProcessor]? Check the corresponding BeanPostProcessor declaration and its dependencies.
2026-06-24 10:09:41 [main] WARN  o.s.c.s.PostProcessorRegistrationDelegate$BeanPostProcessorChecker - Bean 'defaultsBindHandlerAdvisor' of type [org.springframework.cloud.commons.config.DefaultsBindHandlerAdvisor] is not eligible for getting processed by all BeanPostProcessors (for example: not eligible for auto-proxying). Is this bean getting eagerly injected into a currently created BeanPostProcessor [lbRestClientPostProcessor]? Check the corresponding BeanPostProcessor declaration and its dependencies.
2026-06-24 10:09:41 [main] WARN  o.s.c.s.PostProcessorRegistrationDelegate$BeanPostProcessorChecker - Bean 'spring.cloud.loadbalancer-org.springframework.cloud.client.loadbalancer.LoadBalancerClientsProperties' of type [org.springframework.cloud.client.loadbalancer.LoadBalancerClientsProperties] is not eligible for getting processed by all BeanPostProcessors (for example: not eligible for auto-proxying). Is this bean getting eagerly injected into a currently created BeanPostProcessor [lbRestClientPostProcessor]? Check the corresponding BeanPostProcessor declaration and its dependencies.
2026-06-24 10:09:41 [main] WARN  o.s.c.s.PostProcessorRegistrationDelegate$BeanPostProcessorChecker - Bean 'default.org.springframework.cloud.loadbalancer.config.LoadBalancerAutoConfiguration.LoadBalancerClientSpecification' of type [org.springframework.cloud.loadbalancer.annotation.LoadBalancerClientSpecification] is not eligible for getting processed by all BeanPostProcessors (for example: not eligible for auto-proxying). Is this bean getting eagerly injected into a currently created BeanPostProcessor [lbRestClientPostProcessor]? Check the corresponding BeanPostProcessor declaration and its dependencies.
2026-06-24 10:09:41 [main] WARN  o.s.c.s.PostProcessorRegistrationDelegate$BeanPostProcessorChecker - Bean 'default.org.springframework.cloud.loadbalancer.config.BlockingLoadBalancerClientAutoConfiguration.LoadBalancerClientSpecification' of type [org.springframework.cloud.loadbalancer.annotation.LoadBalancerClientSpecification] is not eligible for getting processed by all BeanPostProcessors (for example: not eligible for auto-proxying). Is this bean getting eagerly injected into a currently created BeanPostProcessor [lbRestClientPostProcessor]? Check the corresponding BeanPostProcessor declaration and its dependencies.
2026-06-24 10:09:41 [main] WARN  o.s.c.s.PostProcessorRegistrationDelegate$BeanPostProcessorChecker - Bean 'loadBalancerClientFactory' of type [org.springframework.cloud.loadbalancer.support.LoadBalancerClientFactory] is not eligible for getting processed by all BeanPostProcessors (for example: not eligible for auto-proxying). Is this bean getting eagerly injected into a currently created BeanPostProcessor [lbRestClientPostProcessor]? Check the corresponding BeanPostProcessor declaration and its dependencies.
2026-06-24 10:09:41 [main] WARN  o.s.c.s.PostProcessorRegistrationDelegate$BeanPostProcessorChecker - Bean 'blockingLoadBalancerClient' of type [org.springframework.cloud.loadbalancer.blocking.client.BlockingLoadBalancerClient] is not eligible for getting processed by all BeanPostProcessors (for example: not eligible for auto-proxying). Is this bean getting eagerly injected into a currently created BeanPostProcessor [lbRestClientPostProcessor]? Check the corresponding BeanPostProcessor declaration and its dependencies.
2026-06-24 10:09:41 [main] WARN  o.s.c.s.PostProcessorRegistrationDelegate$BeanPostProcessorChecker - Bean 'loadBalancerServiceInstanceCookieTransformer' of type [org.springframework.cloud.loadbalancer.core.LoadBalancerServiceInstanceCookieTransformer] is not eligible for getting processed by all BeanPostProcessors (for example: not eligible for auto-proxying). Is this bean getting eagerly injected into a currently created BeanPostProcessor [lbRestClientPostProcessor]? Check the corresponding BeanPostProcessor declaration and its dependencies.
2026-06-24 10:09:41 [main] WARN  o.s.c.s.PostProcessorRegistrationDelegate$BeanPostProcessorChecker - Bean 'xForwarderHeadersTransformer' of type [org.springframework.cloud.loadbalancer.blocking.XForwardedHeadersTransformer] is not eligible for getting processed by all BeanPostProcessors (for example: not eligible for auto-proxying). Is this bean getting eagerly injected into a currently created BeanPostProcessor [lbRestClientPostProcessor]? Check the corresponding BeanPostProcessor declaration and its dependencies.
2026-06-24 10:09:41 [main] WARN  o.s.c.s.PostProcessorRegistrationDelegate$BeanPostProcessorChecker - Bean 'org.springframework.cloud.client.loadbalancer.LoadBalancerAutoConfiguration' of type [org.springframework.cloud.client.loadbalancer.LoadBalancerAutoConfiguration] is not eligible for getting processed by all BeanPostProcessors (for example: not eligible for auto-proxying). Is this bean getting eagerly injected into a currently created BeanPostProcessor [lbRestClientPostProcessor]? Check the corresponding BeanPostProcessor declaration and its dependencies.
2026-06-24 10:09:41 [main] WARN  o.s.c.s.PostProcessorRegistrationDelegate$BeanPostProcessorChecker - Bean 'loadBalancerRequestFactory' of type [org.springframework.cloud.client.loadbalancer.LoadBalancerRequestFactory] is not eligible for getting processed by all BeanPostProcessors (for example: not eligible for auto-proxying). Is this bean getting eagerly injected into a currently created BeanPostProcessor [lbRestClientPostProcessor]? Check the corresponding BeanPostProcessor declaration and its dependencies.
2026-06-24 10:09:41 [main] WARN  o.s.c.s.PostProcessorRegistrationDelegate$BeanPostProcessorChecker - Bean 'org.springframework.cloud.loadbalancer.config.BlockingLoadBalancerClientAutoConfiguration$BlockingLoadBalancerRetryConfig' of type [org.springframework.cloud.loadbalancer.config.BlockingLoadBalancerClientAutoConfiguration$BlockingLoadBalancerRetryConfig$$SpringCGLIB$$0] is not eligible for getting processed by all BeanPostProcessors (for example: not eligible for auto-proxying). Is this bean getting eagerly injected into a currently created BeanPostProcessor [lbRestClientPostProcessor]? Check the corresponding BeanPostProcessor declaration and its dependencies.
2026-06-24 10:09:41 [main] WARN  o.s.c.s.PostProcessorRegistrationDelegate$BeanPostProcessorChecker - Bean 'loadBalancedRetryFactory' of type [org.springframework.cloud.loadbalancer.blocking.retry.BlockingLoadBalancedRetryFactory] is not eligible for getting processed by all BeanPostProcessors (for example: not eligible for auto-proxying). Is this bean getting eagerly injected into a currently created BeanPostProcessor [lbRestClientPostProcessor]? Check the corresponding BeanPostProcessor declaration and its dependencies.
2026-06-24 10:09:41 [main] WARN  o.s.c.s.PostProcessorRegistrationDelegate$BeanPostProcessorChecker - Bean 'loadBalancerInterceptor' of type [org.springframework.cloud.client.loadbalancer.RetryLoadBalancerInterceptor] is not eligible for getting processed by all BeanPostProcessors (for example: not eligible for auto-proxying). Is this bean getting eagerly injected into a currently created BeanPostProcessor [lbRestClientPostProcessor]? Check the corresponding BeanPostProcessor declaration and its dependencies.
2026-06-24 10:09:42 [main] INFO  o.s.b.w.e.tomcat.TomcatWebServer - Tomcat initialized with port 0 (http)
2026-06-24 10:09:42 [main] INFO  o.a.catalina.core.StandardService - Starting service [Tomcat]
2026-06-24 10:09:42 [main] INFO  o.a.catalina.core.StandardEngine - Starting Servlet engine: [Apache Tomcat/10.1.16]
2026-06-24 10:09:42 [main] INFO  o.a.c.c.C.[Tomcat].[localhost].[/] - Initializing Spring embedded WebApplicationContext
2026-06-24 10:09:42 [main] INFO  o.s.b.w.s.c.ServletWebServerApplicationContext - Root WebApplicationContext: initialization completed in 2292 ms
2026-06-24 10:09:43 [main] DEBUG c.f.r.s.JwtAuthenticationFilter - Filter 'jwtAuthenticationFilter' configured for use
2026-06-24 10:09:43 [main] INFO  o.h.jpa.internal.util.LogHelper - HHH000204: Processing PersistenceUnitInfo [name: default]
2026-06-24 10:09:43 [main] INFO  o.h.c.i.RegionFactoryInitiator - HHH000026: Second-level cache disabled
2026-06-24 10:09:43 [main] INFO  o.s.o.j.p.SpringPersistenceUnitInfo - No LoadTimeWeaver setup: ignoring JPA class transformer
2026-06-24 10:09:43 [main] INFO  com.zaxxer.hikari.HikariDataSource - RestaurantServiceHikariPool - Starting...
2026-06-24 10:09:43 [main] INFO  com.zaxxer.hikari.pool.HikariPool - RestaurantServiceHikariPool - Added connection conn5: url=jdbc:h2:mem:maintest2 user=SA
2026-06-24 10:09:43 [main] INFO  com.zaxxer.hikari.HikariDataSource - RestaurantServiceHikariPool - Start completed.
2026-06-24 10:09:43 [main] WARN  org.hibernate.orm.deprecation - HHH90000025: H2Dialect does not need to be specified explicitly using 'hibernate.dialect' (remove the property setting and it will be selected by default)
2026-06-24 10:09:43 [main] INFO  o.h.e.t.j.p.i.JtaPlatformInitiator - HHH000489: No JTA platform available (set 'hibernate.transaction.jta.platform' to enable JTA platform integration)
2026-06-24 10:09:43 [main] DEBUG org.hibernate.SQL - 
    drop table if exists menu_items cascade 
2026-06-24 10:09:43 [main] DEBUG org.hibernate.SQL - 
    drop table if exists restaurants cascade 
2026-06-24 10:09:43 [main] DEBUG org.hibernate.SQL - 
    create table menu_items (
        is_available boolean,
        price numeric(10,2) not null,
        created_at timestamp(6) not null,
        id bigint generated by default as identity,
        restaurant_id bigint not null,
        updated_at timestamp(6),
        description varchar(255),
        name varchar(255) not null,
        primary key (id)
    )
2026-06-24 10:09:43 [main] DEBUG org.hibernate.SQL - 
    create table restaurants (
        is_active boolean,
        rating numeric(3,2),
        created_at timestamp(6) not null,
        id bigint generated by default as identity,
        updated_at timestamp(6),
        address varchar(255) not null,
        cuisine_type varchar(255) not null,
        name varchar(255) not null,
        phone varchar(255) not null,
        primary key (id)
    )
2026-06-24 10:09:43 [main] DEBUG org.hibernate.SQL - 
    alter table if exists menu_items 
       add constraint FKhaqtoboitpl0n541y0sc753my 
       foreign key (restaurant_id) 
       references restaurants
2026-06-24 10:09:43 [main] INFO  o.s.o.j.LocalContainerEntityManagerFactoryBean - Initialized JPA EntityManagerFactory for persistence unit 'default'
2026-06-24 10:09:43 [main] WARN  o.s.b.a.s.s.UserDetailsServiceAutoConfiguration - 

Using generated security password: 902bb6ec-6469-4fb1-beb3-c8f9fe74119a

This generated password is for development use only. Your security configuration must be updated before running your application in production.

2026-06-24 10:09:44 [main] INFO  o.s.b.a.e.web.EndpointLinksResolver - Exposing 5 endpoint(s) beneath base path '/actuator'
2026-06-24 10:09:44 [main] INFO  o.s.s.web.DefaultSecurityFilterChain - Will secure any request with [org.springframework.security.web.session.DisableEncodeUrlFilter@36dda183, org.springframework.security.web.context.request.async.WebAsyncManagerIntegrationFilter@690bdef5, org.springframework.security.web.context.SecurityContextHolderFilter@b3e6f1a, org.springframework.security.web.header.HeaderWriterFilter@1a15f9a0, org.springframework.web.filter.CorsFilter@522dbb47, org.springframework.security.web.authentication.logout.LogoutFilter@2a62f277, com.fooddelivery.restaurant.security.JwtAuthenticationFilter@531b1f73, org.springframework.security.web.savedrequest.RequestCacheAwareFilter@d6dc641, org.springframework.security.web.servletapi.SecurityContextHolderAwareRequestFilter@6c180413, org.springframework.security.web.authentication.AnonymousAuthenticationFilter@567748db, org.springframework.security.web.session.SessionManagementFilter@4e5a0b3e, org.springframework.security.web.access.ExceptionTranslationFilter@2b6dd2f6, org.springframework.security.web.access.intercept.AuthorizationFilter@7b2f1f69]
2026-06-24 10:09:46 [main] INFO  o.s.c.n.e.c.DiscoveryClientOptionalArgsConfiguration - Eureka HTTP Client uses RestTemplate.
2026-06-24 10:09:46 [main] WARN  o.s.c.l.c.LoadBalancerCacheAutoConfiguration$LoadBalancerCaffeineWarnLogger - Spring Cloud LoadBalancer is currently working with the default cache. While this cache implementation is useful for development and tests, it's recommended to use Caffeine cache in production.You can switch to using Caffeine cache, by adding it and org.springframework.cache.caffeine.CaffeineCacheManager to the classpath.
2026-06-24 10:09:46 [main] INFO  o.s.b.w.e.tomcat.TomcatWebServer - Tomcat started on port 49702 (http) with context path ''
2026-06-24 10:09:46 [main] INFO  o.s.a.r.c.CachingConnectionFactory - Attempting to connect to: [localhost:5672]
2026-06-24 10:09:46 [main] INFO  o.s.a.r.c.CachingConnectionFactory - Created new connection: rabbitConnectionFactory#149ad8d8:0/SimpleConnection@3394ad1e [delegate=amqp://guest@127.0.0.1:5672/, localPort=49706]
2026-06-24 10:09:46 [main] INFO  o.s.amqp.rabbit.core.RabbitAdmin - Auto-declaring a non-durable or auto-delete Exchange (order.exchange) durable:false, auto-delete:false. It will be deleted by the broker if it shuts down, and can be redeclared by closing and reopening the connection.
2026-06-24 10:09:46 [main] INFO  o.s.amqp.rabbit.core.RabbitAdmin - Auto-declaring a non-durable or auto-delete Exchange (payment.exchange) durable:false, auto-delete:false. It will be deleted by the broker if it shuts down, and can be redeclared by closing and reopening the connection.
2026-06-24 10:09:46 [main] INFO  o.s.amqp.rabbit.core.RabbitAdmin - Auto-declaring a non-durable or auto-delete Exchange (restaurant.exchange) durable:false, auto-delete:false. It will be deleted by the broker if it shuts down, and can be redeclared by closing and reopening the connection.
2026-06-24 10:09:46 [main] INFO  o.s.amqp.rabbit.core.RabbitAdmin - Auto-declaring a non-durable or auto-delete Exchange (notification.exchange) durable:false, auto-delete:false. It will be deleted by the broker if it shuts down, and can be redeclared by closing and reopening the connection.
2026-06-24 10:09:46 [main] INFO  o.s.amqp.rabbit.core.RabbitAdmin - Auto-declaring a non-durable or auto-delete Exchange (dlx.exchange) durable:false, auto-delete:false. It will be deleted by the broker if it shuts down, and can be redeclared by closing and reopening the connection.
2026-06-24 10:09:46 [main] INFO  o.s.amqp.rabbit.core.RabbitAdmin - Auto-declaring a non-durable, auto-delete, or exclusive Queue (order.created.queue) durable:false, auto-delete:false, exclusive:false. It will be redeclared if the broker stops and is restarted while the connection factory is alive, but all messages will be lost.
2026-06-24 10:09:46 [main] INFO  o.s.amqp.rabbit.core.RabbitAdmin - Auto-declaring a non-durable, auto-delete, or exclusive Queue (order.confirmed.queue) durable:false, auto-delete:false, exclusive:false. It will be redeclared if the broker stops and is restarted while the connection factory is alive, but all messages will be lost.
2026-06-24 10:09:46 [main] INFO  o.s.amqp.rabbit.core.RabbitAdmin - Auto-declaring a non-durable, auto-delete, or exclusive Queue (order.cancelled.queue) durable:false, auto-delete:false, exclusive:false. It will be redeclared if the broker stops and is restarted while the connection factory is alive, but all messages will be lost.
2026-06-24 10:09:46 [main] INFO  o.s.amqp.rabbit.core.RabbitAdmin - Auto-declaring a non-durable, auto-delete, or exclusive Queue (payment.success.queue) durable:false, auto-delete:false, exclusive:false. It will be redeclared if the broker stops and is restarted while the connection factory is alive, but all messages will be lost.
2026-06-24 10:09:46 [main] INFO  o.s.amqp.rabbit.core.RabbitAdmin - Auto-declaring a non-durable, auto-delete, or exclusive Queue (payment.failed.queue) durable:false, auto-delete:false, exclusive:false. It will be redeclared if the broker stops and is restarted while the connection factory is alive, but all messages will be lost.
2026-06-24 10:09:46 [main] INFO  o.s.amqp.rabbit.core.RabbitAdmin - Auto-declaring a non-durable, auto-delete, or exclusive Queue (restaurant.accepted.queue) durable:false, auto-delete:false, exclusive:false. It will be redeclared if the broker stops and is restarted while the connection factory is alive, but all messages will be lost.
2026-06-24 10:09:46 [main] INFO  o.s.amqp.rabbit.core.RabbitAdmin - Auto-declaring a non-durable, auto-delete, or exclusive Queue (restaurant.rejected.queue) durable:false, auto-delete:false, exclusive:false. It will be redeclared if the broker stops and is restarted while the connection factory is alive, but all messages will be lost.
2026-06-24 10:09:47 [main] INFO  c.f.r.RestaurantServiceApplication - Started RestaurantServiceApplication in 7.26 seconds (process running for 53.699)
2026-06-24 10:09:47 [main] INFO  c.f.r.RestaurantServiceApplication - Starting RestaurantServiceApplication using Java 17.0.18 with PID 23320 (started by avilakad in C:\Users\avilakad\OneDrive - Publicis Groupe\Documents\Food-Delivery-main\restaurant-service)
2026-06-24 10:09:47 [main] DEBUG c.f.r.RestaurantServiceApplication - Running with Spring Boot v3.2.0, Spring v6.1.1
2026-06-24 10:09:47 [main] INFO  c.f.r.RestaurantServiceApplication - No active profile set, falling back to 1 default profile: "default"
2026-06-24 10:09:47 [main] INFO  o.s.c.c.c.ConfigServerConfigDataLoader - Fetching config from server at : http://localhost:8888
2026-06-24 10:09:47 [main] INFO  o.s.c.c.c.ConfigServerConfigDataLoader - Located environment: name=restaurant-service, profiles=[default], label=null, version=127b1adee530cd27467179f9b7c7520365be625a, state=null
2026-06-24 10:09:48 [main] INFO  o.s.d.r.c.RepositoryConfigurationDelegate - Bootstrapping Spring Data JPA repositories in DEFAULT mode.
2026-06-24 10:09:48 [main] INFO  o.s.d.r.c.RepositoryConfigurationDelegate - Finished Spring Data repository scanning in 31 ms. Found 2 JPA repository interfaces.
2026-06-24 10:09:48 [main] INFO  o.s.cloud.context.scope.GenericScope - BeanFactory id=111e3385-6c5f-3e30-8d3b-a82728f0a7dd
2026-06-24 10:09:48 [main] WARN  o.s.c.s.PostProcessorRegistrationDelegate$BeanPostProcessorChecker - Bean 'org.springframework.cloud.client.loadbalancer.LoadBalancerAutoConfiguration$RetryInterceptorAutoConfiguration' of type [org.springframework.cloud.client.loadbalancer.LoadBalancerAutoConfiguration$RetryInterceptorAutoConfiguration] is not eligible for getting processed by all BeanPostProcessors (for example: not eligible for auto-proxying). The currently created BeanPostProcessor [lbRestClientPostProcessor] is declared through a non-static factory method on that class; consider declaring it as static instead.
2026-06-24 10:09:48 [main] WARN  o.s.c.s.PostProcessorRegistrationDelegate$BeanPostProcessorChecker - Bean 'org.springframework.cloud.loadbalancer.config.BlockingLoadBalancerClientAutoConfiguration' of type [org.springframework.cloud.loadbalancer.config.BlockingLoadBalancerClientAutoConfiguration] is not eligible for getting processed by all BeanPostProcessors (for example: not eligible for auto-proxying). Is this bean getting eagerly injected into a currently created BeanPostProcessor [lbRestClientPostProcessor]? Check the corresponding BeanPostProcessor declaration and its dependencies.
2026-06-24 10:09:48 [main] WARN  o.s.c.s.PostProcessorRegistrationDelegate$BeanPostProcessorChecker - Bean 'org.springframework.cloud.loadbalancer.config.LoadBalancerAutoConfiguration' of type [org.springframework.cloud.loadbalancer.config.LoadBalancerAutoConfiguration] is not eligible for getting processed by all BeanPostProcessors (for example: not eligible for auto-proxying). Is this bean getting eagerly injected into a currently created BeanPostProcessor [lbRestClientPostProcessor]? Check the corresponding BeanPostProcessor declaration and its dependencies.
2026-06-24 10:09:48 [main] WARN  o.s.c.s.PostProcessorRegistrationDelegate$BeanPostProcessorChecker - Bean 'org.springframework.cloud.commons.config.CommonsConfigAutoConfiguration' of type [org.springframework.cloud.commons.config.CommonsConfigAutoConfiguration] is not eligible for getting processed by all BeanPostProcessors (for example: not eligible for auto-proxying). Is this bean getting eagerly injected into a currently created BeanPostProcessor [lbRestClientPostProcessor]? Check the corresponding BeanPostProcessor declaration and its dependencies.
2026-06-24 10:09:48 [main] WARN  o.s.c.s.PostProcessorRegistrationDelegate$BeanPostProcessorChecker - Bean 'org.springframework.cloud.client.loadbalancer.LoadBalancerDefaultMappingsProviderAutoConfiguration' of type [org.springframework.cloud.client.loadbalancer.LoadBalancerDefaultMappingsProviderAutoConfiguration] is not eligible for getting processed by all BeanPostProcessors (for example: not eligible for auto-proxying). Is this bean getting eagerly injected into a currently created BeanPostProcessor [lbRestClientPostProcessor]? Check the corresponding BeanPostProcessor declaration and its dependencies.
2026-06-24 10:09:48 [main] WARN  o.s.c.s.PostProcessorRegistrationDelegate$BeanPostProcessorChecker - Bean 'loadBalancerClientsDefaultsMappingsProvider' of type [org.springframework.cloud.client.loadbalancer.LoadBalancerDefaultMappingsProviderAutoConfiguration$$Lambda$1439/0x000001c21686c800] is not eligible for getting processed by all BeanPostProcessors (for example: not eligible for auto-proxying). Is this bean getting eagerly injected into a currently created BeanPostProcessor [lbRestClientPostProcessor]? Check the corresponding BeanPostProcessor declaration and its dependencies.
2026-06-24 10:09:48 [main] WARN  o.s.c.s.PostProcessorRegistrationDelegate$BeanPostProcessorChecker - Bean 'defaultsBindHandlerAdvisor' of type [org.springframework.cloud.commons.config.DefaultsBindHandlerAdvisor] is not eligible for getting processed by all BeanPostProcessors (for example: not eligible for auto-proxying). Is this bean getting eagerly injected into a currently created BeanPostProcessor [lbRestClientPostProcessor]? Check the corresponding BeanPostProcessor declaration and its dependencies.
2026-06-24 10:09:48 [main] WARN  o.s.c.s.PostProcessorRegistrationDelegate$BeanPostProcessorChecker - Bean 'spring.cloud.loadbalancer-org.springframework.cloud.client.loadbalancer.LoadBalancerClientsProperties' of type [org.springframework.cloud.client.loadbalancer.LoadBalancerClientsProperties] is not eligible for getting processed by all BeanPostProcessors (for example: not eligible for auto-proxying). Is this bean getting eagerly injected into a currently created BeanPostProcessor [lbRestClientPostProcessor]? Check the corresponding BeanPostProcessor declaration and its dependencies.
2026-06-24 10:09:48 [main] WARN  o.s.c.s.PostProcessorRegistrationDelegate$BeanPostProcessorChecker - Bean 'default.org.springframework.cloud.loadbalancer.config.LoadBalancerAutoConfiguration.LoadBalancerClientSpecification' of type [org.springframework.cloud.loadbalancer.annotation.LoadBalancerClientSpecification] is not eligible for getting processed by all BeanPostProcessors (for example: not eligible for auto-proxying). Is this bean getting eagerly injected into a currently created BeanPostProcessor [lbRestClientPostProcessor]? Check the corresponding BeanPostProcessor declaration and its dependencies.
2026-06-24 10:09:48 [main] WARN  o.s.c.s.PostProcessorRegistrationDelegate$BeanPostProcessorChecker - Bean 'default.org.springframework.cloud.loadbalancer.config.BlockingLoadBalancerClientAutoConfiguration.LoadBalancerClientSpecification' of type [org.springframework.cloud.loadbalancer.annotation.LoadBalancerClientSpecification] is not eligible for getting processed by all BeanPostProcessors (for example: not eligible for auto-proxying). Is this bean getting eagerly injected into a currently created BeanPostProcessor [lbRestClientPostProcessor]? Check the corresponding BeanPostProcessor declaration and its dependencies.
2026-06-24 10:09:48 [main] WARN  o.s.c.s.PostProcessorRegistrationDelegate$BeanPostProcessorChecker - Bean 'loadBalancerClientFactory' of type [org.springframework.cloud.loadbalancer.support.LoadBalancerClientFactory] is not eligible for getting processed by all BeanPostProcessors (for example: not eligible for auto-proxying). Is this bean getting eagerly injected into a currently created BeanPostProcessor [lbRestClientPostProcessor]? Check the corresponding BeanPostProcessor declaration and its dependencies.
2026-06-24 10:09:48 [main] WARN  o.s.c.s.PostProcessorRegistrationDelegate$BeanPostProcessorChecker - Bean 'blockingLoadBalancerClient' of type [org.springframework.cloud.loadbalancer.blocking.client.BlockingLoadBalancerClient] is not eligible for getting processed by all BeanPostProcessors (for example: not eligible for auto-proxying). Is this bean getting eagerly injected into a currently created BeanPostProcessor [lbRestClientPostProcessor]? Check the corresponding BeanPostProcessor declaration and its dependencies.
2026-06-24 10:09:48 [main] WARN  o.s.c.s.PostProcessorRegistrationDelegate$BeanPostProcessorChecker - Bean 'loadBalancerServiceInstanceCookieTransformer' of type [org.springframework.cloud.loadbalancer.core.LoadBalancerServiceInstanceCookieTransformer] is not eligible for getting processed by all BeanPostProcessors (for example: not eligible for auto-proxying). Is this bean getting eagerly injected into a currently created BeanPostProcessor [lbRestClientPostProcessor]? Check the corresponding BeanPostProcessor declaration and its dependencies.
2026-06-24 10:09:48 [main] WARN  o.s.c.s.PostProcessorRegistrationDelegate$BeanPostProcessorChecker - Bean 'xForwarderHeadersTransformer' of type [org.springframework.cloud.loadbalancer.blocking.XForwardedHeadersTransformer] is not eligible for getting processed by all BeanPostProcessors (for example: not eligible for auto-proxying). Is this bean getting eagerly injected into a currently created BeanPostProcessor [lbRestClientPostProcessor]? Check the corresponding BeanPostProcessor declaration and its dependencies.
2026-06-24 10:09:48 [main] WARN  o.s.c.s.PostProcessorRegistrationDelegate$BeanPostProcessorChecker - Bean 'org.springframework.cloud.client.loadbalancer.LoadBalancerAutoConfiguration' of type [org.springframework.cloud.client.loadbalancer.LoadBalancerAutoConfiguration] is not eligible for getting processed by all BeanPostProcessors (for example: not eligible for auto-proxying). Is this bean getting eagerly injected into a currently created BeanPostProcessor [lbRestClientPostProcessor]? Check the corresponding BeanPostProcessor declaration and its dependencies.
2026-06-24 10:09:48 [main] WARN  o.s.c.s.PostProcessorRegistrationDelegate$BeanPostProcessorChecker - Bean 'loadBalancerRequestFactory' of type [org.springframework.cloud.client.loadbalancer.LoadBalancerRequestFactory] is not eligible for getting processed by all BeanPostProcessors (for example: not eligible for auto-proxying). Is this bean getting eagerly injected into a currently created BeanPostProcessor [lbRestClientPostProcessor]? Check the corresponding BeanPostProcessor declaration and its dependencies.
2026-06-24 10:09:48 [main] WARN  o.s.c.s.PostProcessorRegistrationDelegate$BeanPostProcessorChecker - Bean 'org.springframework.cloud.loadbalancer.config.BlockingLoadBalancerClientAutoConfiguration$BlockingLoadBalancerRetryConfig' of type [org.springframework.cloud.loadbalancer.config.BlockingLoadBalancerClientAutoConfiguration$BlockingLoadBalancerRetryConfig$$SpringCGLIB$$0] is not eligible for getting processed by all BeanPostProcessors (for example: not eligible for auto-proxying). Is this bean getting eagerly injected into a currently created BeanPostProcessor [lbRestClientPostProcessor]? Check the corresponding BeanPostProcessor declaration and its dependencies.
2026-06-24 10:09:48 [main] WARN  o.s.c.s.PostProcessorRegistrationDelegate$BeanPostProcessorChecker - Bean 'loadBalancedRetryFactory' of type [org.springframework.cloud.loadbalancer.blocking.retry.BlockingLoadBalancedRetryFactory] is not eligible for getting processed by all BeanPostProcessors (for example: not eligible for auto-proxying). Is this bean getting eagerly injected into a currently created BeanPostProcessor [lbRestClientPostProcessor]? Check the corresponding BeanPostProcessor declaration and its dependencies.
2026-06-24 10:09:48 [main] WARN  o.s.c.s.PostProcessorRegistrationDelegate$BeanPostProcessorChecker - Bean 'loadBalancerInterceptor' of type [org.springframework.cloud.client.loadbalancer.RetryLoadBalancerInterceptor] is not eligible for getting processed by all BeanPostProcessors (for example: not eligible for auto-proxying). Is this bean getting eagerly injected into a currently created BeanPostProcessor [lbRestClientPostProcessor]? Check the corresponding BeanPostProcessor declaration and its dependencies.
2026-06-24 10:09:48 [main] INFO  o.s.b.w.e.tomcat.TomcatWebServer - Tomcat initialized with port 0 (http)
2026-06-24 10:09:48 [main] INFO  o.a.catalina.core.StandardService - Starting service [Tomcat]
2026-06-24 10:09:48 [main] INFO  o.a.catalina.core.StandardEngine - Starting Servlet engine: [Apache Tomcat/10.1.16]
2026-06-24 10:09:48 [main] INFO  o.a.c.c.C.[Tomcat-1].[localhost].[/] - Initializing Spring embedded WebApplicationContext
2026-06-24 10:09:48 [main] INFO  o.s.b.w.s.c.ServletWebServerApplicationContext - Root WebApplicationContext: initialization completed in 902 ms
2026-06-24 10:09:48 [main] DEBUG c.f.r.s.JwtAuthenticationFilter - Filter 'jwtAuthenticationFilter' configured for use
2026-06-24 10:09:48 [main] INFO  o.h.jpa.internal.util.LogHelper - HHH000204: Processing PersistenceUnitInfo [name: default]
2026-06-24 10:09:48 [main] INFO  o.h.c.i.RegionFactoryInitiator - HHH000026: Second-level cache disabled
2026-06-24 10:09:48 [main] INFO  o.s.o.j.p.SpringPersistenceUnitInfo - No LoadTimeWeaver setup: ignoring JPA class transformer
2026-06-24 10:09:48 [main] INFO  com.zaxxer.hikari.HikariDataSource - RestaurantServiceHikariPool - Starting...
2026-06-24 10:09:48 [main] INFO  com.zaxxer.hikari.pool.HikariPool - RestaurantServiceHikariPool - Added connection conn10: url=jdbc:h2:mem:maintest user=SA
2026-06-24 10:09:48 [main] INFO  com.zaxxer.hikari.HikariDataSource - RestaurantServiceHikariPool - Start completed.
2026-06-24 10:09:48 [main] WARN  org.hibernate.orm.deprecation - HHH90000025: H2Dialect does not need to be specified explicitly using 'hibernate.dialect' (remove the property setting and it will be selected by default)
2026-06-24 10:09:49 [main] INFO  o.h.e.t.j.p.i.JtaPlatformInitiator - HHH000489: No JTA platform available (set 'hibernate.transaction.jta.platform' to enable JTA platform integration)
2026-06-24 10:09:49 [main] DEBUG org.hibernate.SQL - 
    drop table if exists menu_items cascade 
2026-06-24 10:09:49 [main] DEBUG org.hibernate.SQL - 
    drop table if exists restaurants cascade 
2026-06-24 10:09:49 [main] DEBUG org.hibernate.SQL - 
    create table menu_items (
        is_available boolean,
        price numeric(10,2) not null,
        created_at timestamp(6) not null,
        id bigint generated by default as identity,
        restaurant_id bigint not null,
        updated_at timestamp(6),
        description varchar(255),
        name varchar(255) not null,
        primary key (id)
    )
2026-06-24 10:09:49 [main] DEBUG org.hibernate.SQL - 
    create table restaurants (
        is_active boolean,
        rating numeric(3,2),
        created_at timestamp(6) not null,
        id bigint generated by default as identity,
        updated_at timestamp(6),
        address varchar(255) not null,
        cuisine_type varchar(255) not null,
        name varchar(255) not null,
        phone varchar(255) not null,
        primary key (id)
    )
2026-06-24 10:09:49 [main] DEBUG org.hibernate.SQL - 
    alter table if exists menu_items 
       add constraint FKhaqtoboitpl0n541y0sc753my 
       foreign key (restaurant_id) 
       references restaurants
2026-06-24 10:09:49 [main] INFO  o.s.o.j.LocalContainerEntityManagerFactoryBean - Initialized JPA EntityManagerFactory for persistence unit 'default'
2026-06-24 10:09:49 [main] WARN  o.s.b.a.s.s.UserDetailsServiceAutoConfiguration - 

Using generated security password: 4c883f25-f294-4759-af62-be34d65810b5

This generated password is for development use only. Your security configuration must be updated before running your application in production.

2026-06-24 10:09:49 [main] INFO  o.s.b.a.e.web.EndpointLinksResolver - Exposing 5 endpoint(s) beneath base path '/actuator'
2026-06-24 10:09:49 [main] INFO  o.s.s.web.DefaultSecurityFilterChain - Will secure any request with [org.springframework.security.web.session.DisableEncodeUrlFilter@4e382bd2, org.springframework.security.web.context.request.async.WebAsyncManagerIntegrationFilter@1b917fbf, org.springframework.security.web.context.SecurityContextHolderFilter@15acf15f, org.springframework.security.web.header.HeaderWriterFilter@2769374b, org.springframework.web.filter.CorsFilter@2f13d185, org.springframework.security.web.authentication.logout.LogoutFilter@75dc9327, com.fooddelivery.restaurant.security.JwtAuthenticationFilter@7a59afad, org.springframework.security.web.savedrequest.RequestCacheAwareFilter@5633b7e3, org.springframework.security.web.servletapi.SecurityContextHolderAwareRequestFilter@1c6ffa23, org.springframework.security.web.authentication.AnonymousAuthenticationFilter@2fd95e68, org.springframework.security.web.session.SessionManagementFilter@307fed71, org.springframework.security.web.access.ExceptionTranslationFilter@d8440b7, org.springframework.security.web.access.intercept.AuthorizationFilter@1ed1ec9d]
2026-06-24 10:09:51 [main] INFO  o.s.c.n.e.c.DiscoveryClientOptionalArgsConfiguration - Eureka HTTP Client uses RestTemplate.
2026-06-24 10:09:51 [main] WARN  o.s.c.l.c.LoadBalancerCacheAutoConfiguration$LoadBalancerCaffeineWarnLogger - Spring Cloud LoadBalancer is currently working with the default cache. While this cache implementation is useful for development and tests, it's recommended to use Caffeine cache in production.You can switch to using Caffeine cache, by adding it and org.springframework.cache.caffeine.CaffeineCacheManager to the classpath.
2026-06-24 10:09:51 [main] INFO  o.s.b.w.e.tomcat.TomcatWebServer - Tomcat started on port 49713 (http) with context path ''
2026-06-24 10:09:53 [main] INFO  o.s.a.r.c.CachingConnectionFactory - Attempting to connect to: [localhost:5672]
2026-06-24 10:09:53 [main] INFO  o.s.a.r.c.CachingConnectionFactory - Created new connection: rabbitConnectionFactory#edd101b:0/SimpleConnection@71bcb47 [delegate=amqp://guest@127.0.0.1:5672/, localPort=49715]
2026-06-24 10:09:53 [main] INFO  o.s.amqp.rabbit.core.RabbitAdmin - Auto-declaring a non-durable or auto-delete Exchange (order.exchange) durable:false, auto-delete:false. It will be deleted by the broker if it shuts down, and can be redeclared by closing and reopening the connection.
2026-06-24 10:09:53 [main] INFO  o.s.amqp.rabbit.core.RabbitAdmin - Auto-declaring a non-durable or auto-delete Exchange (payment.exchange) durable:false, auto-delete:false. It will be deleted by the broker if it shuts down, and can be redeclared by closing and reopening the connection.
2026-06-24 10:09:53 [main] INFO  o.s.amqp.rabbit.core.RabbitAdmin - Auto-declaring a non-durable or auto-delete Exchange (restaurant.exchange) durable:false, auto-delete:false. It will be deleted by the broker if it shuts down, and can be redeclared by closing and reopening the connection.
2026-06-24 10:09:53 [main] INFO  o.s.amqp.rabbit.core.RabbitAdmin - Auto-declaring a non-durable or auto-delete Exchange (notification.exchange) durable:false, auto-delete:false. It will be deleted by the broker if it shuts down, and can be redeclared by closing and reopening the connection.
2026-06-24 10:09:53 [main] INFO  o.s.amqp.rabbit.core.RabbitAdmin - Auto-declaring a non-durable or auto-delete Exchange (dlx.exchange) durable:false, auto-delete:false. It will be deleted by the broker if it shuts down, and can be redeclared by closing and reopening the connection.
2026-06-24 10:09:53 [main] INFO  o.s.amqp.rabbit.core.RabbitAdmin - Auto-declaring a non-durable, auto-delete, or exclusive Queue (order.created.queue) durable:false, auto-delete:false, exclusive:false. It will be redeclared if the broker stops and is restarted while the connection factory is alive, but all messages will be lost.
2026-06-24 10:09:53 [main] INFO  o.s.amqp.rabbit.core.RabbitAdmin - Auto-declaring a non-durable, auto-delete, or exclusive Queue (order.confirmed.queue) durable:false, auto-delete:false, exclusive:false. It will be redeclared if the broker stops and is restarted while the connection factory is alive, but all messages will be lost.
2026-06-24 10:09:53 [main] INFO  o.s.amqp.rabbit.core.RabbitAdmin - Auto-declaring a non-durable, auto-delete, or exclusive Queue (order.cancelled.queue) durable:false, auto-delete:false, exclusive:false. It will be redeclared if the broker stops and is restarted while the connection factory is alive, but all messages will be lost.
2026-06-24 10:09:53 [main] INFO  o.s.amqp.rabbit.core.RabbitAdmin - Auto-declaring a non-durable, auto-delete, or exclusive Queue (payment.success.queue) durable:false, auto-delete:false, exclusive:false. It will be redeclared if the broker stops and is restarted while the connection factory is alive, but all messages will be lost.
2026-06-24 10:09:53 [main] INFO  o.s.amqp.rabbit.core.RabbitAdmin - Auto-declaring a non-durable, auto-delete, or exclusive Queue (payment.failed.queue) durable:false, auto-delete:false, exclusive:false. It will be redeclared if the broker stops and is restarted while the connection factory is alive, but all messages will be lost.
2026-06-24 10:09:53 [main] INFO  o.s.amqp.rabbit.core.RabbitAdmin - Auto-declaring a non-durable, auto-delete, or exclusive Queue (restaurant.accepted.queue) durable:false, auto-delete:false, exclusive:false. It will be redeclared if the broker stops and is restarted while the connection factory is alive, but all messages will be lost.
2026-06-24 10:09:53 [main] INFO  o.s.amqp.rabbit.core.RabbitAdmin - Auto-declaring a non-durable, auto-delete, or exclusive Queue (restaurant.rejected.queue) durable:false, auto-delete:false, exclusive:false. It will be redeclared if the broker stops and is restarted while the connection factory is alive, but all messages will be lost.
2026-06-24 10:09:53 [main] INFO  c.f.r.RestaurantServiceApplication - Started RestaurantServiceApplication in 6.342 seconds (process running for 60.055)
2026-06-24 10:09:55 [org.springframework.amqp.rabbit.RabbitListenerEndpointContainer#0-2] INFO  o.s.a.r.l.SimpleMessageListenerContainer - Waiting for workers to finish.
2026-06-24 10:09:55 [org.springframework.amqp.rabbit.RabbitListenerEndpointContainer#0-2] INFO  o.s.a.r.l.SimpleMessageListenerContainer - Successfully waited for workers to finish.
2026-06-24 10:09:56 [SpringApplicationShutdownHook] INFO  o.s.o.j.LocalContainerEntityManagerFactoryBean - Closing JPA EntityManagerFactory for persistence unit 'default'
2026-06-24 10:09:56 [SpringApplicationShutdownHook] DEBUG org.hibernate.SQL - 
    drop table if exists menu_items cascade 
2026-06-24 10:09:56 [SpringApplicationShutdownHook] DEBUG org.hibernate.SQL - 
    drop table if exists restaurants cascade 
2026-06-24 10:09:56 [SpringApplicationShutdownHook] INFO  com.zaxxer.hikari.HikariDataSource - RestaurantServiceHikariPool - Shutdown initiated...
2026-06-24 10:09:56 [SpringApplicationShutdownHook] INFO  com.zaxxer.hikari.HikariDataSource - RestaurantServiceHikariPool - Shutdown completed.
2026-06-24 10:09:56 [org.springframework.amqp.rabbit.RabbitListenerEndpointContainer#0-2] INFO  o.s.a.r.l.SimpleMessageListenerContainer - Waiting for workers to finish.
2026-06-24 10:09:57 [org.springframework.amqp.rabbit.RabbitListenerEndpointContainer#0-2] INFO  o.s.a.r.l.SimpleMessageListenerContainer - Successfully waited for workers to finish.
2026-06-24 10:09:57 [SpringApplicationShutdownHook] INFO  o.s.o.j.LocalContainerEntityManagerFactoryBean - Closing JPA EntityManagerFactory for persistence unit 'default'
2026-06-24 10:09:57 [SpringApplicationShutdownHook] DEBUG org.hibernate.SQL - 
    drop table if exists menu_items cascade 
2026-06-24 10:09:57 [SpringApplicationShutdownHook] DEBUG org.hibernate.SQL - 
    drop table if exists restaurants cascade 
2026-06-24 10:09:57 [SpringApplicationShutdownHook] INFO  com.zaxxer.hikari.HikariDataSource - RestaurantServiceHikariPool - Shutdown initiated...
2026-06-24 10:09:57 [SpringApplicationShutdownHook] INFO  com.zaxxer.hikari.HikariDataSource - RestaurantServiceHikariPool - Shutdown completed.
2026-06-24 10:09:58 [org.springframework.amqp.rabbit.RabbitListenerEndpointContainer#0-2] INFO  o.s.a.r.l.SimpleMessageListenerContainer - Waiting for workers to finish.
2026-06-24 10:09:58 [org.springframework.amqp.rabbit.RabbitListenerEndpointContainer#0-2] INFO  o.s.a.r.l.SimpleMessageListenerContainer - Successfully waited for workers to finish.
2026-06-24 10:09:58 [SpringApplicationShutdownHook] INFO  o.s.o.j.LocalContainerEntityManagerFactoryBean - Closing JPA EntityManagerFactory for persistence unit 'default'
2026-06-24 10:09:58 [SpringApplicationShutdownHook] DEBUG org.hibernate.SQL - 
    drop table if exists menu_items cascade 
2026-06-24 10:09:58 [SpringApplicationShutdownHook] DEBUG org.hibernate.SQL - 
    drop table if exists restaurants cascade 
2026-06-24 10:09:58 [SpringApplicationShutdownHook] INFO  com.zaxxer.hikari.HikariDataSource - RestaurantServiceHikariPool - Shutdown initiated...
2026-06-24 10:09:58 [SpringApplicationShutdownHook] INFO  com.zaxxer.hikari.HikariDataSource - RestaurantServiceHikariPool - Shutdown completed.
2026-06-24 10:11:02 [main] INFO  c.f.r.RestaurantServiceApplication - Starting RestaurantServiceApplication using Java 17.0.18 with PID 15460 (C:\Users\avilakad\OneDrive - Publicis Groupe\Documents\Food-Delivery-main\restaurant-service\target\classes started by avilakad in C:\Users\avilakad\OneDrive - Publicis Groupe\Documents\Food-Delivery-main\restaurant-service)
2026-06-24 10:11:02 [main] DEBUG c.f.r.RestaurantServiceApplication - Running with Spring Boot v3.2.0, Spring v6.1.1
2026-06-24 10:11:02 [main] INFO  c.f.r.RestaurantServiceApplication - No active profile set, falling back to 1 default profile: "default"
2026-06-24 10:11:02 [main] INFO  o.s.c.c.c.ConfigServerConfigDataLoader - Fetching config from server at : http://localhost:8888
2026-06-24 10:11:02 [main] INFO  o.s.c.c.c.ConfigServerConfigDataLoader - Located environment: name=restaurant-service, profiles=[default], label=null, version=127b1adee530cd27467179f9b7c7520365be625a, state=null
2026-06-24 10:11:04 [main] INFO  o.s.d.r.c.RepositoryConfigurationDelegate - Bootstrapping Spring Data JPA repositories in DEFAULT mode.
2026-06-24 10:11:04 [main] INFO  o.s.d.r.c.RepositoryConfigurationDelegate - Finished Spring Data repository scanning in 203 ms. Found 2 JPA repository interfaces.
2026-06-24 10:11:04 [main] INFO  o.s.cloud.context.scope.GenericScope - BeanFactory id=b00b536c-c450-310f-bb3b-c069fa4ab85e
2026-06-24 10:11:05 [main] WARN  o.s.c.s.PostProcessorRegistrationDelegate$BeanPostProcessorChecker - Bean 'org.springframework.cloud.client.loadbalancer.LoadBalancerAutoConfiguration$RetryInterceptorAutoConfiguration' of type [org.springframework.cloud.client.loadbalancer.LoadBalancerAutoConfiguration$RetryInterceptorAutoConfiguration] is not eligible for getting processed by all BeanPostProcessors (for example: not eligible for auto-proxying). The currently created BeanPostProcessor [lbRestClientPostProcessor] is declared through a non-static factory method on that class; consider declaring it as static instead.
2026-06-24 10:11:05 [main] WARN  o.s.c.s.PostProcessorRegistrationDelegate$BeanPostProcessorChecker - Bean 'org.springframework.cloud.loadbalancer.config.BlockingLoadBalancerClientAutoConfiguration' of type [org.springframework.cloud.loadbalancer.config.BlockingLoadBalancerClientAutoConfiguration] is not eligible for getting processed by all BeanPostProcessors (for example: not eligible for auto-proxying). Is this bean getting eagerly injected into a currently created BeanPostProcessor [lbRestClientPostProcessor]? Check the corresponding BeanPostProcessor declaration and its dependencies.
2026-06-24 10:11:05 [main] WARN  o.s.c.s.PostProcessorRegistrationDelegate$BeanPostProcessorChecker - Bean 'org.springframework.cloud.loadbalancer.config.LoadBalancerAutoConfiguration' of type [org.springframework.cloud.loadbalancer.config.LoadBalancerAutoConfiguration] is not eligible for getting processed by all BeanPostProcessors (for example: not eligible for auto-proxying). Is this bean getting eagerly injected into a currently created BeanPostProcessor [lbRestClientPostProcessor]? Check the corresponding BeanPostProcessor declaration and its dependencies.
2026-06-24 10:11:05 [main] WARN  o.s.c.s.PostProcessorRegistrationDelegate$BeanPostProcessorChecker - Bean 'org.springframework.cloud.commons.config.CommonsConfigAutoConfiguration' of type [org.springframework.cloud.commons.config.CommonsConfigAutoConfiguration] is not eligible for getting processed by all BeanPostProcessors (for example: not eligible for auto-proxying). Is this bean getting eagerly injected into a currently created BeanPostProcessor [lbRestClientPostProcessor]? Check the corresponding BeanPostProcessor declaration and its dependencies.
2026-06-24 10:11:05 [main] WARN  o.s.c.s.PostProcessorRegistrationDelegate$BeanPostProcessorChecker - Bean 'org.springframework.cloud.client.loadbalancer.LoadBalancerDefaultMappingsProviderAutoConfiguration' of type [org.springframework.cloud.client.loadbalancer.LoadBalancerDefaultMappingsProviderAutoConfiguration] is not eligible for getting processed by all BeanPostProcessors (for example: not eligible for auto-proxying). Is this bean getting eagerly injected into a currently created BeanPostProcessor [lbRestClientPostProcessor]? Check the corresponding BeanPostProcessor declaration and its dependencies.
2026-06-24 10:11:05 [main] WARN  o.s.c.s.PostProcessorRegistrationDelegate$BeanPostProcessorChecker - Bean 'loadBalancerClientsDefaultsMappingsProvider' of type [org.springframework.cloud.client.loadbalancer.LoadBalancerDefaultMappingsProviderAutoConfiguration$$Lambda$671/0x0000022dbb50f358] is not eligible for getting processed by all BeanPostProcessors (for example: not eligible for auto-proxying). Is this bean getting eagerly injected into a currently created BeanPostProcessor [lbRestClientPostProcessor]? Check the corresponding BeanPostProcessor declaration and its dependencies.
2026-06-24 10:11:05 [main] WARN  o.s.c.s.PostProcessorRegistrationDelegate$BeanPostProcessorChecker - Bean 'defaultsBindHandlerAdvisor' of type [org.springframework.cloud.commons.config.DefaultsBindHandlerAdvisor] is not eligible for getting processed by all BeanPostProcessors (for example: not eligible for auto-proxying). Is this bean getting eagerly injected into a currently created BeanPostProcessor [lbRestClientPostProcessor]? Check the corresponding BeanPostProcessor declaration and its dependencies.
2026-06-24 10:11:05 [main] WARN  o.s.c.s.PostProcessorRegistrationDelegate$BeanPostProcessorChecker - Bean 'spring.cloud.loadbalancer-org.springframework.cloud.client.loadbalancer.LoadBalancerClientsProperties' of type [org.springframework.cloud.client.loadbalancer.LoadBalancerClientsProperties] is not eligible for getting processed by all BeanPostProcessors (for example: not eligible for auto-proxying). Is this bean getting eagerly injected into a currently created BeanPostProcessor [lbRestClientPostProcessor]? Check the corresponding BeanPostProcessor declaration and its dependencies.
2026-06-24 10:11:05 [main] WARN  o.s.c.s.PostProcessorRegistrationDelegate$BeanPostProcessorChecker - Bean 'default.org.springframework.cloud.loadbalancer.config.LoadBalancerAutoConfiguration.LoadBalancerClientSpecification' of type [org.springframework.cloud.loadbalancer.annotation.LoadBalancerClientSpecification] is not eligible for getting processed by all BeanPostProcessors (for example: not eligible for auto-proxying). Is this bean getting eagerly injected into a currently created BeanPostProcessor [lbRestClientPostProcessor]? Check the corresponding BeanPostProcessor declaration and its dependencies.
2026-06-24 10:11:05 [main] WARN  o.s.c.s.PostProcessorRegistrationDelegate$BeanPostProcessorChecker - Bean 'default.org.springframework.cloud.loadbalancer.config.BlockingLoadBalancerClientAutoConfiguration.LoadBalancerClientSpecification' of type [org.springframework.cloud.loadbalancer.annotation.LoadBalancerClientSpecification] is not eligible for getting processed by all BeanPostProcessors (for example: not eligible for auto-proxying). Is this bean getting eagerly injected into a currently created BeanPostProcessor [lbRestClientPostProcessor]? Check the corresponding BeanPostProcessor declaration and its dependencies.
2026-06-24 10:11:05 [main] WARN  o.s.c.s.PostProcessorRegistrationDelegate$BeanPostProcessorChecker - Bean 'default.org.springframework.cloud.netflix.eureka.loadbalancer.LoadBalancerEurekaAutoConfiguration.LoadBalancerClientSpecification' of type [org.springframework.cloud.loadbalancer.annotation.LoadBalancerClientSpecification] is not eligible for getting processed by all BeanPostProcessors (for example: not eligible for auto-proxying). Is this bean getting eagerly injected into a currently created BeanPostProcessor [lbRestClientPostProcessor]? Check the corresponding BeanPostProcessor declaration and its dependencies.
2026-06-24 10:11:05 [main] WARN  o.s.c.s.PostProcessorRegistrationDelegate$BeanPostProcessorChecker - Bean 'loadBalancerClientFactory' of type [org.springframework.cloud.loadbalancer.support.LoadBalancerClientFactory] is not eligible for getting processed by all BeanPostProcessors (for example: not eligible for auto-proxying). Is this bean getting eagerly injected into a currently created BeanPostProcessor [lbRestClientPostProcessor]? Check the corresponding BeanPostProcessor declaration and its dependencies.
2026-06-24 10:11:05 [main] WARN  o.s.c.s.PostProcessorRegistrationDelegate$BeanPostProcessorChecker - Bean 'blockingLoadBalancerClient' of type [org.springframework.cloud.loadbalancer.blocking.client.BlockingLoadBalancerClient] is not eligible for getting processed by all BeanPostProcessors (for example: not eligible for auto-proxying). Is this bean getting eagerly injected into a currently created BeanPostProcessor [lbRestClientPostProcessor]? Check the corresponding BeanPostProcessor declaration and its dependencies.
2026-06-24 10:11:06 [main] WARN  o.s.c.s.PostProcessorRegistrationDelegate$BeanPostProcessorChecker - Bean 'loadBalancerServiceInstanceCookieTransformer' of type [org.springframework.cloud.loadbalancer.core.LoadBalancerServiceInstanceCookieTransformer] is not eligible for getting processed by all BeanPostProcessors (for example: not eligible for auto-proxying). Is this bean getting eagerly injected into a currently created BeanPostProcessor [lbRestClientPostProcessor]? Check the corresponding BeanPostProcessor declaration and its dependencies.
2026-06-24 10:11:06 [main] WARN  o.s.c.s.PostProcessorRegistrationDelegate$BeanPostProcessorChecker - Bean 'xForwarderHeadersTransformer' of type [org.springframework.cloud.loadbalancer.blocking.XForwardedHeadersTransformer] is not eligible for getting processed by all BeanPostProcessors (for example: not eligible for auto-proxying). Is this bean getting eagerly injected into a currently created BeanPostProcessor [lbRestClientPostProcessor]? Check the corresponding BeanPostProcessor declaration and its dependencies.
2026-06-24 10:11:06 [main] WARN  o.s.c.s.PostProcessorRegistrationDelegate$BeanPostProcessorChecker - Bean 'org.springframework.cloud.client.loadbalancer.LoadBalancerAutoConfiguration' of type [org.springframework.cloud.client.loadbalancer.LoadBalancerAutoConfiguration] is not eligible for getting processed by all BeanPostProcessors (for example: not eligible for auto-proxying). Is this bean getting eagerly injected into a currently created BeanPostProcessor [lbRestClientPostProcessor]? Check the corresponding BeanPostProcessor declaration and its dependencies.
2026-06-24 10:11:06 [main] WARN  o.s.c.s.PostProcessorRegistrationDelegate$BeanPostProcessorChecker - Bean 'loadBalancerRequestFactory' of type [org.springframework.cloud.client.loadbalancer.LoadBalancerRequestFactory] is not eligible for getting processed by all BeanPostProcessors (for example: not eligible for auto-proxying). Is this bean getting eagerly injected into a currently created BeanPostProcessor [lbRestClientPostProcessor]? Check the corresponding BeanPostProcessor declaration and its dependencies.
2026-06-24 10:11:06 [main] WARN  o.s.c.s.PostProcessorRegistrationDelegate$BeanPostProcessorChecker - Bean 'org.springframework.cloud.loadbalancer.config.BlockingLoadBalancerClientAutoConfiguration$BlockingLoadBalancerRetryConfig' of type [org.springframework.cloud.loadbalancer.config.BlockingLoadBalancerClientAutoConfiguration$BlockingLoadBalancerRetryConfig$$SpringCGLIB$$0] is not eligible for getting processed by all BeanPostProcessors (for example: not eligible for auto-proxying). Is this bean getting eagerly injected into a currently created BeanPostProcessor [lbRestClientPostProcessor]? Check the corresponding BeanPostProcessor declaration and its dependencies.
2026-06-24 10:11:06 [main] WARN  o.s.c.s.PostProcessorRegistrationDelegate$BeanPostProcessorChecker - Bean 'loadBalancedRetryFactory' of type [org.springframework.cloud.loadbalancer.blocking.retry.BlockingLoadBalancedRetryFactory] is not eligible for getting processed by all BeanPostProcessors (for example: not eligible for auto-proxying). Is this bean getting eagerly injected into a currently created BeanPostProcessor [lbRestClientPostProcessor]? Check the corresponding BeanPostProcessor declaration and its dependencies.
2026-06-24 10:11:06 [main] WARN  o.s.c.s.PostProcessorRegistrationDelegate$BeanPostProcessorChecker - Bean 'loadBalancerInterceptor' of type [org.springframework.cloud.client.loadbalancer.RetryLoadBalancerInterceptor] is not eligible for getting processed by all BeanPostProcessors (for example: not eligible for auto-proxying). Is this bean getting eagerly injected into a currently created BeanPostProcessor [lbRestClientPostProcessor]? Check the corresponding BeanPostProcessor declaration and its dependencies.
2026-06-24 10:11:07 [main] INFO  o.s.b.w.e.tomcat.TomcatWebServer - Tomcat initialized with port 8082 (http)
2026-06-24 10:11:07 [main] INFO  o.a.catalina.core.StandardService - Starting service [Tomcat]
2026-06-24 10:11:07 [main] INFO  o.a.catalina.core.StandardEngine - Starting Servlet engine: [Apache Tomcat/10.1.16]
2026-06-24 10:11:08 [main] INFO  o.a.c.c.C.[Tomcat].[localhost].[/] - Initializing Spring embedded WebApplicationContext
2026-06-24 10:11:08 [main] INFO  o.s.b.w.s.c.ServletWebServerApplicationContext - Root WebApplicationContext: initialization completed in 5665 ms
2026-06-24 10:11:10 [main] DEBUG c.f.r.s.JwtAuthenticationFilter - Filter 'jwtAuthenticationFilter' configured for use
2026-06-24 10:11:11 [main] INFO  o.h.jpa.internal.util.LogHelper - HHH000204: Processing PersistenceUnitInfo [name: default]
2026-06-24 10:11:12 [main] INFO  org.hibernate.Version - HHH000412: Hibernate ORM core version 6.3.1.Final
2026-06-24 10:11:12 [main] INFO  o.h.c.i.RegionFactoryInitiator - HHH000026: Second-level cache disabled
2026-06-24 10:11:13 [main] INFO  o.s.o.j.p.SpringPersistenceUnitInfo - No LoadTimeWeaver setup: ignoring JPA class transformer
2026-06-24 10:11:13 [main] INFO  com.zaxxer.hikari.HikariDataSource - RestaurantServiceHikariPool - Starting...
2026-06-24 10:11:14 [main] INFO  com.zaxxer.hikari.pool.HikariPool - RestaurantServiceHikariPool - Added connection org.postgresql.jdbc.PgConnection@5dd12c19
2026-06-24 10:11:14 [main] INFO  com.zaxxer.hikari.HikariDataSource - RestaurantServiceHikariPool - Start completed.
2026-06-24 10:11:18 [main] INFO  o.h.e.t.j.p.i.JtaPlatformInitiator - HHH000489: No JTA platform available (set 'hibernate.transaction.jta.platform' to enable JTA platform integration)
2026-06-24 10:11:18 [main] INFO  o.s.o.j.LocalContainerEntityManagerFactoryBean - Initialized JPA EntityManagerFactory for persistence unit 'default'
2026-06-24 10:11:19 [main] INFO  o.s.d.j.r.query.QueryEnhancerFactory - Hibernate is in classpath; If applicable, HQL parser will be used.
2026-06-24 10:11:20 [main] WARN  o.s.b.a.s.s.UserDetailsServiceAutoConfiguration - 

Using generated security password: ffb04277-1f1d-444e-9bd7-9f29ed53d568

This generated password is for development use only. Your security configuration must be updated before running your application in production.

2026-06-24 10:11:23 [main] INFO  o.s.b.a.e.web.EndpointLinksResolver - Exposing 5 endpoint(s) beneath base path '/actuator'
2026-06-24 10:11:23 [main] INFO  o.s.s.web.DefaultSecurityFilterChain - Will secure any request with [org.springframework.security.web.session.DisableEncodeUrlFilter@647ea319, org.springframework.security.web.context.request.async.WebAsyncManagerIntegrationFilter@b9271b6, org.springframework.security.web.context.SecurityContextHolderFilter@69137c1d, org.springframework.security.web.header.HeaderWriterFilter@4af2f2ae, org.springframework.web.filter.CorsFilter@9736d7e, org.springframework.security.web.authentication.logout.LogoutFilter@682ec8d, com.fooddelivery.restaurant.security.JwtAuthenticationFilter@79a68657, org.springframework.security.web.savedrequest.RequestCacheAwareFilter@2f57fc23, org.springframework.security.web.servletapi.SecurityContextHolderAwareRequestFilter@32b1d581, org.springframework.security.web.authentication.AnonymousAuthenticationFilter@5c608988, org.springframework.security.web.session.SessionManagementFilter@66d1cdea, org.springframework.security.web.access.ExceptionTranslationFilter@269c07d, org.springframework.security.web.access.intercept.AuthorizationFilter@3ed3990d]
2026-06-24 10:11:25 [main] INFO  o.s.c.n.e.c.DiscoveryClientOptionalArgsConfiguration - Eureka HTTP Client uses RestTemplate.
2026-06-24 10:11:25 [main] WARN  o.s.c.l.c.LoadBalancerCacheAutoConfiguration$LoadBalancerCaffeineWarnLogger - Spring Cloud LoadBalancer is currently working with the default cache. While this cache implementation is useful for development and tests, it's recommended to use Caffeine cache in production.You can switch to using Caffeine cache, by adding it and org.springframework.cache.caffeine.CaffeineCacheManager to the classpath.
2026-06-24 10:11:25 [main] INFO  o.s.c.n.eureka.InstanceInfoFactory - Setting initial instance status as: STARTING
2026-06-24 10:11:25 [main] INFO  c.netflix.discovery.DiscoveryClient - Initializing Eureka in region us-east-1
2026-06-24 10:11:25 [main] INFO  c.n.d.s.r.aws.ConfigClusterResolver - Resolving eureka endpoints via configuration
2026-06-24 10:11:25 [main] INFO  c.netflix.discovery.DiscoveryClient - Disable delta property : false
2026-06-24 10:11:25 [main] INFO  c.netflix.discovery.DiscoveryClient - Single vip registry refresh property : null
2026-06-24 10:11:25 [main] INFO  c.netflix.discovery.DiscoveryClient - Force full registry fetch : false
2026-06-24 10:11:25 [main] INFO  c.netflix.discovery.DiscoveryClient - Application is null : false
2026-06-24 10:11:25 [main] INFO  c.netflix.discovery.DiscoveryClient - Registered Applications size is zero : true
2026-06-24 10:11:25 [main] INFO  c.netflix.discovery.DiscoveryClient - Application version is -1: true
2026-06-24 10:11:25 [main] INFO  c.netflix.discovery.DiscoveryClient - Getting all instance registry info from the eureka server
2026-06-24 10:11:25 [main] INFO  c.netflix.discovery.DiscoveryClient - The response status is 200
2026-06-24 10:11:25 [main] INFO  c.netflix.discovery.DiscoveryClient - Starting heartbeat executor: renew interval is: 10
2026-06-24 10:11:25 [main] INFO  c.n.discovery.InstanceInfoReplicator - InstanceInfoReplicator onDemand update allowed rate per min is 4
2026-06-24 10:11:25 [main] INFO  c.netflix.discovery.DiscoveryClient - Discovery Client initialized at timestamp 1782276085935 with initial instances count: 5
2026-06-24 10:11:25 [main] INFO  o.s.c.n.e.s.EurekaServiceRegistry - Registering application RESTAURANT-SERVICE with eureka with status UP
2026-06-24 10:11:25 [main] INFO  c.netflix.discovery.DiscoveryClient - Saw local status change event StatusChangeEvent [timestamp=1782276085961, current=UP, previous=STARTING]
2026-06-24 10:11:25 [DiscoveryClient-InstanceInfoReplicator-0] INFO  c.netflix.discovery.DiscoveryClient - DiscoveryClient_RESTAURANT-SERVICE/restaurant-service:914a86893b43e77fdcea31452ec29a9d: registering service...
2026-06-24 10:11:26 [main] INFO  o.s.b.w.e.tomcat.TomcatWebServer - Tomcat started on port 8082 (http) with context path ''
2026-06-24 10:11:26 [main] INFO  o.s.c.n.e.s.EurekaAutoServiceRegistration - Updating port to 8082
2026-06-24 10:11:26 [DiscoveryClient-InstanceInfoReplicator-0] INFO  c.netflix.discovery.DiscoveryClient - DiscoveryClient_RESTAURANT-SERVICE/restaurant-service:914a86893b43e77fdcea31452ec29a9d - registration status: 204
2026-06-24 10:11:26 [main] INFO  o.s.a.r.c.CachingConnectionFactory - Attempting to connect to: [localhost:5672]
2026-06-24 10:11:26 [main] INFO  o.s.a.r.c.CachingConnectionFactory - Created new connection: rabbitConnectionFactory#30f454f4:0/SimpleConnection@19b6eefb [delegate=amqp://guest@127.0.0.1:5672/, localPort=49947]
2026-06-24 10:11:26 [main] INFO  o.s.amqp.rabbit.core.RabbitAdmin - Auto-declaring a non-durable or auto-delete Exchange (order.exchange) durable:false, auto-delete:false. It will be deleted by the broker if it shuts down, and can be redeclared by closing and reopening the connection.
2026-06-24 10:11:26 [main] INFO  o.s.amqp.rabbit.core.RabbitAdmin - Auto-declaring a non-durable or auto-delete Exchange (payment.exchange) durable:false, auto-delete:false. It will be deleted by the broker if it shuts down, and can be redeclared by closing and reopening the connection.
2026-06-24 10:11:26 [main] INFO  o.s.amqp.rabbit.core.RabbitAdmin - Auto-declaring a non-durable or auto-delete Exchange (restaurant.exchange) durable:false, auto-delete:false. It will be deleted by the broker if it shuts down, and can be redeclared by closing and reopening the connection.
2026-06-24 10:11:26 [main] INFO  o.s.amqp.rabbit.core.RabbitAdmin - Auto-declaring a non-durable or auto-delete Exchange (notification.exchange) durable:false, auto-delete:false. It will be deleted by the broker if it shuts down, and can be redeclared by closing and reopening the connection.
2026-06-24 10:11:26 [main] INFO  o.s.amqp.rabbit.core.RabbitAdmin - Auto-declaring a non-durable or auto-delete Exchange (dlx.exchange) durable:false, auto-delete:false. It will be deleted by the broker if it shuts down, and can be redeclared by closing and reopening the connection.
2026-06-24 10:11:26 [main] INFO  o.s.amqp.rabbit.core.RabbitAdmin - Auto-declaring a non-durable, auto-delete, or exclusive Queue (order.created.queue) durable:false, auto-delete:false, exclusive:false. It will be redeclared if the broker stops and is restarted while the connection factory is alive, but all messages will be lost.
2026-06-24 10:11:26 [main] INFO  o.s.amqp.rabbit.core.RabbitAdmin - Auto-declaring a non-durable, auto-delete, or exclusive Queue (order.confirmed.queue) durable:false, auto-delete:false, exclusive:false. It will be redeclared if the broker stops and is restarted while the connection factory is alive, but all messages will be lost.
2026-06-24 10:11:26 [main] INFO  o.s.amqp.rabbit.core.RabbitAdmin - Auto-declaring a non-durable, auto-delete, or exclusive Queue (order.cancelled.queue) durable:false, auto-delete:false, exclusive:false. It will be redeclared if the broker stops and is restarted while the connection factory is alive, but all messages will be lost.
2026-06-24 10:11:26 [main] INFO  o.s.amqp.rabbit.core.RabbitAdmin - Auto-declaring a non-durable, auto-delete, or exclusive Queue (payment.success.queue) durable:false, auto-delete:false, exclusive:false. It will be redeclared if the broker stops and is restarted while the connection factory is alive, but all messages will be lost.
2026-06-24 10:11:26 [main] INFO  o.s.amqp.rabbit.core.RabbitAdmin - Auto-declaring a non-durable, auto-delete, or exclusive Queue (payment.failed.queue) durable:false, auto-delete:false, exclusive:false. It will be redeclared if the broker stops and is restarted while the connection factory is alive, but all messages will be lost.
2026-06-24 10:11:26 [main] INFO  o.s.amqp.rabbit.core.RabbitAdmin - Auto-declaring a non-durable, auto-delete, or exclusive Queue (restaurant.accepted.queue) durable:false, auto-delete:false, exclusive:false. It will be redeclared if the broker stops and is restarted while the connection factory is alive, but all messages will be lost.
2026-06-24 10:11:26 [main] INFO  o.s.amqp.rabbit.core.RabbitAdmin - Auto-declaring a non-durable, auto-delete, or exclusive Queue (restaurant.rejected.queue) durable:false, auto-delete:false, exclusive:false. It will be redeclared if the broker stops and is restarted while the connection factory is alive, but all messages will be lost.
2026-06-24 10:11:26 [main] INFO  c.f.r.RestaurantServiceApplication - Started RestaurantServiceApplication in 26.456 seconds (process running for 27.576)
2026-06-24 10:11:36 [http-nio-8082-exec-1] INFO  o.a.c.c.C.[Tomcat].[localhost].[/] - Initializing Spring DispatcherServlet 'dispatcherServlet'
2026-06-24 10:11:36 [http-nio-8082-exec-1] INFO  o.s.web.servlet.DispatcherServlet - Initializing Servlet 'dispatcherServlet'
2026-06-24 10:11:36 [http-nio-8082-exec-1] INFO  o.s.web.servlet.DispatcherServlet - Completed initialization in 3 ms
2026-06-24 10:11:36 [http-nio-8082-exec-1] WARN  o.s.w.s.h.HandlerMappingIntrospector - Cache miss for REQUEST dispatch to '/actuator/prometheus' (previous null). Performing MatchableHandlerMapping lookup. This is logged once only at WARN level, and every time at TRACE.
2026-06-24 10:16:25 [AsyncResolver-bootstrap-executor-0] INFO  c.n.d.s.r.aws.ConfigClusterResolver - Resolving eureka endpoints via configuration
2026-06-24 10:18:25 [main] INFO  c.f.r.c.MenuItemControllerTest - Starting MenuItemControllerTest using Java 17.0.18 with PID 23856 (started by avilakad in C:\Users\avilakad\OneDrive - Publicis Groupe\Documents\Food-Delivery-main\restaurant-service)
2026-06-24 10:18:25 [main] DEBUG c.f.r.c.MenuItemControllerTest - Running with Spring Boot v3.2.0, Spring v6.1.1
2026-06-24 10:18:25 [main] INFO  c.f.r.c.MenuItemControllerTest - No active profile set, falling back to 1 default profile: "default"
2026-06-24 10:18:25 [main] INFO  o.s.c.c.c.ConfigServerConfigDataLoader - Fetching config from server at : http://localhost:8888
2026-06-24 10:18:25 [main] INFO  o.s.c.c.c.ConfigServerConfigDataLoader - Located environment: name=restaurant-service, profiles=[default], label=null, version=2bd0a43ba902012f51ed6133a6824929146aed06, state=null
2026-06-24 10:18:33 [main] WARN  o.s.b.a.s.s.UserDetailsServiceAutoConfiguration - 

Using generated security password: 8d242e34-5020-408b-94d0-b5996fbc82cd

This generated password is for development use only. Your security configuration must be updated before running your application in production.

2026-06-24 10:18:33 [main] INFO  o.s.s.web.DefaultSecurityFilterChain - Will secure any request with [org.springframework.security.web.session.DisableEncodeUrlFilter@7ae57c9, org.springframework.security.web.context.request.async.WebAsyncManagerIntegrationFilter@7008055, org.springframework.security.web.context.SecurityContextHolderFilter@4baa82c, org.springframework.security.web.header.HeaderWriterFilter@2222aa18, org.springframework.web.filter.CorsFilter@201a976f, org.springframework.security.web.csrf.CsrfFilter@6ed3fecb, org.springframework.security.web.authentication.logout.LogoutFilter@25b33665, org.springframework.security.web.authentication.UsernamePasswordAuthenticationFilter@52b3a9c6, org.springframework.security.web.authentication.ui.DefaultLoginPageGeneratingFilter@49253d1f, org.springframework.security.web.authentication.ui.DefaultLogoutPageGeneratingFilter@66ba2c88, org.springframework.security.web.authentication.www.BasicAuthenticationFilter@726aaaf0, org.springframework.security.web.savedrequest.RequestCacheAwareFilter@6aaa7944, org.springframework.security.web.servletapi.SecurityContextHolderAwareRequestFilter@615dbdd0, org.springframework.security.web.authentication.AnonymousAuthenticationFilter@13df2f89, org.springframework.security.web.access.ExceptionTranslationFilter@5f936aad, org.springframework.security.web.access.intercept.AuthorizationFilter@5254304d]
2026-06-24 10:18:34 [main] INFO  o.s.b.t.m.w.SpringBootMockServletContext - Initializing Spring TestDispatcherServlet ''
2026-06-24 10:18:34 [main] INFO  o.s.t.w.s.TestDispatcherServlet - Initializing Servlet ''
2026-06-24 10:18:34 [main] INFO  o.s.t.w.s.TestDispatcherServlet - Completed initialization in 5 ms
2026-06-24 10:18:34 [main] INFO  c.f.r.c.MenuItemControllerTest - Started MenuItemControllerTest in 13.273 seconds (process running for 17.573)
2026-06-24 10:18:35 [main] INFO  o.s.t.c.s.AnnotationConfigContextLoaderUtils - Could not detect default configuration classes for test class [com.fooddelivery.restaurant.controller.RestaurantControllerTest]: RestaurantControllerTest does not declare any static, non-private, non-final, nested classes annotated with @Configuration.
2026-06-24 10:18:35 [main] INFO  o.s.b.t.c.SpringBootTestContextBootstrapper - Found @SpringBootConfiguration com.fooddelivery.restaurant.RestaurantServiceApplication for test class com.fooddelivery.restaurant.controller.RestaurantControllerTest
2026-06-24 10:18:38 [main] INFO  c.f.r.c.RestaurantControllerTest - Starting RestaurantControllerTest using Java 17.0.18 with PID 23856 (started by avilakad in C:\Users\avilakad\OneDrive - Publicis Groupe\Documents\Food-Delivery-main\restaurant-service)
2026-06-24 10:18:38 [main] DEBUG c.f.r.c.RestaurantControllerTest - Running with Spring Boot v3.2.0, Spring v6.1.1
2026-06-24 10:18:38 [main] INFO  c.f.r.c.RestaurantControllerTest - No active profile set, falling back to 1 default profile: "default"
2026-06-24 10:18:38 [main] INFO  o.s.c.c.c.ConfigServerConfigDataLoader - Fetching config from server at : http://localhost:8888
2026-06-24 10:18:38 [main] INFO  o.s.c.c.c.ConfigServerConfigDataLoader - Located environment: name=restaurant-service, profiles=[default], label=null, version=2bd0a43ba902012f51ed6133a6824929146aed06, state=null
2026-06-24 10:18:40 [main] WARN  o.s.b.a.s.s.UserDetailsServiceAutoConfiguration - 

Using generated security password: d0645df2-ccbc-4ffd-be0a-81ad7ef21817

This generated password is for development use only. Your security configuration must be updated before running your application in production.

2026-06-24 10:18:40 [main] INFO  o.s.s.web.DefaultSecurityFilterChain - Will secure any request with [org.springframework.security.web.session.DisableEncodeUrlFilter@6b308b7c, org.springframework.security.web.context.request.async.WebAsyncManagerIntegrationFilter@a2ee97c, org.springframework.security.web.context.SecurityContextHolderFilter@59362a47, org.springframework.security.web.header.HeaderWriterFilter@21ec5672, org.springframework.web.filter.CorsFilter@78a3a68b, org.springframework.security.web.csrf.CsrfFilter@80b741, org.springframework.security.web.authentication.logout.LogoutFilter@1e2ea153, org.springframework.security.web.authentication.UsernamePasswordAuthenticationFilter@4fb7a903, org.springframework.security.web.authentication.ui.DefaultLoginPageGeneratingFilter@671e3bd4, org.springframework.security.web.authentication.ui.DefaultLogoutPageGeneratingFilter@209a490a, org.springframework.security.web.authentication.www.BasicAuthenticationFilter@35eda194, org.springframework.security.web.savedrequest.RequestCacheAwareFilter@5c09b49f, org.springframework.security.web.servletapi.SecurityContextHolderAwareRequestFilter@2482b6f0, org.springframework.security.web.authentication.AnonymousAuthenticationFilter@4f9e5d0e, org.springframework.security.web.access.ExceptionTranslationFilter@66a3ca04, org.springframework.security.web.access.intercept.AuthorizationFilter@2478b0e6]
2026-06-24 10:18:40 [main] INFO  o.s.b.t.m.w.SpringBootMockServletContext - Initializing Spring TestDispatcherServlet ''
2026-06-24 10:18:40 [main] INFO  o.s.t.w.s.TestDispatcherServlet - Initializing Servlet ''
2026-06-24 10:18:40 [main] INFO  o.s.t.w.s.TestDispatcherServlet - Completed initialization in 1 ms
2026-06-24 10:18:40 [main] INFO  c.f.r.c.RestaurantControllerTest - Started RestaurantControllerTest in 4.444 seconds (process running for 23.888)
2026-06-24 10:18:40 [main] INFO  o.s.t.c.s.AnnotationConfigContextLoaderUtils - Could not detect default configuration classes for test class [com.fooddelivery.restaurant.controller.RestaurantMenuControllerTest]: RestaurantMenuControllerTest does not declare any static, non-private, non-final, nested classes annotated with @Configuration.
2026-06-24 10:18:40 [main] INFO  o.s.b.t.c.SpringBootTestContextBootstrapper - Found @SpringBootConfiguration com.fooddelivery.restaurant.RestaurantServiceApplication for test class com.fooddelivery.restaurant.controller.RestaurantMenuControllerTest
2026-06-24 10:18:42 [main] INFO  c.f.r.c.RestaurantMenuControllerTest - Starting RestaurantMenuControllerTest using Java 17.0.18 with PID 23856 (started by avilakad in C:\Users\avilakad\OneDrive - Publicis Groupe\Documents\Food-Delivery-main\restaurant-service)
2026-06-24 10:18:42 [main] DEBUG c.f.r.c.RestaurantMenuControllerTest - Running with Spring Boot v3.2.0, Spring v6.1.1
2026-06-24 10:18:42 [main] INFO  c.f.r.c.RestaurantMenuControllerTest - No active profile set, falling back to 1 default profile: "default"
2026-06-24 10:18:42 [main] INFO  o.s.c.c.c.ConfigServerConfigDataLoader - Fetching config from server at : http://localhost:8888
2026-06-24 10:18:42 [main] INFO  o.s.c.c.c.ConfigServerConfigDataLoader - Located environment: name=restaurant-service, profiles=[default], label=null, version=2bd0a43ba902012f51ed6133a6824929146aed06, state=null
2026-06-24 10:18:42 [main] WARN  o.s.b.a.s.s.UserDetailsServiceAutoConfiguration - 

Using generated security password: a68e8d57-350c-4de9-bdd3-9536513f5a4f

This generated password is for development use only. Your security configuration must be updated before running your application in production.

2026-06-24 10:18:42 [main] INFO  o.s.s.web.DefaultSecurityFilterChain - Will secure any request with [org.springframework.security.web.session.DisableEncodeUrlFilter@6b89dfac, org.springframework.security.web.context.request.async.WebAsyncManagerIntegrationFilter@17287617, org.springframework.security.web.context.SecurityContextHolderFilter@2665ba0d, org.springframework.security.web.header.HeaderWriterFilter@597ca350, org.springframework.web.filter.CorsFilter@5589b8ed, org.springframework.security.web.csrf.CsrfFilter@9f1f42c, org.springframework.security.web.authentication.logout.LogoutFilter@389a070e, org.springframework.security.web.authentication.UsernamePasswordAuthenticationFilter@379ebfa0, org.springframework.security.web.authentication.ui.DefaultLoginPageGeneratingFilter@87f336d, org.springframework.security.web.authentication.ui.DefaultLogoutPageGeneratingFilter@44c639d4, org.springframework.security.web.authentication.www.BasicAuthenticationFilter@30b43d5d, org.springframework.security.web.savedrequest.RequestCacheAwareFilter@20337a79, org.springframework.security.web.servletapi.SecurityContextHolderAwareRequestFilter@3425709a, org.springframework.security.web.authentication.AnonymousAuthenticationFilter@6197fa5f, org.springframework.security.web.access.ExceptionTranslationFilter@3e2544e9, org.springframework.security.web.access.intercept.AuthorizationFilter@5f546133]
2026-06-24 10:18:42 [main] INFO  o.s.b.t.m.w.SpringBootMockServletContext - Initializing Spring TestDispatcherServlet ''
2026-06-24 10:18:42 [main] INFO  o.s.t.w.s.TestDispatcherServlet - Initializing Servlet ''
2026-06-24 10:18:42 [main] INFO  o.s.t.w.s.TestDispatcherServlet - Completed initialization in 2 ms
2026-06-24 10:18:43 [main] INFO  c.f.r.c.RestaurantMenuControllerTest - Started RestaurantMenuControllerTest in 2.076 seconds (process running for 26.437)
2026-06-24 10:18:44 [main] WARN  c.f.r.e.GlobalExceptionHandler - Duplicate record error: Restaurant already exists
2026-06-24 10:18:44 [main] WARN  c.f.r.e.GlobalExceptionHandler - JSON parsing error for PATCH request to /api/restaurants/1: JSON parse error
2026-06-24 10:18:44 [main] WARN  c.f.r.e.GlobalExceptionHandler - Duplicate record error: duplicate entry found
2026-06-24 10:18:44 [main] DEBUG c.f.r.e.GlobalExceptionHandler - Skipping JSON parsing error for actuator endpoint: /actuator
2026-06-24 10:18:44 [main] WARN  c.f.r.e.GlobalExceptionHandler - JSON parsing error for POST request to /api/restaurants: JSON parse error
2026-06-24 10:18:44 [main] WARN  c.f.r.e.GlobalExceptionHandler - JSON parsing error for POST request to null: JSON parse error
2026-06-24 10:18:44 [main] DEBUG c.f.r.e.GlobalExceptionHandler - Skipping JSON parsing error for DELETE request to /api/restaurants/1
2026-06-24 10:18:44 [main] WARN  c.f.r.e.GlobalExceptionHandler - Duplicate record error: unique constraint violation
2026-06-24 10:18:44 [main] DEBUG c.f.r.e.GlobalExceptionHandler - Skipping JSON parsing error for OPTIONS request to /api/restaurants
2026-06-24 10:18:44 [main] DEBUG c.f.r.e.GlobalExceptionHandler - Skipping JSON parsing error for HEAD request to /api/restaurants
2026-06-24 10:18:44 [main] DEBUG c.f.r.e.GlobalExceptionHandler - Skipping JSON parsing error for actuator endpoint: /api/actuator/health
2026-06-24 10:18:44 [main] DEBUG c.f.r.e.GlobalExceptionHandler - Skipping JSON parsing error for GET request to /api/restaurants
2026-06-24 10:18:44 [main] WARN  c.f.r.e.GlobalExceptionHandler - JSON parsing error for PUT request to /api/restaurants/1: JSON parse error
2026-06-24 10:18:44 [main] WARN  c.f.r.e.GlobalExceptionHandler - Data integrity violation on /api/restaurants: Unique constraint violation
2026-06-24 10:18:44 [main] DEBUG c.f.r.e.GlobalExceptionHandler - Letting Spring handle HttpMessageNotReadableException for TRACE request to /api/restaurants
2026-06-24 10:18:44 [main] INFO  o.s.t.c.s.AnnotationConfigContextLoaderUtils - Could not detect default configuration classes for test class [com.fooddelivery.restaurant.RestaurantServiceApplicationTest]: RestaurantServiceApplicationTest does not declare any static, non-private, non-final, nested classes annotated with @Configuration.
2026-06-24 10:18:44 [main] INFO  o.s.b.t.c.SpringBootTestContextBootstrapper - Found @SpringBootConfiguration com.fooddelivery.restaurant.RestaurantServiceApplication for test class com.fooddelivery.restaurant.RestaurantServiceApplicationTest
2026-06-24 10:18:46 [main] INFO  c.f.r.RestaurantServiceApplicationTest - Starting RestaurantServiceApplicationTest using Java 17.0.18 with PID 23856 (started by avilakad in C:\Users\avilakad\OneDrive - Publicis Groupe\Documents\Food-Delivery-main\restaurant-service)
2026-06-24 10:18:46 [main] DEBUG c.f.r.RestaurantServiceApplicationTest - Running with Spring Boot v3.2.0, Spring v6.1.1
2026-06-24 10:18:46 [main] INFO  c.f.r.RestaurantServiceApplicationTest - The following 1 profile is active: "test"
2026-06-24 10:18:46 [main] INFO  o.s.c.c.c.ConfigServerConfigDataLoader - Fetching config from server at : http://localhost:8888
2026-06-24 10:18:46 [main] INFO  o.s.c.c.c.ConfigServerConfigDataLoader - Located environment: name=restaurant-service, profiles=[default], label=null, version=2bd0a43ba902012f51ed6133a6824929146aed06, state=null
2026-06-24 10:18:46 [main] INFO  o.s.c.c.c.ConfigServerConfigDataLoader - Fetching config from server at : http://localhost:8888
2026-06-24 10:18:46 [main] INFO  o.s.c.c.c.ConfigServerConfigDataLoader - Located environment: name=restaurant-service, profiles=[test], label=null, version=2bd0a43ba902012f51ed6133a6824929146aed06, state=null
2026-06-24 10:18:46 [main] DEBUG o.s.w.c.s.GenericWebApplicationContext - Refreshing org.springframework.web.context.support.GenericWebApplicationContext@235bf36f
2026-06-24 10:18:48 [SpringApplicationShutdownHook] INFO  o.s.c.n.e.s.EurekaServiceRegistry - Unregistering application RESTAURANT-SERVICE with eureka with status DOWN
2026-06-24 10:18:48 [SpringApplicationShutdownHook] INFO  c.netflix.discovery.DiscoveryClient - Saw local status change event StatusChangeEvent [timestamp=1782276528162, current=DOWN, previous=UP]
2026-06-24 10:18:48 [DiscoveryClient-InstanceInfoReplicator-0] INFO  c.netflix.discovery.DiscoveryClient - DiscoveryClient_RESTAURANT-SERVICE/restaurant-service:914a86893b43e77fdcea31452ec29a9d: registering service...
2026-06-24 10:18:48 [DiscoveryClient-InstanceInfoReplicator-0] INFO  c.netflix.discovery.DiscoveryClient - DiscoveryClient_RESTAURANT-SERVICE/restaurant-service:914a86893b43e77fdcea31452ec29a9d - registration status: 204
2026-06-24 10:18:48 [org.springframework.amqp.rabbit.RabbitListenerEndpointContainer#0-2] INFO  o.s.a.r.l.SimpleMessageListenerContainer - Waiting for workers to finish.
2026-06-24 10:18:48 [main] INFO  o.s.d.r.c.RepositoryConfigurationDelegate - Bootstrapping Spring Data JPA repositories in DEFAULT mode.
2026-06-24 10:18:48 [main] INFO  o.s.d.r.c.RepositoryConfigurationDelegate - Finished Spring Data repository scanning in 171 ms. Found 2 JPA repository interfaces.
2026-06-24 10:18:48 [org.springframework.amqp.rabbit.RabbitListenerEndpointContainer#0-2] INFO  o.s.a.r.l.SimpleMessageListenerContainer - Successfully waited for workers to finish.
2026-06-24 10:18:48 [SpringApplicationShutdownHook] INFO  o.s.o.j.LocalContainerEntityManagerFactoryBean - Closing JPA EntityManagerFactory for persistence unit 'default'
2026-06-24 10:18:48 [SpringApplicationShutdownHook] INFO  com.zaxxer.hikari.HikariDataSource - RestaurantServiceHikariPool - Shutdown initiated...
2026-06-24 10:18:48 [SpringApplicationShutdownHook] INFO  com.zaxxer.hikari.HikariDataSource - RestaurantServiceHikariPool - Shutdown completed.
2026-06-24 10:18:48 [main] INFO  o.s.cloud.context.scope.GenericScope - BeanFactory id=26aa103d-6b78-3d95-a6a0-dedce2349a0c
2026-06-24 10:18:49 [SpringApplicationShutdownHook] INFO  c.netflix.discovery.DiscoveryClient - Shutting down DiscoveryClient ...
2026-06-24 10:18:49 [main] WARN  o.s.c.s.PostProcessorRegistrationDelegate$BeanPostProcessorChecker - Bean 'org.springframework.cloud.client.loadbalancer.LoadBalancerAutoConfiguration$RetryInterceptorAutoConfiguration' of type [org.springframework.cloud.client.loadbalancer.LoadBalancerAutoConfiguration$RetryInterceptorAutoConfiguration] is not eligible for getting processed by all BeanPostProcessors (for example: not eligible for auto-proxying). The currently created BeanPostProcessor [lbRestClientPostProcessor] is declared through a non-static factory method on that class; consider declaring it as static instead.
2026-06-24 10:18:49 [main] WARN  o.s.c.s.PostProcessorRegistrationDelegate$BeanPostProcessorChecker - Bean 'org.springframework.cloud.loadbalancer.config.BlockingLoadBalancerClientAutoConfiguration' of type [org.springframework.cloud.loadbalancer.config.BlockingLoadBalancerClientAutoConfiguration] is not eligible for getting processed by all BeanPostProcessors (for example: not eligible for auto-proxying). Is this bean getting eagerly injected into a currently created BeanPostProcessor [lbRestClientPostProcessor]? Check the corresponding BeanPostProcessor declaration and its dependencies.
2026-06-24 10:18:49 [main] WARN  o.s.c.s.PostProcessorRegistrationDelegate$BeanPostProcessorChecker - Bean 'org.springframework.cloud.loadbalancer.config.LoadBalancerAutoConfiguration' of type [org.springframework.cloud.loadbalancer.config.LoadBalancerAutoConfiguration] is not eligible for getting processed by all BeanPostProcessors (for example: not eligible for auto-proxying). Is this bean getting eagerly injected into a currently created BeanPostProcessor [lbRestClientPostProcessor]? Check the corresponding BeanPostProcessor declaration and its dependencies.
2026-06-24 10:18:49 [main] WARN  o.s.c.s.PostProcessorRegistrationDelegate$BeanPostProcessorChecker - Bean 'org.springframework.cloud.commons.config.CommonsConfigAutoConfiguration' of type [org.springframework.cloud.commons.config.CommonsConfigAutoConfiguration] is not eligible for getting processed by all BeanPostProcessors (for example: not eligible for auto-proxying). Is this bean getting eagerly injected into a currently created BeanPostProcessor [lbRestClientPostProcessor]? Check the corresponding BeanPostProcessor declaration and its dependencies.
2026-06-24 10:18:49 [main] WARN  o.s.c.s.PostProcessorRegistrationDelegate$BeanPostProcessorChecker - Bean 'org.springframework.cloud.client.loadbalancer.LoadBalancerDefaultMappingsProviderAutoConfiguration' of type [org.springframework.cloud.client.loadbalancer.LoadBalancerDefaultMappingsProviderAutoConfiguration] is not eligible for getting processed by all BeanPostProcessors (for example: not eligible for auto-proxying). Is this bean getting eagerly injected into a currently created BeanPostProcessor [lbRestClientPostProcessor]? Check the corresponding BeanPostProcessor declaration and its dependencies.
2026-06-24 10:18:49 [main] WARN  o.s.c.s.PostProcessorRegistrationDelegate$BeanPostProcessorChecker - Bean 'loadBalancerClientsDefaultsMappingsProvider' of type [org.springframework.cloud.client.loadbalancer.LoadBalancerDefaultMappingsProviderAutoConfiguration$$Lambda$1439/0x000001b701873fc8] is not eligible for getting processed by all BeanPostProcessors (for example: not eligible for auto-proxying). Is this bean getting eagerly injected into a currently created BeanPostProcessor [lbRestClientPostProcessor]? Check the corresponding BeanPostProcessor declaration and its dependencies.
2026-06-24 10:18:49 [main] WARN  o.s.c.s.PostProcessorRegistrationDelegate$BeanPostProcessorChecker - Bean 'defaultsBindHandlerAdvisor' of type [org.springframework.cloud.commons.config.DefaultsBindHandlerAdvisor] is not eligible for getting processed by all BeanPostProcessors (for example: not eligible for auto-proxying). Is this bean getting eagerly injected into a currently created BeanPostProcessor [lbRestClientPostProcessor]? Check the corresponding BeanPostProcessor declaration and its dependencies.
2026-06-24 10:18:49 [main] WARN  o.s.c.s.PostProcessorRegistrationDelegate$BeanPostProcessorChecker - Bean 'spring.cloud.loadbalancer-org.springframework.cloud.client.loadbalancer.LoadBalancerClientsProperties' of type [org.springframework.cloud.client.loadbalancer.LoadBalancerClientsProperties] is not eligible for getting processed by all BeanPostProcessors (for example: not eligible for auto-proxying). Is this bean getting eagerly injected into a currently created BeanPostProcessor [lbRestClientPostProcessor]? Check the corresponding BeanPostProcessor declaration and its dependencies.
2026-06-24 10:18:50 [main] WARN  o.s.c.s.PostProcessorRegistrationDelegate$BeanPostProcessorChecker - Bean 'default.org.springframework.cloud.loadbalancer.config.LoadBalancerAutoConfiguration.LoadBalancerClientSpecification' of type [org.springframework.cloud.loadbalancer.annotation.LoadBalancerClientSpecification] is not eligible for getting processed by all BeanPostProcessors (for example: not eligible for auto-proxying). Is this bean getting eagerly injected into a currently created BeanPostProcessor [lbRestClientPostProcessor]? Check the corresponding BeanPostProcessor declaration and its dependencies.
2026-06-24 10:18:50 [main] WARN  o.s.c.s.PostProcessorRegistrationDelegate$BeanPostProcessorChecker - Bean 'default.org.springframework.cloud.loadbalancer.config.BlockingLoadBalancerClientAutoConfiguration.LoadBalancerClientSpecification' of type [org.springframework.cloud.loadbalancer.annotation.LoadBalancerClientSpecification] is not eligible for getting processed by all BeanPostProcessors (for example: not eligible for auto-proxying). Is this bean getting eagerly injected into a currently created BeanPostProcessor [lbRestClientPostProcessor]? Check the corresponding BeanPostProcessor declaration and its dependencies.
2026-06-24 10:18:50 [main] WARN  o.s.c.s.PostProcessorRegistrationDelegate$BeanPostProcessorChecker - Bean 'loadBalancerClientFactory' of type [org.springframework.cloud.loadbalancer.support.LoadBalancerClientFactory] is not eligible for getting processed by all BeanPostProcessors (for example: not eligible for auto-proxying). Is this bean getting eagerly injected into a currently created BeanPostProcessor [lbRestClientPostProcessor]? Check the corresponding BeanPostProcessor declaration and its dependencies.
2026-06-24 10:18:50 [main] WARN  o.s.c.s.PostProcessorRegistrationDelegate$BeanPostProcessorChecker - Bean 'blockingLoadBalancerClient' of type [org.springframework.cloud.loadbalancer.blocking.client.BlockingLoadBalancerClient] is not eligible for getting processed by all BeanPostProcessors (for example: not eligible for auto-proxying). Is this bean getting eagerly injected into a currently created BeanPostProcessor [lbRestClientPostProcessor]? Check the corresponding BeanPostProcessor declaration and its dependencies.
2026-06-24 10:18:50 [main] WARN  o.s.c.s.PostProcessorRegistrationDelegate$BeanPostProcessorChecker - Bean 'loadBalancerServiceInstanceCookieTransformer' of type [org.springframework.cloud.loadbalancer.core.LoadBalancerServiceInstanceCookieTransformer] is not eligible for getting processed by all BeanPostProcessors (for example: not eligible for auto-proxying). Is this bean getting eagerly injected into a currently created BeanPostProcessor [lbRestClientPostProcessor]? Check the corresponding BeanPostProcessor declaration and its dependencies.
2026-06-24 10:18:50 [main] WARN  o.s.c.s.PostProcessorRegistrationDelegate$BeanPostProcessorChecker - Bean 'xForwarderHeadersTransformer' of type [org.springframework.cloud.loadbalancer.blocking.XForwardedHeadersTransformer] is not eligible for getting processed by all BeanPostProcessors (for example: not eligible for auto-proxying). Is this bean getting eagerly injected into a currently created BeanPostProcessor [lbRestClientPostProcessor]? Check the corresponding BeanPostProcessor declaration and its dependencies.
2026-06-24 10:18:50 [main] WARN  o.s.c.s.PostProcessorRegistrationDelegate$BeanPostProcessorChecker - Bean 'org.springframework.cloud.client.loadbalancer.LoadBalancerAutoConfiguration' of type [org.springframework.cloud.client.loadbalancer.LoadBalancerAutoConfiguration] is not eligible for getting processed by all BeanPostProcessors (for example: not eligible for auto-proxying). Is this bean getting eagerly injected into a currently created BeanPostProcessor [lbRestClientPostProcessor]? Check the corresponding BeanPostProcessor declaration and its dependencies.
2026-06-24 10:18:50 [main] WARN  o.s.c.s.PostProcessorRegistrationDelegate$BeanPostProcessorChecker - Bean 'loadBalancerRequestFactory' of type [org.springframework.cloud.client.loadbalancer.LoadBalancerRequestFactory] is not eligible for getting processed by all BeanPostProcessors (for example: not eligible for auto-proxying). Is this bean getting eagerly injected into a currently created BeanPostProcessor [lbRestClientPostProcessor]? Check the corresponding BeanPostProcessor declaration and its dependencies.
2026-06-24 10:18:50 [main] WARN  o.s.c.s.PostProcessorRegistrationDelegate$BeanPostProcessorChecker - Bean 'org.springframework.cloud.loadbalancer.config.BlockingLoadBalancerClientAutoConfiguration$BlockingLoadBalancerRetryConfig' of type [org.springframework.cloud.loadbalancer.config.BlockingLoadBalancerClientAutoConfiguration$BlockingLoadBalancerRetryConfig$$SpringCGLIB$$0] is not eligible for getting processed by all BeanPostProcessors (for example: not eligible for auto-proxying). Is this bean getting eagerly injected into a currently created BeanPostProcessor [lbRestClientPostProcessor]? Check the corresponding BeanPostProcessor declaration and its dependencies.
2026-06-24 10:18:50 [main] WARN  o.s.c.s.PostProcessorRegistrationDelegate$BeanPostProcessorChecker - Bean 'loadBalancedRetryFactory' of type [org.springframework.cloud.loadbalancer.blocking.retry.BlockingLoadBalancedRetryFactory] is not eligible for getting processed by all BeanPostProcessors (for example: not eligible for auto-proxying). Is this bean getting eagerly injected into a currently created BeanPostProcessor [lbRestClientPostProcessor]? Check the corresponding BeanPostProcessor declaration and its dependencies.
2026-06-24 10:18:50 [main] WARN  o.s.c.s.PostProcessorRegistrationDelegate$BeanPostProcessorChecker - Bean 'loadBalancerInterceptor' of type [org.springframework.cloud.client.loadbalancer.RetryLoadBalancerInterceptor] is not eligible for getting processed by all BeanPostProcessors (for example: not eligible for auto-proxying). Is this bean getting eagerly injected into a currently created BeanPostProcessor [lbRestClientPostProcessor]? Check the corresponding BeanPostProcessor declaration and its dependencies.
2026-06-24 10:18:50 [main] INFO  o.h.jpa.internal.util.LogHelper - HHH000204: Processing PersistenceUnitInfo [name: default]
2026-06-24 10:18:50 [main] INFO  org.hibernate.Version - HHH000412: Hibernate ORM core version 6.3.1.Final
2026-06-24 10:18:50 [main] INFO  o.h.c.i.RegionFactoryInitiator - HHH000026: Second-level cache disabled
2026-06-24 10:18:51 [main] INFO  o.s.o.j.p.SpringPersistenceUnitInfo - No LoadTimeWeaver setup: ignoring JPA class transformer
2026-06-24 10:18:51 [main] INFO  com.zaxxer.hikari.HikariDataSource - RestaurantServiceHikariPool - Starting...
2026-06-24 10:18:51 [main] INFO  com.zaxxer.hikari.pool.HikariPool - RestaurantServiceHikariPool - Added connection conn0: url=jdbc:h2:mem:testdb user=SA
2026-06-24 10:18:51 [main] INFO  com.zaxxer.hikari.HikariDataSource - RestaurantServiceHikariPool - Start completed.
2026-06-24 10:18:51 [main] WARN  org.hibernate.orm.deprecation - HHH90000025: H2Dialect does not need to be specified explicitly using 'hibernate.dialect' (remove the property setting and it will be selected by default)
2026-06-24 10:18:52 [SpringApplicationShutdownHook] INFO  c.netflix.discovery.DiscoveryClient - Unregistering ...
2026-06-24 10:18:52 [SpringApplicationShutdownHook] INFO  c.netflix.discovery.DiscoveryClient - DiscoveryClient_RESTAURANT-SERVICE/restaurant-service:914a86893b43e77fdcea31452ec29a9d - deregister  status: 200
2026-06-24 10:18:52 [SpringApplicationShutdownHook] INFO  c.netflix.discovery.DiscoveryClient - Completed shut down of DiscoveryClient
2026-06-24 10:18:54 [main] INFO  o.h.e.t.j.p.i.JtaPlatformInitiator - HHH000489: No JTA platform available (set 'hibernate.transaction.jta.platform' to enable JTA platform integration)
2026-06-24 10:18:54 [main] DEBUG org.hibernate.SQL - 
    drop table if exists menu_items cascade 
2026-06-24 10:18:54 [main] DEBUG org.hibernate.SQL - 
    drop table if exists restaurants cascade 
2026-06-24 10:18:54 [main] DEBUG org.hibernate.SQL - 
    create table menu_items (
        is_available boolean,
        price numeric(10,2) not null,
        created_at timestamp(6) not null,
        id bigint generated by default as identity,
        restaurant_id bigint not null,
        updated_at timestamp(6),
        description varchar(255),
        name varchar(255) not null,
        primary key (id)
    )
2026-06-24 10:18:54 [main] DEBUG org.hibernate.SQL - 
    create table restaurants (
        is_active boolean,
        rating numeric(3,2),
        created_at timestamp(6) not null,
        id bigint generated by default as identity,
        updated_at timestamp(6),
        address varchar(255) not null,
        cuisine_type varchar(255) not null,
        name varchar(255) not null,
        phone varchar(255) not null,
        primary key (id)
    )
2026-06-24 10:18:54 [main] DEBUG org.hibernate.SQL - 
    alter table if exists menu_items 
       add constraint FKhaqtoboitpl0n541y0sc753my 
       foreign key (restaurant_id) 
       references restaurants
2026-06-24 10:18:54 [main] INFO  o.s.o.j.LocalContainerEntityManagerFactoryBean - Initialized JPA EntityManagerFactory for persistence unit 'default'
2026-06-24 10:18:55 [main] INFO  o.s.d.j.r.query.QueryEnhancerFactory - Hibernate is in classpath; If applicable, HQL parser will be used.
2026-06-24 10:18:58 [main] WARN  o.s.b.a.s.s.UserDetailsServiceAutoConfiguration - 

Using generated security password: dea8a8bc-1a81-4f09-88cf-543d180ef2aa

This generated password is for development use only. Your security configuration must be updated before running your application in production.

2026-06-24 10:18:58 [main] DEBUG o.s.w.s.m.m.a.RequestMappingHandlerMapping - 22 mappings in 'requestMappingHandlerMapping'
2026-06-24 10:18:59 [main] DEBUG o.s.w.s.c.a.WebMvcConfigurer - Default resource handling disabled
2026-06-24 10:18:59 [main] INFO  o.s.b.a.e.web.EndpointLinksResolver - Exposing 0 endpoint(s) beneath base path '/actuator'
2026-06-24 10:18:59 [main] INFO  o.s.s.web.DefaultSecurityFilterChain - Will secure any request with [org.springframework.security.web.session.DisableEncodeUrlFilter@3891adfa, org.springframework.security.web.context.request.async.WebAsyncManagerIntegrationFilter@4ccba472, org.springframework.security.web.context.SecurityContextHolderFilter@4882bcce, org.springframework.security.web.header.HeaderWriterFilter@538efa32, org.springframework.web.filter.CorsFilter@7fe96b02, org.springframework.security.web.authentication.logout.LogoutFilter@6b7b690a, com.fooddelivery.restaurant.security.JwtAuthenticationFilter@65e34e59, org.springframework.security.web.savedrequest.RequestCacheAwareFilter@15d66300, org.springframework.security.web.servletapi.SecurityContextHolderAwareRequestFilter@7c782c7b, org.springframework.security.web.authentication.AnonymousAuthenticationFilter@4813cdf2, org.springframework.security.web.session.SessionManagementFilter@60471b24, org.springframework.security.web.access.ExceptionTranslationFilter@6e0f11a, org.springframework.security.web.access.intercept.AuthorizationFilter@6c4b1f35]
2026-06-24 10:18:59 [main] DEBUG o.s.w.s.m.m.a.RequestMappingHandlerAdapter - ControllerAdvice beans: 0 @ModelAttribute, 0 @InitBinder, 1 RequestBodyAdvice, 1 ResponseBodyAdvice
2026-06-24 10:18:59 [main] DEBUG o.s.w.s.m.m.a.ExceptionHandlerExceptionResolver - ControllerAdvice beans: 1 @ExceptionHandler, 1 ResponseBodyAdvice
2026-06-24 10:19:01 [main] INFO  o.s.c.n.e.c.DiscoveryClientOptionalArgsConfiguration - Eureka HTTP Client uses RestTemplate.
2026-06-24 10:19:01 [main] WARN  o.s.c.l.c.LoadBalancerCacheAutoConfiguration$LoadBalancerCaffeineWarnLogger - Spring Cloud LoadBalancer is currently working with the default cache. While this cache implementation is useful for development and tests, it's recommended to use Caffeine cache in production.You can switch to using Caffeine cache, by adding it and org.springframework.cache.caffeine.CaffeineCacheManager to the classpath.
2026-06-24 10:19:01 [main] INFO  o.s.a.r.c.CachingConnectionFactory - Attempting to connect to: [localhost:5672]
2026-06-24 10:19:01 [main] INFO  o.s.a.r.c.CachingConnectionFactory - Created new connection: rabbitConnectionFactory#45d504ee:0/SimpleConnection@f3b6f0e [delegate=amqp://guest@127.0.0.1:5672/, localPort=49732]
2026-06-24 10:19:01 [main] INFO  o.s.amqp.rabbit.core.RabbitAdmin - Auto-declaring a non-durable or auto-delete Exchange (order.exchange) durable:false, auto-delete:false. It will be deleted by the broker if it shuts down, and can be redeclared by closing and reopening the connection.
2026-06-24 10:19:01 [main] INFO  o.s.amqp.rabbit.core.RabbitAdmin - Auto-declaring a non-durable or auto-delete Exchange (payment.exchange) durable:false, auto-delete:false. It will be deleted by the broker if it shuts down, and can be redeclared by closing and reopening the connection.
2026-06-24 10:19:01 [main] INFO  o.s.amqp.rabbit.core.RabbitAdmin - Auto-declaring a non-durable or auto-delete Exchange (restaurant.exchange) durable:false, auto-delete:false. It will be deleted by the broker if it shuts down, and can be redeclared by closing and reopening the connection.
2026-06-24 10:19:01 [main] INFO  o.s.amqp.rabbit.core.RabbitAdmin - Auto-declaring a non-durable or auto-delete Exchange (notification.exchange) durable:false, auto-delete:false. It will be deleted by the broker if it shuts down, and can be redeclared by closing and reopening the connection.
2026-06-24 10:19:01 [main] INFO  o.s.amqp.rabbit.core.RabbitAdmin - Auto-declaring a non-durable or auto-delete Exchange (dlx.exchange) durable:false, auto-delete:false. It will be deleted by the broker if it shuts down, and can be redeclared by closing and reopening the connection.
2026-06-24 10:19:01 [main] INFO  o.s.amqp.rabbit.core.RabbitAdmin - Auto-declaring a non-durable, auto-delete, or exclusive Queue (order.created.queue) durable:false, auto-delete:false, exclusive:false. It will be redeclared if the broker stops and is restarted while the connection factory is alive, but all messages will be lost.
2026-06-24 10:19:01 [main] INFO  o.s.amqp.rabbit.core.RabbitAdmin - Auto-declaring a non-durable, auto-delete, or exclusive Queue (order.confirmed.queue) durable:false, auto-delete:false, exclusive:false. It will be redeclared if the broker stops and is restarted while the connection factory is alive, but all messages will be lost.
2026-06-24 10:19:01 [main] INFO  o.s.amqp.rabbit.core.RabbitAdmin - Auto-declaring a non-durable, auto-delete, or exclusive Queue (order.cancelled.queue) durable:false, auto-delete:false, exclusive:false. It will be redeclared if the broker stops and is restarted while the connection factory is alive, but all messages will be lost.
2026-06-24 10:19:01 [main] INFO  o.s.amqp.rabbit.core.RabbitAdmin - Auto-declaring a non-durable, auto-delete, or exclusive Queue (payment.success.queue) durable:false, auto-delete:false, exclusive:false. It will be redeclared if the broker stops and is restarted while the connection factory is alive, but all messages will be lost.
2026-06-24 10:19:01 [main] INFO  o.s.amqp.rabbit.core.RabbitAdmin - Auto-declaring a non-durable, auto-delete, or exclusive Queue (payment.failed.queue) durable:false, auto-delete:false, exclusive:false. It will be redeclared if the broker stops and is restarted while the connection factory is alive, but all messages will be lost.
2026-06-24 10:19:01 [main] INFO  o.s.amqp.rabbit.core.RabbitAdmin - Auto-declaring a non-durable, auto-delete, or exclusive Queue (restaurant.accepted.queue) durable:false, auto-delete:false, exclusive:false. It will be redeclared if the broker stops and is restarted while the connection factory is alive, but all messages will be lost.
2026-06-24 10:19:01 [main] INFO  o.s.amqp.rabbit.core.RabbitAdmin - Auto-declaring a non-durable, auto-delete, or exclusive Queue (restaurant.rejected.queue) durable:false, auto-delete:false, exclusive:false. It will be redeclared if the broker stops and is restarted while the connection factory is alive, but all messages will be lost.
2026-06-24 10:19:01 [main] INFO  c.f.r.RestaurantServiceApplicationTest - Started RestaurantServiceApplicationTest in 17.079 seconds (process running for 45.35)
2026-06-24 10:19:02 [main] INFO  c.f.r.RestaurantServiceApplication - Starting RestaurantServiceApplication using Java 17.0.18 with PID 23856 (started by avilakad in C:\Users\avilakad\OneDrive - Publicis Groupe\Documents\Food-Delivery-main\restaurant-service)
2026-06-24 10:19:02 [main] DEBUG c.f.r.RestaurantServiceApplication - Running with Spring Boot v3.2.0, Spring v6.1.1
2026-06-24 10:19:02 [main] INFO  c.f.r.RestaurantServiceApplication - No active profile set, falling back to 1 default profile: "default"
2026-06-24 10:19:02 [main] INFO  o.s.c.c.c.ConfigServerConfigDataLoader - Fetching config from server at : http://localhost:8888
2026-06-24 10:19:02 [main] INFO  o.s.c.c.c.ConfigServerConfigDataLoader - Located environment: name=restaurant-service, profiles=[default], label=null, version=2bd0a43ba902012f51ed6133a6824929146aed06, state=null
2026-06-24 10:19:03 [main] INFO  o.s.d.r.c.RepositoryConfigurationDelegate - Bootstrapping Spring Data JPA repositories in DEFAULT mode.
2026-06-24 10:19:03 [main] INFO  o.s.d.r.c.RepositoryConfigurationDelegate - Finished Spring Data repository scanning in 34 ms. Found 2 JPA repository interfaces.
2026-06-24 10:19:03 [main] INFO  o.s.cloud.context.scope.GenericScope - BeanFactory id=111e3385-6c5f-3e30-8d3b-a82728f0a7dd
2026-06-24 10:19:03 [main] WARN  o.s.c.s.PostProcessorRegistrationDelegate$BeanPostProcessorChecker - Bean 'org.springframework.cloud.client.loadbalancer.LoadBalancerAutoConfiguration$RetryInterceptorAutoConfiguration' of type [org.springframework.cloud.client.loadbalancer.LoadBalancerAutoConfiguration$RetryInterceptorAutoConfiguration] is not eligible for getting processed by all BeanPostProcessors (for example: not eligible for auto-proxying). The currently created BeanPostProcessor [lbRestClientPostProcessor] is declared through a non-static factory method on that class; consider declaring it as static instead.
2026-06-24 10:19:03 [main] WARN  o.s.c.s.PostProcessorRegistrationDelegate$BeanPostProcessorChecker - Bean 'org.springframework.cloud.loadbalancer.config.BlockingLoadBalancerClientAutoConfiguration' of type [org.springframework.cloud.loadbalancer.config.BlockingLoadBalancerClientAutoConfiguration] is not eligible for getting processed by all BeanPostProcessors (for example: not eligible for auto-proxying). Is this bean getting eagerly injected into a currently created BeanPostProcessor [lbRestClientPostProcessor]? Check the corresponding BeanPostProcessor declaration and its dependencies.
2026-06-24 10:19:03 [main] WARN  o.s.c.s.PostProcessorRegistrationDelegate$BeanPostProcessorChecker - Bean 'org.springframework.cloud.loadbalancer.config.LoadBalancerAutoConfiguration' of type [org.springframework.cloud.loadbalancer.config.LoadBalancerAutoConfiguration] is not eligible for getting processed by all BeanPostProcessors (for example: not eligible for auto-proxying). Is this bean getting eagerly injected into a currently created BeanPostProcessor [lbRestClientPostProcessor]? Check the corresponding BeanPostProcessor declaration and its dependencies.
2026-06-24 10:19:03 [main] WARN  o.s.c.s.PostProcessorRegistrationDelegate$BeanPostProcessorChecker - Bean 'org.springframework.cloud.commons.config.CommonsConfigAutoConfiguration' of type [org.springframework.cloud.commons.config.CommonsConfigAutoConfiguration] is not eligible for getting processed by all BeanPostProcessors (for example: not eligible for auto-proxying). Is this bean getting eagerly injected into a currently created BeanPostProcessor [lbRestClientPostProcessor]? Check the corresponding BeanPostProcessor declaration and its dependencies.
2026-06-24 10:19:03 [main] WARN  o.s.c.s.PostProcessorRegistrationDelegate$BeanPostProcessorChecker - Bean 'org.springframework.cloud.client.loadbalancer.LoadBalancerDefaultMappingsProviderAutoConfiguration' of type [org.springframework.cloud.client.loadbalancer.LoadBalancerDefaultMappingsProviderAutoConfiguration] is not eligible for getting processed by all BeanPostProcessors (for example: not eligible for auto-proxying). Is this bean getting eagerly injected into a currently created BeanPostProcessor [lbRestClientPostProcessor]? Check the corresponding BeanPostProcessor declaration and its dependencies.
2026-06-24 10:19:03 [main] WARN  o.s.c.s.PostProcessorRegistrationDelegate$BeanPostProcessorChecker - Bean 'loadBalancerClientsDefaultsMappingsProvider' of type [org.springframework.cloud.client.loadbalancer.LoadBalancerDefaultMappingsProviderAutoConfiguration$$Lambda$1439/0x000001b701873fc8] is not eligible for getting processed by all BeanPostProcessors (for example: not eligible for auto-proxying). Is this bean getting eagerly injected into a currently created BeanPostProcessor [lbRestClientPostProcessor]? Check the corresponding BeanPostProcessor declaration and its dependencies.
2026-06-24 10:19:03 [main] WARN  o.s.c.s.PostProcessorRegistrationDelegate$BeanPostProcessorChecker - Bean 'defaultsBindHandlerAdvisor' of type [org.springframework.cloud.commons.config.DefaultsBindHandlerAdvisor] is not eligible for getting processed by all BeanPostProcessors (for example: not eligible for auto-proxying). Is this bean getting eagerly injected into a currently created BeanPostProcessor [lbRestClientPostProcessor]? Check the corresponding BeanPostProcessor declaration and its dependencies.
2026-06-24 10:19:03 [main] WARN  o.s.c.s.PostProcessorRegistrationDelegate$BeanPostProcessorChecker - Bean 'spring.cloud.loadbalancer-org.springframework.cloud.client.loadbalancer.LoadBalancerClientsProperties' of type [org.springframework.cloud.client.loadbalancer.LoadBalancerClientsProperties] is not eligible for getting processed by all BeanPostProcessors (for example: not eligible for auto-proxying). Is this bean getting eagerly injected into a currently created BeanPostProcessor [lbRestClientPostProcessor]? Check the corresponding BeanPostProcessor declaration and its dependencies.
2026-06-24 10:19:03 [main] WARN  o.s.c.s.PostProcessorRegistrationDelegate$BeanPostProcessorChecker - Bean 'default.org.springframework.cloud.loadbalancer.config.LoadBalancerAutoConfiguration.LoadBalancerClientSpecification' of type [org.springframework.cloud.loadbalancer.annotation.LoadBalancerClientSpecification] is not eligible for getting processed by all BeanPostProcessors (for example: not eligible for auto-proxying). Is this bean getting eagerly injected into a currently created BeanPostProcessor [lbRestClientPostProcessor]? Check the corresponding BeanPostProcessor declaration and its dependencies.
2026-06-24 10:19:03 [main] WARN  o.s.c.s.PostProcessorRegistrationDelegate$BeanPostProcessorChecker - Bean 'default.org.springframework.cloud.loadbalancer.config.BlockingLoadBalancerClientAutoConfiguration.LoadBalancerClientSpecification' of type [org.springframework.cloud.loadbalancer.annotation.LoadBalancerClientSpecification] is not eligible for getting processed by all BeanPostProcessors (for example: not eligible for auto-proxying). Is this bean getting eagerly injected into a currently created BeanPostProcessor [lbRestClientPostProcessor]? Check the corresponding BeanPostProcessor declaration and its dependencies.
2026-06-24 10:19:03 [main] WARN  o.s.c.s.PostProcessorRegistrationDelegate$BeanPostProcessorChecker - Bean 'loadBalancerClientFactory' of type [org.springframework.cloud.loadbalancer.support.LoadBalancerClientFactory] is not eligible for getting processed by all BeanPostProcessors (for example: not eligible for auto-proxying). Is this bean getting eagerly injected into a currently created BeanPostProcessor [lbRestClientPostProcessor]? Check the corresponding BeanPostProcessor declaration and its dependencies.
2026-06-24 10:19:03 [main] WARN  o.s.c.s.PostProcessorRegistrationDelegate$BeanPostProcessorChecker - Bean 'blockingLoadBalancerClient' of type [org.springframework.cloud.loadbalancer.blocking.client.BlockingLoadBalancerClient] is not eligible for getting processed by all BeanPostProcessors (for example: not eligible for auto-proxying). Is this bean getting eagerly injected into a currently created BeanPostProcessor [lbRestClientPostProcessor]? Check the corresponding BeanPostProcessor declaration and its dependencies.
2026-06-24 10:19:03 [main] WARN  o.s.c.s.PostProcessorRegistrationDelegate$BeanPostProcessorChecker - Bean 'loadBalancerServiceInstanceCookieTransformer' of type [org.springframework.cloud.loadbalancer.core.LoadBalancerServiceInstanceCookieTransformer] is not eligible for getting processed by all BeanPostProcessors (for example: not eligible for auto-proxying). Is this bean getting eagerly injected into a currently created BeanPostProcessor [lbRestClientPostProcessor]? Check the corresponding BeanPostProcessor declaration and its dependencies.
2026-06-24 10:19:03 [main] WARN  o.s.c.s.PostProcessorRegistrationDelegate$BeanPostProcessorChecker - Bean 'xForwarderHeadersTransformer' of type [org.springframework.cloud.loadbalancer.blocking.XForwardedHeadersTransformer] is not eligible for getting processed by all BeanPostProcessors (for example: not eligible for auto-proxying). Is this bean getting eagerly injected into a currently created BeanPostProcessor [lbRestClientPostProcessor]? Check the corresponding BeanPostProcessor declaration and its dependencies.
2026-06-24 10:19:03 [main] WARN  o.s.c.s.PostProcessorRegistrationDelegate$BeanPostProcessorChecker - Bean 'org.springframework.cloud.client.loadbalancer.LoadBalancerAutoConfiguration' of type [org.springframework.cloud.client.loadbalancer.LoadBalancerAutoConfiguration] is not eligible for getting processed by all BeanPostProcessors (for example: not eligible for auto-proxying). Is this bean getting eagerly injected into a currently created BeanPostProcessor [lbRestClientPostProcessor]? Check the corresponding BeanPostProcessor declaration and its dependencies.
2026-06-24 10:19:03 [main] WARN  o.s.c.s.PostProcessorRegistrationDelegate$BeanPostProcessorChecker - Bean 'loadBalancerRequestFactory' of type [org.springframework.cloud.client.loadbalancer.LoadBalancerRequestFactory] is not eligible for getting processed by all BeanPostProcessors (for example: not eligible for auto-proxying). Is this bean getting eagerly injected into a currently created BeanPostProcessor [lbRestClientPostProcessor]? Check the corresponding BeanPostProcessor declaration and its dependencies.
2026-06-24 10:19:03 [main] WARN  o.s.c.s.PostProcessorRegistrationDelegate$BeanPostProcessorChecker - Bean 'org.springframework.cloud.loadbalancer.config.BlockingLoadBalancerClientAutoConfiguration$BlockingLoadBalancerRetryConfig' of type [org.springframework.cloud.loadbalancer.config.BlockingLoadBalancerClientAutoConfiguration$BlockingLoadBalancerRetryConfig$$SpringCGLIB$$0] is not eligible for getting processed by all BeanPostProcessors (for example: not eligible for auto-proxying). Is this bean getting eagerly injected into a currently created BeanPostProcessor [lbRestClientPostProcessor]? Check the corresponding BeanPostProcessor declaration and its dependencies.
2026-06-24 10:19:03 [main] WARN  o.s.c.s.PostProcessorRegistrationDelegate$BeanPostProcessorChecker - Bean 'loadBalancedRetryFactory' of type [org.springframework.cloud.loadbalancer.blocking.retry.BlockingLoadBalancedRetryFactory] is not eligible for getting processed by all BeanPostProcessors (for example: not eligible for auto-proxying). Is this bean getting eagerly injected into a currently created BeanPostProcessor [lbRestClientPostProcessor]? Check the corresponding BeanPostProcessor declaration and its dependencies.
2026-06-24 10:19:03 [main] WARN  o.s.c.s.PostProcessorRegistrationDelegate$BeanPostProcessorChecker - Bean 'loadBalancerInterceptor' of type [org.springframework.cloud.client.loadbalancer.RetryLoadBalancerInterceptor] is not eligible for getting processed by all BeanPostProcessors (for example: not eligible for auto-proxying). Is this bean getting eagerly injected into a currently created BeanPostProcessor [lbRestClientPostProcessor]? Check the corresponding BeanPostProcessor declaration and its dependencies.
2026-06-24 10:19:04 [main] INFO  o.s.b.w.e.tomcat.TomcatWebServer - Tomcat initialized with port 0 (http)
2026-06-24 10:19:04 [main] INFO  o.a.catalina.core.StandardService - Starting service [Tomcat]
2026-06-24 10:19:04 [main] INFO  o.a.catalina.core.StandardEngine - Starting Servlet engine: [Apache Tomcat/10.1.16]
2026-06-24 10:19:04 [main] INFO  o.a.c.c.C.[Tomcat].[localhost].[/] - Initializing Spring embedded WebApplicationContext
2026-06-24 10:19:04 [main] INFO  o.s.b.w.s.c.ServletWebServerApplicationContext - Root WebApplicationContext: initialization completed in 1627 ms
2026-06-24 10:19:04 [main] DEBUG c.f.r.s.JwtAuthenticationFilter - Filter 'jwtAuthenticationFilter' configured for use
2026-06-24 10:19:05 [main] INFO  o.h.jpa.internal.util.LogHelper - HHH000204: Processing PersistenceUnitInfo [name: default]
2026-06-24 10:19:05 [main] INFO  o.h.c.i.RegionFactoryInitiator - HHH000026: Second-level cache disabled
2026-06-24 10:19:05 [main] INFO  o.s.o.j.p.SpringPersistenceUnitInfo - No LoadTimeWeaver setup: ignoring JPA class transformer
2026-06-24 10:19:05 [main] INFO  com.zaxxer.hikari.HikariDataSource - RestaurantServiceHikariPool - Starting...
2026-06-24 10:19:05 [main] INFO  com.zaxxer.hikari.pool.HikariPool - RestaurantServiceHikariPool - Added connection conn5: url=jdbc:h2:mem:maintest2 user=SA
2026-06-24 10:19:05 [main] INFO  com.zaxxer.hikari.HikariDataSource - RestaurantServiceHikariPool - Start completed.
2026-06-24 10:19:05 [main] WARN  org.hibernate.orm.deprecation - HHH90000025: H2Dialect does not need to be specified explicitly using 'hibernate.dialect' (remove the property setting and it will be selected by default)
2026-06-24 10:19:05 [main] INFO  o.h.e.t.j.p.i.JtaPlatformInitiator - HHH000489: No JTA platform available (set 'hibernate.transaction.jta.platform' to enable JTA platform integration)
2026-06-24 10:19:05 [main] DEBUG org.hibernate.SQL - 
    drop table if exists menu_items cascade 
2026-06-24 10:19:05 [main] DEBUG org.hibernate.SQL - 
    drop table if exists restaurants cascade 
2026-06-24 10:19:05 [main] DEBUG org.hibernate.SQL - 
    create table menu_items (
        is_available boolean,
        price numeric(10,2) not null,
        created_at timestamp(6) not null,
        id bigint generated by default as identity,
        restaurant_id bigint not null,
        updated_at timestamp(6),
        description varchar(255),
        name varchar(255) not null,
        primary key (id)
    )
2026-06-24 10:19:05 [main] DEBUG org.hibernate.SQL - 
    create table restaurants (
        is_active boolean,
        rating numeric(3,2),
        created_at timestamp(6) not null,
        id bigint generated by default as identity,
        updated_at timestamp(6),
        address varchar(255) not null,
        cuisine_type varchar(255) not null,
        name varchar(255) not null,
        phone varchar(255) not null,
        primary key (id)
    )
2026-06-24 10:19:05 [main] DEBUG org.hibernate.SQL - 
    alter table if exists menu_items 
       add constraint FKhaqtoboitpl0n541y0sc753my 
       foreign key (restaurant_id) 
       references restaurants
2026-06-24 10:19:05 [main] INFO  o.s.o.j.LocalContainerEntityManagerFactoryBean - Initialized JPA EntityManagerFactory for persistence unit 'default'
2026-06-24 10:19:06 [main] WARN  o.s.b.a.s.s.UserDetailsServiceAutoConfiguration - 

Using generated security password: 761f983e-29b2-410b-8cd9-aa36102853e9

This generated password is for development use only. Your security configuration must be updated before running your application in production.

2026-06-24 10:19:07 [main] INFO  o.s.b.a.e.web.EndpointLinksResolver - Exposing 5 endpoint(s) beneath base path '/actuator'
2026-06-24 10:19:07 [main] INFO  o.s.s.web.DefaultSecurityFilterChain - Will secure any request with [org.springframework.security.web.session.DisableEncodeUrlFilter@199e60e1, org.springframework.security.web.context.request.async.WebAsyncManagerIntegrationFilter@1165431f, org.springframework.security.web.context.SecurityContextHolderFilter@b932521, org.springframework.security.web.header.HeaderWriterFilter@5846ae46, org.springframework.web.filter.CorsFilter@7259d0bc, org.springframework.security.web.authentication.logout.LogoutFilter@71463410, com.fooddelivery.restaurant.security.JwtAuthenticationFilter@79c9090a, org.springframework.security.web.savedrequest.RequestCacheAwareFilter@37975486, org.springframework.security.web.servletapi.SecurityContextHolderAwareRequestFilter@68e1da8, org.springframework.security.web.authentication.AnonymousAuthenticationFilter@6c180413, org.springframework.security.web.session.SessionManagementFilter@7515ece2, org.springframework.security.web.access.ExceptionTranslationFilter@3dca8d30, org.springframework.security.web.access.intercept.AuthorizationFilter@61ae4c09]
2026-06-24 10:19:08 [main] INFO  o.s.c.n.e.c.DiscoveryClientOptionalArgsConfiguration - Eureka HTTP Client uses RestTemplate.
2026-06-24 10:19:08 [main] WARN  o.s.c.l.c.LoadBalancerCacheAutoConfiguration$LoadBalancerCaffeineWarnLogger - Spring Cloud LoadBalancer is currently working with the default cache. While this cache implementation is useful for development and tests, it's recommended to use Caffeine cache in production.You can switch to using Caffeine cache, by adding it and org.springframework.cache.caffeine.CaffeineCacheManager to the classpath.
2026-06-24 10:19:08 [main] INFO  o.s.b.w.e.tomcat.TomcatWebServer - Tomcat started on port 61112 (http) with context path ''
2026-06-24 10:19:09 [main] INFO  o.s.a.r.c.CachingConnectionFactory - Attempting to connect to: [localhost:5672]
2026-06-24 10:19:09 [main] INFO  o.s.a.r.c.CachingConnectionFactory - Created new connection: rabbitConnectionFactory#3202804:0/SimpleConnection@7c574562 [delegate=amqp://guest@127.0.0.1:5672/, localPort=61113]
2026-06-24 10:19:09 [main] INFO  o.s.amqp.rabbit.core.RabbitAdmin - Auto-declaring a non-durable or auto-delete Exchange (order.exchange) durable:false, auto-delete:false. It will be deleted by the broker if it shuts down, and can be redeclared by closing and reopening the connection.
2026-06-24 10:19:09 [main] INFO  o.s.amqp.rabbit.core.RabbitAdmin - Auto-declaring a non-durable or auto-delete Exchange (payment.exchange) durable:false, auto-delete:false. It will be deleted by the broker if it shuts down, and can be redeclared by closing and reopening the connection.
2026-06-24 10:19:09 [main] INFO  o.s.amqp.rabbit.core.RabbitAdmin - Auto-declaring a non-durable or auto-delete Exchange (restaurant.exchange) durable:false, auto-delete:false. It will be deleted by the broker if it shuts down, and can be redeclared by closing and reopening the connection.
2026-06-24 10:19:09 [main] INFO  o.s.amqp.rabbit.core.RabbitAdmin - Auto-declaring a non-durable or auto-delete Exchange (notification.exchange) durable:false, auto-delete:false. It will be deleted by the broker if it shuts down, and can be redeclared by closing and reopening the connection.
2026-06-24 10:19:09 [main] INFO  o.s.amqp.rabbit.core.RabbitAdmin - Auto-declaring a non-durable or auto-delete Exchange (dlx.exchange) durable:false, auto-delete:false. It will be deleted by the broker if it shuts down, and can be redeclared by closing and reopening the connection.
2026-06-24 10:19:09 [main] INFO  o.s.amqp.rabbit.core.RabbitAdmin - Auto-declaring a non-durable, auto-delete, or exclusive Queue (order.created.queue) durable:false, auto-delete:false, exclusive:false. It will be redeclared if the broker stops and is restarted while the connection factory is alive, but all messages will be lost.
2026-06-24 10:19:09 [main] INFO  o.s.amqp.rabbit.core.RabbitAdmin - Auto-declaring a non-durable, auto-delete, or exclusive Queue (order.confirmed.queue) durable:false, auto-delete:false, exclusive:false. It will be redeclared if the broker stops and is restarted while the connection factory is alive, but all messages will be lost.
2026-06-24 10:19:09 [main] INFO  o.s.amqp.rabbit.core.RabbitAdmin - Auto-declaring a non-durable, auto-delete, or exclusive Queue (order.cancelled.queue) durable:false, auto-delete:false, exclusive:false. It will be redeclared if the broker stops and is restarted while the connection factory is alive, but all messages will be lost.
2026-06-24 10:19:09 [main] INFO  o.s.amqp.rabbit.core.RabbitAdmin - Auto-declaring a non-durable, auto-delete, or exclusive Queue (payment.success.queue) durable:false, auto-delete:false, exclusive:false. It will be redeclared if the broker stops and is restarted while the connection factory is alive, but all messages will be lost.
2026-06-24 10:19:09 [main] INFO  o.s.amqp.rabbit.core.RabbitAdmin - Auto-declaring a non-durable, auto-delete, or exclusive Queue (payment.failed.queue) durable:false, auto-delete:false, exclusive:false. It will be redeclared if the broker stops and is restarted while the connection factory is alive, but all messages will be lost.
2026-06-24 10:19:09 [main] INFO  o.s.amqp.rabbit.core.RabbitAdmin - Auto-declaring a non-durable, auto-delete, or exclusive Queue (restaurant.accepted.queue) durable:false, auto-delete:false, exclusive:false. It will be redeclared if the broker stops and is restarted while the connection factory is alive, but all messages will be lost.
2026-06-24 10:19:09 [main] INFO  o.s.amqp.rabbit.core.RabbitAdmin - Auto-declaring a non-durable, auto-delete, or exclusive Queue (restaurant.rejected.queue) durable:false, auto-delete:false, exclusive:false. It will be redeclared if the broker stops and is restarted while the connection factory is alive, but all messages will be lost.
2026-06-24 10:19:09 [main] INFO  c.f.r.RestaurantServiceApplication - Started RestaurantServiceApplication in 7.672 seconds (process running for 53.135)
2026-06-24 10:19:10 [main] INFO  c.f.r.RestaurantServiceApplication - Starting RestaurantServiceApplication using Java 17.0.18 with PID 23856 (started by avilakad in C:\Users\avilakad\OneDrive - Publicis Groupe\Documents\Food-Delivery-main\restaurant-service)
2026-06-24 10:19:10 [main] DEBUG c.f.r.RestaurantServiceApplication - Running with Spring Boot v3.2.0, Spring v6.1.1
2026-06-24 10:19:10 [main] INFO  c.f.r.RestaurantServiceApplication - No active profile set, falling back to 1 default profile: "default"
2026-06-24 10:19:10 [main] INFO  o.s.c.c.c.ConfigServerConfigDataLoader - Fetching config from server at : http://localhost:8888
2026-06-24 10:19:10 [main] INFO  o.s.c.c.c.ConfigServerConfigDataLoader - Located environment: name=restaurant-service, profiles=[default], label=null, version=2bd0a43ba902012f51ed6133a6824929146aed06, state=null
2026-06-24 10:19:11 [main] INFO  o.s.d.r.c.RepositoryConfigurationDelegate - Bootstrapping Spring Data JPA repositories in DEFAULT mode.
2026-06-24 10:19:11 [main] INFO  o.s.d.r.c.RepositoryConfigurationDelegate - Finished Spring Data repository scanning in 15 ms. Found 0 JPA repository interfaces.
2026-06-24 10:19:11 [main] INFO  o.s.cloud.context.scope.GenericScope - BeanFactory id=1a2d792a-e5e7-357b-a4f0-63798962ce4f
2026-06-24 10:19:11 [main] WARN  o.s.c.s.PostProcessorRegistrationDelegate$BeanPostProcessorChecker - Bean 'org.springframework.cloud.client.loadbalancer.LoadBalancerAutoConfiguration$RetryInterceptorAutoConfiguration' of type [org.springframework.cloud.client.loadbalancer.LoadBalancerAutoConfiguration$RetryInterceptorAutoConfiguration] is not eligible for getting processed by all BeanPostProcessors (for example: not eligible for auto-proxying). The currently created BeanPostProcessor [lbRestClientPostProcessor] is declared through a non-static factory method on that class; consider declaring it as static instead.
2026-06-24 10:19:11 [main] WARN  o.s.c.s.PostProcessorRegistrationDelegate$BeanPostProcessorChecker - Bean 'org.springframework.cloud.loadbalancer.config.BlockingLoadBalancerClientAutoConfiguration' of type [org.springframework.cloud.loadbalancer.config.BlockingLoadBalancerClientAutoConfiguration] is not eligible for getting processed by all BeanPostProcessors (for example: not eligible for auto-proxying). Is this bean getting eagerly injected into a currently created BeanPostProcessor [lbRestClientPostProcessor]? Check the corresponding BeanPostProcessor declaration and its dependencies.
2026-06-24 10:19:11 [main] WARN  o.s.c.s.PostProcessorRegistrationDelegate$BeanPostProcessorChecker - Bean 'org.springframework.cloud.loadbalancer.config.LoadBalancerAutoConfiguration' of type [org.springframework.cloud.loadbalancer.config.LoadBalancerAutoConfiguration] is not eligible for getting processed by all BeanPostProcessors (for example: not eligible for auto-proxying). Is this bean getting eagerly injected into a currently created BeanPostProcessor [lbRestClientPostProcessor]? Check the corresponding BeanPostProcessor declaration and its dependencies.
2026-06-24 10:19:11 [main] WARN  o.s.c.s.PostProcessorRegistrationDelegate$BeanPostProcessorChecker - Bean 'org.springframework.cloud.commons.config.CommonsConfigAutoConfiguration' of type [org.springframework.cloud.commons.config.CommonsConfigAutoConfiguration] is not eligible for getting processed by all BeanPostProcessors (for example: not eligible for auto-proxying). Is this bean getting eagerly injected into a currently created BeanPostProcessor [lbRestClientPostProcessor]? Check the corresponding BeanPostProcessor declaration and its dependencies.
2026-06-24 10:19:11 [main] WARN  o.s.c.s.PostProcessorRegistrationDelegate$BeanPostProcessorChecker - Bean 'org.springframework.cloud.client.loadbalancer.LoadBalancerDefaultMappingsProviderAutoConfiguration' of type [org.springframework.cloud.client.loadbalancer.LoadBalancerDefaultMappingsProviderAutoConfiguration] is not eligible for getting processed by all BeanPostProcessors (for example: not eligible for auto-proxying). Is this bean getting eagerly injected into a currently created BeanPostProcessor [lbRestClientPostProcessor]? Check the corresponding BeanPostProcessor declaration and its dependencies.
2026-06-24 10:19:11 [main] WARN  o.s.c.s.PostProcessorRegistrationDelegate$BeanPostProcessorChecker - Bean 'loadBalancerClientsDefaultsMappingsProvider' of type [org.springframework.cloud.client.loadbalancer.LoadBalancerDefaultMappingsProviderAutoConfiguration$$Lambda$1439/0x000001b701873fc8] is not eligible for getting processed by all BeanPostProcessors (for example: not eligible for auto-proxying). Is this bean getting eagerly injected into a currently created BeanPostProcessor [lbRestClientPostProcessor]? Check the corresponding BeanPostProcessor declaration and its dependencies.
2026-06-24 10:19:11 [main] WARN  o.s.c.s.PostProcessorRegistrationDelegate$BeanPostProcessorChecker - Bean 'defaultsBindHandlerAdvisor' of type [org.springframework.cloud.commons.config.DefaultsBindHandlerAdvisor] is not eligible for getting processed by all BeanPostProcessors (for example: not eligible for auto-proxying). Is this bean getting eagerly injected into a currently created BeanPostProcessor [lbRestClientPostProcessor]? Check the corresponding BeanPostProcessor declaration and its dependencies.
2026-06-24 10:19:11 [main] WARN  o.s.c.s.PostProcessorRegistrationDelegate$BeanPostProcessorChecker - Bean 'spring.cloud.loadbalancer-org.springframework.cloud.client.loadbalancer.LoadBalancerClientsProperties' of type [org.springframework.cloud.client.loadbalancer.LoadBalancerClientsProperties] is not eligible for getting processed by all BeanPostProcessors (for example: not eligible for auto-proxying). Is this bean getting eagerly injected into a currently created BeanPostProcessor [lbRestClientPostProcessor]? Check the corresponding BeanPostProcessor declaration and its dependencies.
2026-06-24 10:19:12 [main] WARN  o.s.c.s.PostProcessorRegistrationDelegate$BeanPostProcessorChecker - Bean 'default.org.springframework.cloud.loadbalancer.config.LoadBalancerAutoConfiguration.LoadBalancerClientSpecification' of type [org.springframework.cloud.loadbalancer.annotation.LoadBalancerClientSpecification] is not eligible for getting processed by all BeanPostProcessors (for example: not eligible for auto-proxying). Is this bean getting eagerly injected into a currently created BeanPostProcessor [lbRestClientPostProcessor]? Check the corresponding BeanPostProcessor declaration and its dependencies.
2026-06-24 10:19:12 [main] WARN  o.s.c.s.PostProcessorRegistrationDelegate$BeanPostProcessorChecker - Bean 'default.org.springframework.cloud.loadbalancer.config.BlockingLoadBalancerClientAutoConfiguration.LoadBalancerClientSpecification' of type [org.springframework.cloud.loadbalancer.annotation.LoadBalancerClientSpecification] is not eligible for getting processed by all BeanPostProcessors (for example: not eligible for auto-proxying). Is this bean getting eagerly injected into a currently created BeanPostProcessor [lbRestClientPostProcessor]? Check the corresponding BeanPostProcessor declaration and its dependencies.
2026-06-24 10:19:12 [main] WARN  o.s.c.s.PostProcessorRegistrationDelegate$BeanPostProcessorChecker - Bean 'loadBalancerClientFactory' of type [org.springframework.cloud.loadbalancer.support.LoadBalancerClientFactory] is not eligible for getting processed by all BeanPostProcessors (for example: not eligible for auto-proxying). Is this bean getting eagerly injected into a currently created BeanPostProcessor [lbRestClientPostProcessor]? Check the corresponding BeanPostProcessor declaration and its dependencies.
2026-06-24 10:19:12 [main] WARN  o.s.c.s.PostProcessorRegistrationDelegate$BeanPostProcessorChecker - Bean 'blockingLoadBalancerClient' of type [org.springframework.cloud.loadbalancer.blocking.client.BlockingLoadBalancerClient] is not eligible for getting processed by all BeanPostProcessors (for example: not eligible for auto-proxying). Is this bean getting eagerly injected into a currently created BeanPostProcessor [lbRestClientPostProcessor]? Check the corresponding BeanPostProcessor declaration and its dependencies.
2026-06-24 10:19:12 [main] WARN  o.s.c.s.PostProcessorRegistrationDelegate$BeanPostProcessorChecker - Bean 'loadBalancerServiceInstanceCookieTransformer' of type [org.springframework.cloud.loadbalancer.core.LoadBalancerServiceInstanceCookieTransformer] is not eligible for getting processed by all BeanPostProcessors (for example: not eligible for auto-proxying). Is this bean getting eagerly injected into a currently created BeanPostProcessor [lbRestClientPostProcessor]? Check the corresponding BeanPostProcessor declaration and its dependencies.
2026-06-24 10:19:12 [main] WARN  o.s.c.s.PostProcessorRegistrationDelegate$BeanPostProcessorChecker - Bean 'xForwarderHeadersTransformer' of type [org.springframework.cloud.loadbalancer.blocking.XForwardedHeadersTransformer] is not eligible for getting processed by all BeanPostProcessors (for example: not eligible for auto-proxying). Is this bean getting eagerly injected into a currently created BeanPostProcessor [lbRestClientPostProcessor]? Check the corresponding BeanPostProcessor declaration and its dependencies.
2026-06-24 10:19:12 [main] WARN  o.s.c.s.PostProcessorRegistrationDelegate$BeanPostProcessorChecker - Bean 'org.springframework.cloud.client.loadbalancer.LoadBalancerAutoConfiguration' of type [org.springframework.cloud.client.loadbalancer.LoadBalancerAutoConfiguration] is not eligible for getting processed by all BeanPostProcessors (for example: not eligible for auto-proxying). Is this bean getting eagerly injected into a currently created BeanPostProcessor [lbRestClientPostProcessor]? Check the corresponding BeanPostProcessor declaration and its dependencies.
2026-06-24 10:19:12 [main] WARN  o.s.c.s.PostProcessorRegistrationDelegate$BeanPostProcessorChecker - Bean 'loadBalancerRequestFactory' of type [org.springframework.cloud.client.loadbalancer.LoadBalancerRequestFactory] is not eligible for getting processed by all BeanPostProcessors (for example: not eligible for auto-proxying). Is this bean getting eagerly injected into a currently created BeanPostProcessor [lbRestClientPostProcessor]? Check the corresponding BeanPostProcessor declaration and its dependencies.
2026-06-24 10:19:12 [main] WARN  o.s.c.s.PostProcessorRegistrationDelegate$BeanPostProcessorChecker - Bean 'org.springframework.cloud.loadbalancer.config.BlockingLoadBalancerClientAutoConfiguration$BlockingLoadBalancerRetryConfig' of type [org.springframework.cloud.loadbalancer.config.BlockingLoadBalancerClientAutoConfiguration$BlockingLoadBalancerRetryConfig$$SpringCGLIB$$0] is not eligible for getting processed by all BeanPostProcessors (for example: not eligible for auto-proxying). Is this bean getting eagerly injected into a currently created BeanPostProcessor [lbRestClientPostProcessor]? Check the corresponding BeanPostProcessor declaration and its dependencies.
2026-06-24 10:19:12 [main] WARN  o.s.c.s.PostProcessorRegistrationDelegate$BeanPostProcessorChecker - Bean 'loadBalancedRetryFactory' of type [org.springframework.cloud.loadbalancer.blocking.retry.BlockingLoadBalancedRetryFactory] is not eligible for getting processed by all BeanPostProcessors (for example: not eligible for auto-proxying). Is this bean getting eagerly injected into a currently created BeanPostProcessor [lbRestClientPostProcessor]? Check the corresponding BeanPostProcessor declaration and its dependencies.
2026-06-24 10:19:12 [main] WARN  o.s.c.s.PostProcessorRegistrationDelegate$BeanPostProcessorChecker - Bean 'loadBalancerInterceptor' of type [org.springframework.cloud.client.loadbalancer.RetryLoadBalancerInterceptor] is not eligible for getting processed by all BeanPostProcessors (for example: not eligible for auto-proxying). Is this bean getting eagerly injected into a currently created BeanPostProcessor [lbRestClientPostProcessor]? Check the corresponding BeanPostProcessor declaration and its dependencies.
2026-06-24 10:19:12 [main] INFO  o.s.b.w.e.tomcat.TomcatWebServer - Tomcat initialized with port 0 (http)
2026-06-24 10:19:12 [main] INFO  o.a.catalina.core.StandardService - Starting service [Tomcat]
2026-06-24 10:19:12 [main] INFO  o.a.catalina.core.StandardEngine - Starting Servlet engine: [Apache Tomcat/10.1.16]
2026-06-24 10:19:12 [main] INFO  o.a.c.c.C.[Tomcat-1].[localhost].[/] - Initializing Spring embedded WebApplicationContext
2026-06-24 10:19:12 [main] INFO  o.s.b.w.s.c.ServletWebServerApplicationContext - Root WebApplicationContext: initialization completed in 1984 ms
2026-06-24 10:19:13 [main] DEBUG c.f.r.s.JwtAuthenticationFilter - Filter 'jwtAuthenticationFilter' configured for use
2026-06-24 10:19:13 [main] INFO  o.h.jpa.internal.util.LogHelper - HHH000204: Processing PersistenceUnitInfo [name: default]
2026-06-24 10:19:13 [main] INFO  o.h.c.i.RegionFactoryInitiator - HHH000026: Second-level cache disabled
2026-06-24 10:19:13 [main] INFO  o.s.o.j.p.SpringPersistenceUnitInfo - No LoadTimeWeaver setup: ignoring JPA class transformer
2026-06-24 10:19:13 [main] INFO  com.zaxxer.hikari.HikariDataSource - RestaurantServiceHikariPool - Starting...
2026-06-24 10:19:13 [main] INFO  com.zaxxer.hikari.pool.HikariPool - RestaurantServiceHikariPool - Added connection conn11: url=jdbc:h2:mem:maintest user=SA
2026-06-24 10:19:13 [main] INFO  com.zaxxer.hikari.HikariDataSource - RestaurantServiceHikariPool - Start completed.
2026-06-24 10:19:13 [main] WARN  org.hibernate.orm.deprecation - HHH90000025: H2Dialect does not need to be specified explicitly using 'hibernate.dialect' (remove the property setting and it will be selected by default)
2026-06-24 10:19:13 [main] INFO  o.h.e.t.j.p.i.JtaPlatformInitiator - HHH000489: No JTA platform available (set 'hibernate.transaction.jta.platform' to enable JTA platform integration)
2026-06-24 10:19:13 [main] INFO  o.s.o.j.LocalContainerEntityManagerFactoryBean - Initialized JPA EntityManagerFactory for persistence unit 'default'
2026-06-24 10:19:13 [main] WARN  o.s.b.w.s.c.AnnotationConfigServletWebServerApplicationContext - Exception encountered during context initialization - cancelling refresh attempt: org.springframework.beans.factory.UnsatisfiedDependencyException: Error creating bean with name 'menuItemController': Unsatisfied dependency expressed through field 'menuItemService': Error creating bean with name 'menuItemService': Unsatisfied dependency expressed through field 'menuItemRepository': No qualifying bean of type 'com.fooddelivery.restaurant.repository.MenuItemRepository' available: expected at least 1 bean which qualifies as autowire candidate. Dependency annotations: {@org.springframework.beans.factory.annotation.Autowired(required=true)}
2026-06-24 10:19:13 [main] INFO  o.s.o.j.LocalContainerEntityManagerFactoryBean - Closing JPA EntityManagerFactory for persistence unit 'default'
2026-06-24 10:19:13 [main] INFO  com.zaxxer.hikari.HikariDataSource - RestaurantServiceHikariPool - Shutdown initiated...
2026-06-24 10:19:13 [main] INFO  com.zaxxer.hikari.HikariDataSource - RestaurantServiceHikariPool - Shutdown completed.
2026-06-24 10:19:14 [main] WARN  z.r.AsyncReporter$BoundedAsyncReporter - Timed out waiting for in-flight spans to send
2026-06-24 10:19:14 [main] INFO  o.a.catalina.core.StandardService - Stopping service [Tomcat]
2026-06-24 10:19:14 [main] INFO  o.s.b.a.l.ConditionEvaluationReportLogger - 

Error starting ApplicationContext. To display the condition evaluation report re-run your application with 'debug' enabled.
2026-06-24 10:19:14 [main] ERROR o.s.b.d.LoggingFailureAnalysisReporter - 

***************************
APPLICATION FAILED TO START
***************************

Description:

Field menuItemRepository in com.fooddelivery.restaurant.service.MenuItemService required a bean of type 'com.fooddelivery.restaurant.repository.MenuItemRepository' that could not be found.

The injection point has the following annotations:
	- @org.springframework.beans.factory.annotation.Autowired(required=true)


Action:

Consider defining a bean of type 'com.fooddelivery.restaurant.repository.MenuItemRepository' in your configuration.

2026-06-24 10:19:20 [org.springframework.amqp.rabbit.RabbitListenerEndpointContainer#0-2] INFO  o.s.a.r.l.SimpleMessageListenerContainer - Waiting for workers to finish.
2026-06-24 10:19:20 [org.springframework.amqp.rabbit.RabbitListenerEndpointContainer#0-2] INFO  o.s.a.r.l.SimpleMessageListenerContainer - Successfully waited for workers to finish.
2026-06-24 10:19:21 [SpringApplicationShutdownHook] INFO  o.s.o.j.LocalContainerEntityManagerFactoryBean - Closing JPA EntityManagerFactory for persistence unit 'default'
2026-06-24 10:19:21 [SpringApplicationShutdownHook] DEBUG org.hibernate.SQL - 
    drop table if exists menu_items cascade 
2026-06-24 10:19:21 [SpringApplicationShutdownHook] DEBUG org.hibernate.SQL - 
    drop table if exists restaurants cascade 
2026-06-24 10:19:21 [SpringApplicationShutdownHook] INFO  com.zaxxer.hikari.HikariDataSource - RestaurantServiceHikariPool - Shutdown initiated...
2026-06-24 10:19:21 [SpringApplicationShutdownHook] INFO  com.zaxxer.hikari.HikariDataSource - RestaurantServiceHikariPool - Shutdown completed.
2026-06-24 10:19:21 [org.springframework.amqp.rabbit.RabbitListenerEndpointContainer#0-2] INFO  o.s.a.r.l.SimpleMessageListenerContainer - Waiting for workers to finish.
2026-06-24 10:19:21 [org.springframework.amqp.rabbit.RabbitListenerEndpointContainer#0-2] INFO  o.s.a.r.l.SimpleMessageListenerContainer - Successfully waited for workers to finish.
2026-06-24 10:19:21 [SpringApplicationShutdownHook] INFO  o.s.o.j.LocalContainerEntityManagerFactoryBean - Closing JPA EntityManagerFactory for persistence unit 'default'
2026-06-24 10:19:21 [SpringApplicationShutdownHook] DEBUG org.hibernate.SQL - 
    drop table if exists menu_items cascade 
2026-06-24 10:19:21 [SpringApplicationShutdownHook] DEBUG org.hibernate.SQL - 
    drop table if exists restaurants cascade 
2026-06-24 10:19:21 [SpringApplicationShutdownHook] INFO  com.zaxxer.hikari.HikariDataSource - RestaurantServiceHikariPool - Shutdown initiated...
2026-06-24 10:19:21 [SpringApplicationShutdownHook] INFO  com.zaxxer.hikari.HikariDataSource - RestaurantServiceHikariPool - Shutdown completed.
2026-06-24 10:19:35 [main] INFO  c.f.r.c.MenuItemControllerTest - Starting MenuItemControllerTest using Java 17.0.18 with PID 3236 (started by avilakad in C:\Users\avilakad\OneDrive - Publicis Groupe\Documents\Food-Delivery-main\restaurant-service)
2026-06-24 10:19:35 [main] DEBUG c.f.r.c.MenuItemControllerTest - Running with Spring Boot v3.2.0, Spring v6.1.1
2026-06-24 10:19:35 [main] INFO  c.f.r.c.MenuItemControllerTest - No active profile set, falling back to 1 default profile: "default"
2026-06-24 10:19:35 [main] INFO  o.s.c.c.c.ConfigServerConfigDataLoader - Fetching config from server at : http://localhost:8888
2026-06-24 10:19:35 [main] INFO  o.s.c.c.c.ConfigServerConfigDataLoader - Located environment: name=restaurant-service, profiles=[default], label=null, version=2bd0a43ba902012f51ed6133a6824929146aed06, state=null
2026-06-24 10:19:41 [main] WARN  o.s.b.a.s.s.UserDetailsServiceAutoConfiguration - 

Using generated security password: d08affe4-659b-43d5-b8ee-cd3d625990d5

This generated password is for development use only. Your security configuration must be updated before running your application in production.

2026-06-24 10:19:42 [main] INFO  o.s.s.web.DefaultSecurityFilterChain - Will secure any request with [org.springframework.security.web.session.DisableEncodeUrlFilter@62b9757d, org.springframework.security.web.context.request.async.WebAsyncManagerIntegrationFilter@2da8cbb9, org.springframework.security.web.context.SecurityContextHolderFilter@5803dcf0, org.springframework.security.web.header.HeaderWriterFilter@628cc4e9, org.springframework.web.filter.CorsFilter@9a99c10, org.springframework.security.web.csrf.CsrfFilter@534bd131, org.springframework.security.web.authentication.logout.LogoutFilter@676bccaa, org.springframework.security.web.authentication.UsernamePasswordAuthenticationFilter@2ff19416, org.springframework.security.web.authentication.ui.DefaultLoginPageGeneratingFilter@615dbdd0, org.springframework.security.web.authentication.ui.DefaultLogoutPageGeneratingFilter@75c3957d, org.springframework.security.web.authentication.www.BasicAuthenticationFilter@755a3ffb, org.springframework.security.web.savedrequest.RequestCacheAwareFilter@11e930e, org.springframework.security.web.servletapi.SecurityContextHolderAwareRequestFilter@5f936aad, org.springframework.security.web.authentication.AnonymousAuthenticationFilter@5c781425, org.springframework.security.web.access.ExceptionTranslationFilter@47cdae47, org.springframework.security.web.access.intercept.AuthorizationFilter@685edb96]
2026-06-24 10:19:42 [main] INFO  o.s.b.t.m.w.SpringBootMockServletContext - Initializing Spring TestDispatcherServlet ''
2026-06-24 10:19:42 [main] INFO  o.s.t.w.s.TestDispatcherServlet - Initializing Servlet ''
2026-06-24 10:19:42 [main] INFO  o.s.t.w.s.TestDispatcherServlet - Completed initialization in 2 ms
2026-06-24 10:19:42 [main] INFO  c.f.r.c.MenuItemControllerTest - Started MenuItemControllerTest in 11.406 seconds (process running for 15.11)
2026-06-24 10:19:43 [main] INFO  o.s.t.c.s.AnnotationConfigContextLoaderUtils - Could not detect default configuration classes for test class [com.fooddelivery.restaurant.controller.RestaurantControllerTest]: RestaurantControllerTest does not declare any static, non-private, non-final, nested classes annotated with @Configuration.
2026-06-24 10:19:43 [main] INFO  o.s.b.t.c.SpringBootTestContextBootstrapper - Found @SpringBootConfiguration com.fooddelivery.restaurant.RestaurantServiceApplication for test class com.fooddelivery.restaurant.controller.RestaurantControllerTest
2026-06-24 10:19:44 [main] INFO  c.f.r.c.RestaurantControllerTest - Starting RestaurantControllerTest using Java 17.0.18 with PID 3236 (started by avilakad in C:\Users\avilakad\OneDrive - Publicis Groupe\Documents\Food-Delivery-main\restaurant-service)
2026-06-24 10:19:44 [main] DEBUG c.f.r.c.RestaurantControllerTest - Running with Spring Boot v3.2.0, Spring v6.1.1
2026-06-24 10:19:44 [main] INFO  c.f.r.c.RestaurantControllerTest - No active profile set, falling back to 1 default profile: "default"
2026-06-24 10:19:44 [main] INFO  o.s.c.c.c.ConfigServerConfigDataLoader - Fetching config from server at : http://localhost:8888
2026-06-24 10:19:44 [main] INFO  o.s.c.c.c.ConfigServerConfigDataLoader - Located environment: name=restaurant-service, profiles=[default], label=null, version=2bd0a43ba902012f51ed6133a6824929146aed06, state=null
2026-06-24 10:19:46 [main] WARN  o.s.b.a.s.s.UserDetailsServiceAutoConfiguration - 

Using generated security password: 63ce8409-bd54-4e1c-b876-604fa1645b7c

This generated password is for development use only. Your security configuration must be updated before running your application in production.

2026-06-24 10:19:46 [main] INFO  o.s.s.web.DefaultSecurityFilterChain - Will secure any request with [org.springframework.security.web.session.DisableEncodeUrlFilter@671e3bd4, org.springframework.security.web.context.request.async.WebAsyncManagerIntegrationFilter@f124162, org.springframework.security.web.context.SecurityContextHolderFilter@63828988, org.springframework.security.web.header.HeaderWriterFilter@44173c2b, org.springframework.web.filter.CorsFilter@1e2ea153, org.springframework.security.web.csrf.CsrfFilter@60b16a5b, org.springframework.security.web.authentication.logout.LogoutFilter@80b741, org.springframework.security.web.authentication.UsernamePasswordAuthenticationFilter@5c09b49f, org.springframework.security.web.authentication.ui.DefaultLoginPageGeneratingFilter@29cdc8ba, org.springframework.security.web.authentication.ui.DefaultLogoutPageGeneratingFilter@2faab150, org.springframework.security.web.authentication.www.BasicAuthenticationFilter@2482b6f0, org.springframework.security.web.savedrequest.RequestCacheAwareFilter@88ad411, org.springframework.security.web.servletapi.SecurityContextHolderAwareRequestFilter@54c6506d, org.springframework.security.web.authentication.AnonymousAuthenticationFilter@39fcefea, org.springframework.security.web.access.ExceptionTranslationFilter@6bb4568, org.springframework.security.web.access.intercept.AuthorizationFilter@59362a47]
2026-06-24 10:19:46 [main] INFO  o.s.b.t.m.w.SpringBootMockServletContext - Initializing Spring TestDispatcherServlet ''
2026-06-24 10:19:46 [main] INFO  o.s.t.w.s.TestDispatcherServlet - Initializing Servlet ''
2026-06-24 10:19:46 [main] INFO  o.s.t.w.s.TestDispatcherServlet - Completed initialization in 1 ms
2026-06-24 10:19:46 [main] INFO  c.f.r.c.RestaurantControllerTest - Started RestaurantControllerTest in 2.62 seconds (process running for 18.907)
2026-06-24 10:19:46 [main] INFO  o.s.t.c.s.AnnotationConfigContextLoaderUtils - Could not detect default configuration classes for test class [com.fooddelivery.restaurant.controller.RestaurantMenuControllerTest]: RestaurantMenuControllerTest does not declare any static, non-private, non-final, nested classes annotated with @Configuration.
2026-06-24 10:19:46 [main] INFO  o.s.b.t.c.SpringBootTestContextBootstrapper - Found @SpringBootConfiguration com.fooddelivery.restaurant.RestaurantServiceApplication for test class com.fooddelivery.restaurant.controller.RestaurantMenuControllerTest
2026-06-24 10:19:47 [main] INFO  c.f.r.c.RestaurantMenuControllerTest - Starting RestaurantMenuControllerTest using Java 17.0.18 with PID 3236 (started by avilakad in C:\Users\avilakad\OneDrive - Publicis Groupe\Documents\Food-Delivery-main\restaurant-service)
2026-06-24 10:19:47 [main] DEBUG c.f.r.c.RestaurantMenuControllerTest - Running with Spring Boot v3.2.0, Spring v6.1.1
2026-06-24 10:19:47 [main] INFO  c.f.r.c.RestaurantMenuControllerTest - No active profile set, falling back to 1 default profile: "default"
2026-06-24 10:19:47 [main] INFO  o.s.c.c.c.ConfigServerConfigDataLoader - Fetching config from server at : http://localhost:8888
2026-06-24 10:19:47 [main] INFO  o.s.c.c.c.ConfigServerConfigDataLoader - Located environment: name=restaurant-service, profiles=[default], label=null, version=2bd0a43ba902012f51ed6133a6824929146aed06, state=null
2026-06-24 10:19:47 [main] WARN  o.s.b.a.s.s.UserDetailsServiceAutoConfiguration - 

Using generated security password: 6ea98cbd-186b-4510-bed9-1959183f2033

This generated password is for development use only. Your security configuration must be updated before running your application in production.

2026-06-24 10:19:47 [main] INFO  o.s.s.web.DefaultSecurityFilterChain - Will secure any request with [org.springframework.security.web.session.DisableEncodeUrlFilter@87f336d, org.springframework.security.web.context.request.async.WebAsyncManagerIntegrationFilter@3c155bd, org.springframework.security.web.context.SecurityContextHolderFilter@33587cb8, org.springframework.security.web.header.HeaderWriterFilter@6cbad7b3, org.springframework.web.filter.CorsFilter@389a070e, org.springframework.security.web.csrf.CsrfFilter@141cc645, org.springframework.security.web.authentication.logout.LogoutFilter@9f1f42c, org.springframework.security.web.authentication.UsernamePasswordAuthenticationFilter@20337a79, org.springframework.security.web.authentication.ui.DefaultLoginPageGeneratingFilter@1d8f4623, org.springframework.security.web.authentication.ui.DefaultLogoutPageGeneratingFilter@27241127, org.springframework.security.web.authentication.www.BasicAuthenticationFilter@3425709a, org.springframework.security.web.savedrequest.RequestCacheAwareFilter@4184aa78, org.springframework.security.web.servletapi.SecurityContextHolderAwareRequestFilter@27320a39, org.springframework.security.web.authentication.AnonymousAuthenticationFilter@5631baf5, org.springframework.security.web.access.ExceptionTranslationFilter@67503009, org.springframework.security.web.access.intercept.AuthorizationFilter@2665ba0d]
2026-06-24 10:19:47 [main] INFO  o.s.b.t.m.w.SpringBootMockServletContext - Initializing Spring TestDispatcherServlet ''
2026-06-24 10:19:48 [main] INFO  o.s.t.w.s.TestDispatcherServlet - Initializing Servlet ''
2026-06-24 10:19:48 [main] INFO  o.s.t.w.s.TestDispatcherServlet - Completed initialization in 1 ms
2026-06-24 10:19:48 [main] INFO  c.f.r.c.RestaurantMenuControllerTest - Started RestaurantMenuControllerTest in 1.479 seconds (process running for 20.69)
2026-06-24 10:19:49 [main] WARN  c.f.r.e.GlobalExceptionHandler - Duplicate record error: Restaurant already exists
2026-06-24 10:19:49 [main] WARN  c.f.r.e.GlobalExceptionHandler - JSON parsing error for PATCH request to /api/restaurants/1: JSON parse error
2026-06-24 10:19:49 [main] WARN  c.f.r.e.GlobalExceptionHandler - Duplicate record error: duplicate entry found
2026-06-24 10:19:49 [main] DEBUG c.f.r.e.GlobalExceptionHandler - Skipping JSON parsing error for actuator endpoint: /actuator
2026-06-24 10:19:49 [main] WARN  c.f.r.e.GlobalExceptionHandler - JSON parsing error for POST request to /api/restaurants: JSON parse error
2026-06-24 10:19:49 [main] WARN  c.f.r.e.GlobalExceptionHandler - JSON parsing error for POST request to null: JSON parse error
2026-06-24 10:19:49 [main] DEBUG c.f.r.e.GlobalExceptionHandler - Skipping JSON parsing error for DELETE request to /api/restaurants/1
2026-06-24 10:19:49 [main] WARN  c.f.r.e.GlobalExceptionHandler - Duplicate record error: unique constraint violation
2026-06-24 10:19:49 [main] DEBUG c.f.r.e.GlobalExceptionHandler - Skipping JSON parsing error for OPTIONS request to /api/restaurants
2026-06-24 10:19:49 [main] DEBUG c.f.r.e.GlobalExceptionHandler - Skipping JSON parsing error for HEAD request to /api/restaurants
2026-06-24 10:19:49 [main] DEBUG c.f.r.e.GlobalExceptionHandler - Skipping JSON parsing error for actuator endpoint: /api/actuator/health
2026-06-24 10:19:49 [main] DEBUG c.f.r.e.GlobalExceptionHandler - Skipping JSON parsing error for GET request to /api/restaurants
2026-06-24 10:19:49 [main] WARN  c.f.r.e.GlobalExceptionHandler - JSON parsing error for PUT request to /api/restaurants/1: JSON parse error
2026-06-24 10:19:49 [main] WARN  c.f.r.e.GlobalExceptionHandler - Data integrity violation on /api/restaurants: Unique constraint violation
2026-06-24 10:19:49 [main] DEBUG c.f.r.e.GlobalExceptionHandler - Letting Spring handle HttpMessageNotReadableException for TRACE request to /api/restaurants
2026-06-24 10:19:49 [main] INFO  o.s.t.c.s.AnnotationConfigContextLoaderUtils - Could not detect default configuration classes for test class [com.fooddelivery.restaurant.RestaurantServiceApplicationTest]: RestaurantServiceApplicationTest does not declare any static, non-private, non-final, nested classes annotated with @Configuration.
2026-06-24 10:19:49 [main] INFO  o.s.b.t.c.SpringBootTestContextBootstrapper - Found @SpringBootConfiguration com.fooddelivery.restaurant.RestaurantServiceApplication for test class com.fooddelivery.restaurant.RestaurantServiceApplicationTest
2026-06-24 10:19:50 [main] INFO  c.f.r.RestaurantServiceApplicationTest - Starting RestaurantServiceApplicationTest using Java 17.0.18 with PID 3236 (started by avilakad in C:\Users\avilakad\OneDrive - Publicis Groupe\Documents\Food-Delivery-main\restaurant-service)
2026-06-24 10:19:50 [main] DEBUG c.f.r.RestaurantServiceApplicationTest - Running with Spring Boot v3.2.0, Spring v6.1.1
2026-06-24 10:19:50 [main] INFO  c.f.r.RestaurantServiceApplicationTest - The following 1 profile is active: "test"
2026-06-24 10:19:50 [main] INFO  o.s.c.c.c.ConfigServerConfigDataLoader - Fetching config from server at : http://localhost:8888
2026-06-24 10:19:50 [main] INFO  o.s.c.c.c.ConfigServerConfigDataLoader - Located environment: name=restaurant-service, profiles=[default], label=null, version=2bd0a43ba902012f51ed6133a6824929146aed06, state=null
2026-06-24 10:19:50 [main] INFO  o.s.c.c.c.ConfigServerConfigDataLoader - Fetching config from server at : http://localhost:8888
2026-06-24 10:19:50 [main] INFO  o.s.c.c.c.ConfigServerConfigDataLoader - Located environment: name=restaurant-service, profiles=[test], label=null, version=2bd0a43ba902012f51ed6133a6824929146aed06, state=null
2026-06-24 10:19:50 [main] DEBUG o.s.w.c.s.GenericWebApplicationContext - Refreshing org.springframework.web.context.support.GenericWebApplicationContext@2e65c123
2026-06-24 10:19:52 [main] INFO  o.s.d.r.c.RepositoryConfigurationDelegate - Bootstrapping Spring Data JPA repositories in DEFAULT mode.
2026-06-24 10:19:52 [main] INFO  o.s.d.r.c.RepositoryConfigurationDelegate - Finished Spring Data repository scanning in 134 ms. Found 2 JPA repository interfaces.
2026-06-24 10:19:53 [main] INFO  o.s.cloud.context.scope.GenericScope - BeanFactory id=26aa103d-6b78-3d95-a6a0-dedce2349a0c
2026-06-24 10:19:53 [main] WARN  o.s.c.s.PostProcessorRegistrationDelegate$BeanPostProcessorChecker - Bean 'org.springframework.cloud.client.loadbalancer.LoadBalancerAutoConfiguration$RetryInterceptorAutoConfiguration' of type [org.springframework.cloud.client.loadbalancer.LoadBalancerAutoConfiguration$RetryInterceptorAutoConfiguration] is not eligible for getting processed by all BeanPostProcessors (for example: not eligible for auto-proxying). The currently created BeanPostProcessor [lbRestClientPostProcessor] is declared through a non-static factory method on that class; consider declaring it as static instead.
2026-06-24 10:19:54 [main] WARN  o.s.c.s.PostProcessorRegistrationDelegate$BeanPostProcessorChecker - Bean 'org.springframework.cloud.loadbalancer.config.BlockingLoadBalancerClientAutoConfiguration' of type [org.springframework.cloud.loadbalancer.config.BlockingLoadBalancerClientAutoConfiguration] is not eligible for getting processed by all BeanPostProcessors (for example: not eligible for auto-proxying). Is this bean getting eagerly injected into a currently created BeanPostProcessor [lbRestClientPostProcessor]? Check the corresponding BeanPostProcessor declaration and its dependencies.
2026-06-24 10:19:54 [main] WARN  o.s.c.s.PostProcessorRegistrationDelegate$BeanPostProcessorChecker - Bean 'org.springframework.cloud.loadbalancer.config.LoadBalancerAutoConfiguration' of type [org.springframework.cloud.loadbalancer.config.LoadBalancerAutoConfiguration] is not eligible for getting processed by all BeanPostProcessors (for example: not eligible for auto-proxying). Is this bean getting eagerly injected into a currently created BeanPostProcessor [lbRestClientPostProcessor]? Check the corresponding BeanPostProcessor declaration and its dependencies.
2026-06-24 10:19:54 [main] WARN  o.s.c.s.PostProcessorRegistrationDelegate$BeanPostProcessorChecker - Bean 'org.springframework.cloud.commons.config.CommonsConfigAutoConfiguration' of type [org.springframework.cloud.commons.config.CommonsConfigAutoConfiguration] is not eligible for getting processed by all BeanPostProcessors (for example: not eligible for auto-proxying). Is this bean getting eagerly injected into a currently created BeanPostProcessor [lbRestClientPostProcessor]? Check the corresponding BeanPostProcessor declaration and its dependencies.
2026-06-24 10:19:54 [main] WARN  o.s.c.s.PostProcessorRegistrationDelegate$BeanPostProcessorChecker - Bean 'org.springframework.cloud.client.loadbalancer.LoadBalancerDefaultMappingsProviderAutoConfiguration' of type [org.springframework.cloud.client.loadbalancer.LoadBalancerDefaultMappingsProviderAutoConfiguration] is not eligible for getting processed by all BeanPostProcessors (for example: not eligible for auto-proxying). Is this bean getting eagerly injected into a currently created BeanPostProcessor [lbRestClientPostProcessor]? Check the corresponding BeanPostProcessor declaration and its dependencies.
2026-06-24 10:19:54 [main] WARN  o.s.c.s.PostProcessorRegistrationDelegate$BeanPostProcessorChecker - Bean 'loadBalancerClientsDefaultsMappingsProvider' of type [org.springframework.cloud.client.loadbalancer.LoadBalancerDefaultMappingsProviderAutoConfiguration$$Lambda$1439/0x0000018b0186c800] is not eligible for getting processed by all BeanPostProcessors (for example: not eligible for auto-proxying). Is this bean getting eagerly injected into a currently created BeanPostProcessor [lbRestClientPostProcessor]? Check the corresponding BeanPostProcessor declaration and its dependencies.
2026-06-24 10:19:54 [main] WARN  o.s.c.s.PostProcessorRegistrationDelegate$BeanPostProcessorChecker - Bean 'defaultsBindHandlerAdvisor' of type [org.springframework.cloud.commons.config.DefaultsBindHandlerAdvisor] is not eligible for getting processed by all BeanPostProcessors (for example: not eligible for auto-proxying). Is this bean getting eagerly injected into a currently created BeanPostProcessor [lbRestClientPostProcessor]? Check the corresponding BeanPostProcessor declaration and its dependencies.
2026-06-24 10:19:54 [main] WARN  o.s.c.s.PostProcessorRegistrationDelegate$BeanPostProcessorChecker - Bean 'spring.cloud.loadbalancer-org.springframework.cloud.client.loadbalancer.LoadBalancerClientsProperties' of type [org.springframework.cloud.client.loadbalancer.LoadBalancerClientsProperties] is not eligible for getting processed by all BeanPostProcessors (for example: not eligible for auto-proxying). Is this bean getting eagerly injected into a currently created BeanPostProcessor [lbRestClientPostProcessor]? Check the corresponding BeanPostProcessor declaration and its dependencies.
2026-06-24 10:19:54 [main] WARN  o.s.c.s.PostProcessorRegistrationDelegate$BeanPostProcessorChecker - Bean 'default.org.springframework.cloud.loadbalancer.config.LoadBalancerAutoConfiguration.LoadBalancerClientSpecification' of type [org.springframework.cloud.loadbalancer.annotation.LoadBalancerClientSpecification] is not eligible for getting processed by all BeanPostProcessors (for example: not eligible for auto-proxying). Is this bean getting eagerly injected into a currently created BeanPostProcessor [lbRestClientPostProcessor]? Check the corresponding BeanPostProcessor declaration and its dependencies.
2026-06-24 10:19:54 [main] WARN  o.s.c.s.PostProcessorRegistrationDelegate$BeanPostProcessorChecker - Bean 'default.org.springframework.cloud.loadbalancer.config.BlockingLoadBalancerClientAutoConfiguration.LoadBalancerClientSpecification' of type [org.springframework.cloud.loadbalancer.annotation.LoadBalancerClientSpecification] is not eligible for getting processed by all BeanPostProcessors (for example: not eligible for auto-proxying). Is this bean getting eagerly injected into a currently created BeanPostProcessor [lbRestClientPostProcessor]? Check the corresponding BeanPostProcessor declaration and its dependencies.
2026-06-24 10:19:54 [main] WARN  o.s.c.s.PostProcessorRegistrationDelegate$BeanPostProcessorChecker - Bean 'loadBalancerClientFactory' of type [org.springframework.cloud.loadbalancer.support.LoadBalancerClientFactory] is not eligible for getting processed by all BeanPostProcessors (for example: not eligible for auto-proxying). Is this bean getting eagerly injected into a currently created BeanPostProcessor [lbRestClientPostProcessor]? Check the corresponding BeanPostProcessor declaration and its dependencies.
2026-06-24 10:19:54 [main] WARN  o.s.c.s.PostProcessorRegistrationDelegate$BeanPostProcessorChecker - Bean 'blockingLoadBalancerClient' of type [org.springframework.cloud.loadbalancer.blocking.client.BlockingLoadBalancerClient] is not eligible for getting processed by all BeanPostProcessors (for example: not eligible for auto-proxying). Is this bean getting eagerly injected into a currently created BeanPostProcessor [lbRestClientPostProcessor]? Check the corresponding BeanPostProcessor declaration and its dependencies.
2026-06-24 10:19:54 [main] WARN  o.s.c.s.PostProcessorRegistrationDelegate$BeanPostProcessorChecker - Bean 'loadBalancerServiceInstanceCookieTransformer' of type [org.springframework.cloud.loadbalancer.core.LoadBalancerServiceInstanceCookieTransformer] is not eligible for getting processed by all BeanPostProcessors (for example: not eligible for auto-proxying). Is this bean getting eagerly injected into a currently created BeanPostProcessor [lbRestClientPostProcessor]? Check the corresponding BeanPostProcessor declaration and its dependencies.
2026-06-24 10:19:54 [main] WARN  o.s.c.s.PostProcessorRegistrationDelegate$BeanPostProcessorChecker - Bean 'xForwarderHeadersTransformer' of type [org.springframework.cloud.loadbalancer.blocking.XForwardedHeadersTransformer] is not eligible for getting processed by all BeanPostProcessors (for example: not eligible for auto-proxying). Is this bean getting eagerly injected into a currently created BeanPostProcessor [lbRestClientPostProcessor]? Check the corresponding BeanPostProcessor declaration and its dependencies.
2026-06-24 10:19:54 [main] WARN  o.s.c.s.PostProcessorRegistrationDelegate$BeanPostProcessorChecker - Bean 'org.springframework.cloud.client.loadbalancer.LoadBalancerAutoConfiguration' of type [org.springframework.cloud.client.loadbalancer.LoadBalancerAutoConfiguration] is not eligible for getting processed by all BeanPostProcessors (for example: not eligible for auto-proxying). Is this bean getting eagerly injected into a currently created BeanPostProcessor [lbRestClientPostProcessor]? Check the corresponding BeanPostProcessor declaration and its dependencies.
2026-06-24 10:19:54 [main] WARN  o.s.c.s.PostProcessorRegistrationDelegate$BeanPostProcessorChecker - Bean 'loadBalancerRequestFactory' of type [org.springframework.cloud.client.loadbalancer.LoadBalancerRequestFactory] is not eligible for getting processed by all BeanPostProcessors (for example: not eligible for auto-proxying). Is this bean getting eagerly injected into a currently created BeanPostProcessor [lbRestClientPostProcessor]? Check the corresponding BeanPostProcessor declaration and its dependencies.
2026-06-24 10:19:54 [main] WARN  o.s.c.s.PostProcessorRegistrationDelegate$BeanPostProcessorChecker - Bean 'org.springframework.cloud.loadbalancer.config.BlockingLoadBalancerClientAutoConfiguration$BlockingLoadBalancerRetryConfig' of type [org.springframework.cloud.loadbalancer.config.BlockingLoadBalancerClientAutoConfiguration$BlockingLoadBalancerRetryConfig$$SpringCGLIB$$0] is not eligible for getting processed by all BeanPostProcessors (for example: not eligible for auto-proxying). Is this bean getting eagerly injected into a currently created BeanPostProcessor [lbRestClientPostProcessor]? Check the corresponding BeanPostProcessor declaration and its dependencies.
2026-06-24 10:19:54 [main] WARN  o.s.c.s.PostProcessorRegistrationDelegate$BeanPostProcessorChecker - Bean 'loadBalancedRetryFactory' of type [org.springframework.cloud.loadbalancer.blocking.retry.BlockingLoadBalancedRetryFactory] is not eligible for getting processed by all BeanPostProcessors (for example: not eligible for auto-proxying). Is this bean getting eagerly injected into a currently created BeanPostProcessor [lbRestClientPostProcessor]? Check the corresponding BeanPostProcessor declaration and its dependencies.
2026-06-24 10:19:54 [main] WARN  o.s.c.s.PostProcessorRegistrationDelegate$BeanPostProcessorChecker - Bean 'loadBalancerInterceptor' of type [org.springframework.cloud.client.loadbalancer.RetryLoadBalancerInterceptor] is not eligible for getting processed by all BeanPostProcessors (for example: not eligible for auto-proxying). Is this bean getting eagerly injected into a currently created BeanPostProcessor [lbRestClientPostProcessor]? Check the corresponding BeanPostProcessor declaration and its dependencies.
2026-06-24 10:19:54 [main] INFO  o.h.jpa.internal.util.LogHelper - HHH000204: Processing PersistenceUnitInfo [name: default]
2026-06-24 10:19:54 [main] INFO  org.hibernate.Version - HHH000412: Hibernate ORM core version 6.3.1.Final
2026-06-24 10:19:54 [main] INFO  o.h.c.i.RegionFactoryInitiator - HHH000026: Second-level cache disabled
2026-06-24 10:19:55 [main] INFO  o.s.o.j.p.SpringPersistenceUnitInfo - No LoadTimeWeaver setup: ignoring JPA class transformer
2026-06-24 10:19:55 [main] INFO  com.zaxxer.hikari.HikariDataSource - RestaurantServiceHikariPool - Starting...
2026-06-24 10:19:56 [main] INFO  com.zaxxer.hikari.pool.HikariPool - RestaurantServiceHikariPool - Added connection conn0: url=jdbc:h2:mem:testdb user=SA
2026-06-24 10:19:56 [main] INFO  com.zaxxer.hikari.HikariDataSource - RestaurantServiceHikariPool - Start completed.
2026-06-24 10:19:56 [main] WARN  org.hibernate.orm.deprecation - HHH90000025: H2Dialect does not need to be specified explicitly using 'hibernate.dialect' (remove the property setting and it will be selected by default)
2026-06-24 10:19:58 [main] INFO  o.h.e.t.j.p.i.JtaPlatformInitiator - HHH000489: No JTA platform available (set 'hibernate.transaction.jta.platform' to enable JTA platform integration)
2026-06-24 10:19:59 [main] DEBUG org.hibernate.SQL - 
    drop table if exists menu_items cascade 
2026-06-24 10:19:59 [main] DEBUG org.hibernate.SQL - 
    drop table if exists restaurants cascade 
2026-06-24 10:19:59 [main] DEBUG org.hibernate.SQL - 
    create table menu_items (
        is_available boolean,
        price numeric(10,2) not null,
        created_at timestamp(6) not null,
        id bigint generated by default as identity,
        restaurant_id bigint not null,
        updated_at timestamp(6),
        description varchar(255),
        name varchar(255) not null,
        primary key (id)
    )
2026-06-24 10:19:59 [main] DEBUG org.hibernate.SQL - 
    create table restaurants (
        is_active boolean,
        rating numeric(3,2),
        created_at timestamp(6) not null,
        id bigint generated by default as identity,
        updated_at timestamp(6),
        address varchar(255) not null,
        cuisine_type varchar(255) not null,
        name varchar(255) not null,
        phone varchar(255) not null,
        primary key (id)
    )
2026-06-24 10:19:59 [main] DEBUG org.hibernate.SQL - 
    alter table if exists menu_items 
       add constraint FKhaqtoboitpl0n541y0sc753my 
       foreign key (restaurant_id) 
       references restaurants
2026-06-24 10:19:59 [main] INFO  o.s.o.j.LocalContainerEntityManagerFactoryBean - Initialized JPA EntityManagerFactory for persistence unit 'default'
2026-06-24 10:20:00 [main] INFO  o.s.d.j.r.query.QueryEnhancerFactory - Hibernate is in classpath; If applicable, HQL parser will be used.
2026-06-24 10:20:03 [main] WARN  o.s.b.a.s.s.UserDetailsServiceAutoConfiguration - 

Using generated security password: 7f2c143b-ccb4-4e2a-a09d-ea5b39892ab1

This generated password is for development use only. Your security configuration must be updated before running your application in production.

2026-06-24 10:20:04 [main] DEBUG o.s.w.s.m.m.a.RequestMappingHandlerMapping - 22 mappings in 'requestMappingHandlerMapping'
2026-06-24 10:20:04 [main] DEBUG o.s.w.s.c.a.WebMvcConfigurer - Default resource handling disabled
2026-06-24 10:20:04 [main] INFO  o.s.b.a.e.web.EndpointLinksResolver - Exposing 0 endpoint(s) beneath base path '/actuator'
2026-06-24 10:20:04 [main] INFO  o.s.s.web.DefaultSecurityFilterChain - Will secure any request with [org.springframework.security.web.session.DisableEncodeUrlFilter@4ccba472, org.springframework.security.web.context.request.async.WebAsyncManagerIntegrationFilter@7fe96b02, org.springframework.security.web.context.SecurityContextHolderFilter@3a44a16c, org.springframework.security.web.header.HeaderWriterFilter@4e78e3d4, org.springframework.web.filter.CorsFilter@4813cdf2, org.springframework.security.web.authentication.logout.LogoutFilter@7db92335, com.fooddelivery.restaurant.security.JwtAuthenticationFilter@7f89a975, org.springframework.security.web.savedrequest.RequestCacheAwareFilter@11194eb9, org.springframework.security.web.servletapi.SecurityContextHolderAwareRequestFilter@1c0f4905, org.springframework.security.web.authentication.AnonymousAuthenticationFilter@7d585777, org.springframework.security.web.session.SessionManagementFilter@3ecad858, org.springframework.security.web.access.ExceptionTranslationFilter@5a7a45c0, org.springframework.security.web.access.intercept.AuthorizationFilter@52a50c1a]
2026-06-24 10:20:05 [main] DEBUG o.s.w.s.m.m.a.RequestMappingHandlerAdapter - ControllerAdvice beans: 0 @ModelAttribute, 0 @InitBinder, 1 RequestBodyAdvice, 1 ResponseBodyAdvice
2026-06-24 10:20:05 [main] DEBUG o.s.w.s.m.m.a.ExceptionHandlerExceptionResolver - ControllerAdvice beans: 1 @ExceptionHandler, 1 ResponseBodyAdvice
2026-06-24 10:20:06 [main] INFO  o.s.c.n.e.c.DiscoveryClientOptionalArgsConfiguration - Eureka HTTP Client uses RestTemplate.
2026-06-24 10:20:06 [main] WARN  o.s.c.l.c.LoadBalancerCacheAutoConfiguration$LoadBalancerCaffeineWarnLogger - Spring Cloud LoadBalancer is currently working with the default cache. While this cache implementation is useful for development and tests, it's recommended to use Caffeine cache in production.You can switch to using Caffeine cache, by adding it and org.springframework.cache.caffeine.CaffeineCacheManager to the classpath.
2026-06-24 10:20:07 [main] INFO  o.s.a.r.c.CachingConnectionFactory - Attempting to connect to: [localhost:5672]
2026-06-24 10:20:07 [main] INFO  o.s.a.r.c.CachingConnectionFactory - Created new connection: rabbitConnectionFactory#7890b48c:0/SimpleConnection@dd14489 [delegate=amqp://guest@127.0.0.1:5672/, localPort=60457]
2026-06-24 10:20:07 [main] INFO  o.s.amqp.rabbit.core.RabbitAdmin - Auto-declaring a non-durable or auto-delete Exchange (order.exchange) durable:false, auto-delete:false. It will be deleted by the broker if it shuts down, and can be redeclared by closing and reopening the connection.
2026-06-24 10:20:07 [main] INFO  o.s.amqp.rabbit.core.RabbitAdmin - Auto-declaring a non-durable or auto-delete Exchange (payment.exchange) durable:false, auto-delete:false. It will be deleted by the broker if it shuts down, and can be redeclared by closing and reopening the connection.
2026-06-24 10:20:07 [main] INFO  o.s.amqp.rabbit.core.RabbitAdmin - Auto-declaring a non-durable or auto-delete Exchange (restaurant.exchange) durable:false, auto-delete:false. It will be deleted by the broker if it shuts down, and can be redeclared by closing and reopening the connection.
2026-06-24 10:20:07 [main] INFO  o.s.amqp.rabbit.core.RabbitAdmin - Auto-declaring a non-durable or auto-delete Exchange (notification.exchange) durable:false, auto-delete:false. It will be deleted by the broker if it shuts down, and can be redeclared by closing and reopening the connection.
2026-06-24 10:20:07 [main] INFO  o.s.amqp.rabbit.core.RabbitAdmin - Auto-declaring a non-durable or auto-delete Exchange (dlx.exchange) durable:false, auto-delete:false. It will be deleted by the broker if it shuts down, and can be redeclared by closing and reopening the connection.
2026-06-24 10:20:07 [main] INFO  o.s.amqp.rabbit.core.RabbitAdmin - Auto-declaring a non-durable, auto-delete, or exclusive Queue (order.created.queue) durable:false, auto-delete:false, exclusive:false. It will be redeclared if the broker stops and is restarted while the connection factory is alive, but all messages will be lost.
2026-06-24 10:20:07 [main] INFO  o.s.amqp.rabbit.core.RabbitAdmin - Auto-declaring a non-durable, auto-delete, or exclusive Queue (order.confirmed.queue) durable:false, auto-delete:false, exclusive:false. It will be redeclared if the broker stops and is restarted while the connection factory is alive, but all messages will be lost.
2026-06-24 10:20:07 [main] INFO  o.s.amqp.rabbit.core.RabbitAdmin - Auto-declaring a non-durable, auto-delete, or exclusive Queue (order.cancelled.queue) durable:false, auto-delete:false, exclusive:false. It will be redeclared if the broker stops and is restarted while the connection factory is alive, but all messages will be lost.
2026-06-24 10:20:07 [main] INFO  o.s.amqp.rabbit.core.RabbitAdmin - Auto-declaring a non-durable, auto-delete, or exclusive Queue (payment.success.queue) durable:false, auto-delete:false, exclusive:false. It will be redeclared if the broker stops and is restarted while the connection factory is alive, but all messages will be lost.
2026-06-24 10:20:07 [main] INFO  o.s.amqp.rabbit.core.RabbitAdmin - Auto-declaring a non-durable, auto-delete, or exclusive Queue (payment.failed.queue) durable:false, auto-delete:false, exclusive:false. It will be redeclared if the broker stops and is restarted while the connection factory is alive, but all messages will be lost.
2026-06-24 10:20:07 [main] INFO  o.s.amqp.rabbit.core.RabbitAdmin - Auto-declaring a non-durable, auto-delete, or exclusive Queue (restaurant.accepted.queue) durable:false, auto-delete:false, exclusive:false. It will be redeclared if the broker stops and is restarted while the connection factory is alive, but all messages will be lost.
2026-06-24 10:20:07 [main] INFO  o.s.amqp.rabbit.core.RabbitAdmin - Auto-declaring a non-durable, auto-delete, or exclusive Queue (restaurant.rejected.queue) durable:false, auto-delete:false, exclusive:false. It will be redeclared if the broker stops and is restarted while the connection factory is alive, but all messages will be lost.
2026-06-24 10:20:07 [main] INFO  c.f.r.RestaurantServiceApplicationTest - Started RestaurantServiceApplicationTest in 18.075 seconds (process running for 40.095)
2026-06-24 10:20:08 [main] INFO  c.f.r.RestaurantServiceApplication - Starting RestaurantServiceApplication using Java 17.0.18 with PID 3236 (started by avilakad in C:\Users\avilakad\OneDrive - Publicis Groupe\Documents\Food-Delivery-main\restaurant-service)
2026-06-24 10:20:08 [main] DEBUG c.f.r.RestaurantServiceApplication - Running with Spring Boot v3.2.0, Spring v6.1.1
2026-06-24 10:20:08 [main] INFO  c.f.r.RestaurantServiceApplication - No active profile set, falling back to 1 default profile: "default"
2026-06-24 10:20:08 [main] INFO  o.s.c.c.c.ConfigServerConfigDataLoader - Fetching config from server at : http://localhost:8888
2026-06-24 10:20:08 [main] INFO  o.s.c.c.c.ConfigServerConfigDataLoader - Located environment: name=restaurant-service, profiles=[default], label=null, version=2bd0a43ba902012f51ed6133a6824929146aed06, state=null
2026-06-24 10:20:08 [main] INFO  o.s.d.r.c.RepositoryConfigurationDelegate - Bootstrapping Spring Data JPA repositories in DEFAULT mode.
2026-06-24 10:20:09 [main] INFO  o.s.d.r.c.RepositoryConfigurationDelegate - Finished Spring Data repository scanning in 45 ms. Found 2 JPA repository interfaces.
2026-06-24 10:20:09 [main] INFO  o.s.cloud.context.scope.GenericScope - BeanFactory id=111e3385-6c5f-3e30-8d3b-a82728f0a7dd
2026-06-24 10:20:09 [main] WARN  o.s.c.s.PostProcessorRegistrationDelegate$BeanPostProcessorChecker - Bean 'org.springframework.cloud.client.loadbalancer.LoadBalancerAutoConfiguration$RetryInterceptorAutoConfiguration' of type [org.springframework.cloud.client.loadbalancer.LoadBalancerAutoConfiguration$RetryInterceptorAutoConfiguration] is not eligible for getting processed by all BeanPostProcessors (for example: not eligible for auto-proxying). The currently created BeanPostProcessor [lbRestClientPostProcessor] is declared through a non-static factory method on that class; consider declaring it as static instead.
2026-06-24 10:20:09 [main] WARN  o.s.c.s.PostProcessorRegistrationDelegate$BeanPostProcessorChecker - Bean 'org.springframework.cloud.loadbalancer.config.BlockingLoadBalancerClientAutoConfiguration' of type [org.springframework.cloud.loadbalancer.config.BlockingLoadBalancerClientAutoConfiguration] is not eligible for getting processed by all BeanPostProcessors (for example: not eligible for auto-proxying). Is this bean getting eagerly injected into a currently created BeanPostProcessor [lbRestClientPostProcessor]? Check the corresponding BeanPostProcessor declaration and its dependencies.
2026-06-24 10:20:09 [main] WARN  o.s.c.s.PostProcessorRegistrationDelegate$BeanPostProcessorChecker - Bean 'org.springframework.cloud.loadbalancer.config.LoadBalancerAutoConfiguration' of type [org.springframework.cloud.loadbalancer.config.LoadBalancerAutoConfiguration] is not eligible for getting processed by all BeanPostProcessors (for example: not eligible for auto-proxying). Is this bean getting eagerly injected into a currently created BeanPostProcessor [lbRestClientPostProcessor]? Check the corresponding BeanPostProcessor declaration and its dependencies.
2026-06-24 10:20:09 [main] WARN  o.s.c.s.PostProcessorRegistrationDelegate$BeanPostProcessorChecker - Bean 'org.springframework.cloud.commons.config.CommonsConfigAutoConfiguration' of type [org.springframework.cloud.commons.config.CommonsConfigAutoConfiguration] is not eligible for getting processed by all BeanPostProcessors (for example: not eligible for auto-proxying). Is this bean getting eagerly injected into a currently created BeanPostProcessor [lbRestClientPostProcessor]? Check the corresponding BeanPostProcessor declaration and its dependencies.
2026-06-24 10:20:09 [main] WARN  o.s.c.s.PostProcessorRegistrationDelegate$BeanPostProcessorChecker - Bean 'org.springframework.cloud.client.loadbalancer.LoadBalancerDefaultMappingsProviderAutoConfiguration' of type [org.springframework.cloud.client.loadbalancer.LoadBalancerDefaultMappingsProviderAutoConfiguration] is not eligible for getting processed by all BeanPostProcessors (for example: not eligible for auto-proxying). Is this bean getting eagerly injected into a currently created BeanPostProcessor [lbRestClientPostProcessor]? Check the corresponding BeanPostProcessor declaration and its dependencies.
2026-06-24 10:20:09 [main] WARN  o.s.c.s.PostProcessorRegistrationDelegate$BeanPostProcessorChecker - Bean 'loadBalancerClientsDefaultsMappingsProvider' of type [org.springframework.cloud.client.loadbalancer.LoadBalancerDefaultMappingsProviderAutoConfiguration$$Lambda$1439/0x0000018b0186c800] is not eligible for getting processed by all BeanPostProcessors (for example: not eligible for auto-proxying). Is this bean getting eagerly injected into a currently created BeanPostProcessor [lbRestClientPostProcessor]? Check the corresponding BeanPostProcessor declaration and its dependencies.
2026-06-24 10:20:09 [main] WARN  o.s.c.s.PostProcessorRegistrationDelegate$BeanPostProcessorChecker - Bean 'defaultsBindHandlerAdvisor' of type [org.springframework.cloud.commons.config.DefaultsBindHandlerAdvisor] is not eligible for getting processed by all BeanPostProcessors (for example: not eligible for auto-proxying). Is this bean getting eagerly injected into a currently created BeanPostProcessor [lbRestClientPostProcessor]? Check the corresponding BeanPostProcessor declaration and its dependencies.
2026-06-24 10:20:09 [main] WARN  o.s.c.s.PostProcessorRegistrationDelegate$BeanPostProcessorChecker - Bean 'spring.cloud.loadbalancer-org.springframework.cloud.client.loadbalancer.LoadBalancerClientsProperties' of type [org.springframework.cloud.client.loadbalancer.LoadBalancerClientsProperties] is not eligible for getting processed by all BeanPostProcessors (for example: not eligible for auto-proxying). Is this bean getting eagerly injected into a currently created BeanPostProcessor [lbRestClientPostProcessor]? Check the corresponding BeanPostProcessor declaration and its dependencies.
2026-06-24 10:20:09 [main] WARN  o.s.c.s.PostProcessorRegistrationDelegate$BeanPostProcessorChecker - Bean 'default.org.springframework.cloud.loadbalancer.config.LoadBalancerAutoConfiguration.LoadBalancerClientSpecification' of type [org.springframework.cloud.loadbalancer.annotation.LoadBalancerClientSpecification] is not eligible for getting processed by all BeanPostProcessors (for example: not eligible for auto-proxying). Is this bean getting eagerly injected into a currently created BeanPostProcessor [lbRestClientPostProcessor]? Check the corresponding BeanPostProcessor declaration and its dependencies.
2026-06-24 10:20:09 [main] WARN  o.s.c.s.PostProcessorRegistrationDelegate$BeanPostProcessorChecker - Bean 'default.org.springframework.cloud.loadbalancer.config.BlockingLoadBalancerClientAutoConfiguration.LoadBalancerClientSpecification' of type [org.springframework.cloud.loadbalancer.annotation.LoadBalancerClientSpecification] is not eligible for getting processed by all BeanPostProcessors (for example: not eligible for auto-proxying). Is this bean getting eagerly injected into a currently created BeanPostProcessor [lbRestClientPostProcessor]? Check the corresponding BeanPostProcessor declaration and its dependencies.
2026-06-24 10:20:09 [main] WARN  o.s.c.s.PostProcessorRegistrationDelegate$BeanPostProcessorChecker - Bean 'loadBalancerClientFactory' of type [org.springframework.cloud.loadbalancer.support.LoadBalancerClientFactory] is not eligible for getting processed by all BeanPostProcessors (for example: not eligible for auto-proxying). Is this bean getting eagerly injected into a currently created BeanPostProcessor [lbRestClientPostProcessor]? Check the corresponding BeanPostProcessor declaration and its dependencies.
2026-06-24 10:20:09 [main] WARN  o.s.c.s.PostProcessorRegistrationDelegate$BeanPostProcessorChecker - Bean 'blockingLoadBalancerClient' of type [org.springframework.cloud.loadbalancer.blocking.client.BlockingLoadBalancerClient] is not eligible for getting processed by all BeanPostProcessors (for example: not eligible for auto-proxying). Is this bean getting eagerly injected into a currently created BeanPostProcessor [lbRestClientPostProcessor]? Check the corresponding BeanPostProcessor declaration and its dependencies.
2026-06-24 10:20:09 [main] WARN  o.s.c.s.PostProcessorRegistrationDelegate$BeanPostProcessorChecker - Bean 'loadBalancerServiceInstanceCookieTransformer' of type [org.springframework.cloud.loadbalancer.core.LoadBalancerServiceInstanceCookieTransformer] is not eligible for getting processed by all BeanPostProcessors (for example: not eligible for auto-proxying). Is this bean getting eagerly injected into a currently created BeanPostProcessor [lbRestClientPostProcessor]? Check the corresponding BeanPostProcessor declaration and its dependencies.
2026-06-24 10:20:09 [main] WARN  o.s.c.s.PostProcessorRegistrationDelegate$BeanPostProcessorChecker - Bean 'xForwarderHeadersTransformer' of type [org.springframework.cloud.loadbalancer.blocking.XForwardedHeadersTransformer] is not eligible for getting processed by all BeanPostProcessors (for example: not eligible for auto-proxying). Is this bean getting eagerly injected into a currently created BeanPostProcessor [lbRestClientPostProcessor]? Check the corresponding BeanPostProcessor declaration and its dependencies.
2026-06-24 10:20:09 [main] WARN  o.s.c.s.PostProcessorRegistrationDelegate$BeanPostProcessorChecker - Bean 'org.springframework.cloud.client.loadbalancer.LoadBalancerAutoConfiguration' of type [org.springframework.cloud.client.loadbalancer.LoadBalancerAutoConfiguration] is not eligible for getting processed by all BeanPostProcessors (for example: not eligible for auto-proxying). Is this bean getting eagerly injected into a currently created BeanPostProcessor [lbRestClientPostProcessor]? Check the corresponding BeanPostProcessor declaration and its dependencies.
2026-06-24 10:20:09 [main] WARN  o.s.c.s.PostProcessorRegistrationDelegate$BeanPostProcessorChecker - Bean 'loadBalancerRequestFactory' of type [org.springframework.cloud.client.loadbalancer.LoadBalancerRequestFactory] is not eligible for getting processed by all BeanPostProcessors (for example: not eligible for auto-proxying). Is this bean getting eagerly injected into a currently created BeanPostProcessor [lbRestClientPostProcessor]? Check the corresponding BeanPostProcessor declaration and its dependencies.
2026-06-24 10:20:09 [main] WARN  o.s.c.s.PostProcessorRegistrationDelegate$BeanPostProcessorChecker - Bean 'org.springframework.cloud.loadbalancer.config.BlockingLoadBalancerClientAutoConfiguration$BlockingLoadBalancerRetryConfig' of type [org.springframework.cloud.loadbalancer.config.BlockingLoadBalancerClientAutoConfiguration$BlockingLoadBalancerRetryConfig$$SpringCGLIB$$0] is not eligible for getting processed by all BeanPostProcessors (for example: not eligible for auto-proxying). Is this bean getting eagerly injected into a currently created BeanPostProcessor [lbRestClientPostProcessor]? Check the corresponding BeanPostProcessor declaration and its dependencies.
2026-06-24 10:20:09 [main] WARN  o.s.c.s.PostProcessorRegistrationDelegate$BeanPostProcessorChecker - Bean 'loadBalancedRetryFactory' of type [org.springframework.cloud.loadbalancer.blocking.retry.BlockingLoadBalancedRetryFactory] is not eligible for getting processed by all BeanPostProcessors (for example: not eligible for auto-proxying). Is this bean getting eagerly injected into a currently created BeanPostProcessor [lbRestClientPostProcessor]? Check the corresponding BeanPostProcessor declaration and its dependencies.
2026-06-24 10:20:09 [main] WARN  o.s.c.s.PostProcessorRegistrationDelegate$BeanPostProcessorChecker - Bean 'loadBalancerInterceptor' of type [org.springframework.cloud.client.loadbalancer.RetryLoadBalancerInterceptor] is not eligible for getting processed by all BeanPostProcessors (for example: not eligible for auto-proxying). Is this bean getting eagerly injected into a currently created BeanPostProcessor [lbRestClientPostProcessor]? Check the corresponding BeanPostProcessor declaration and its dependencies.
2026-06-24 10:20:09 [main] INFO  o.s.b.w.e.tomcat.TomcatWebServer - Tomcat initialized with port 0 (http)
2026-06-24 10:20:09 [main] INFO  o.a.catalina.core.StandardService - Starting service [Tomcat]
2026-06-24 10:20:09 [main] INFO  o.a.catalina.core.StandardEngine - Starting Servlet engine: [Apache Tomcat/10.1.16]
2026-06-24 10:20:10 [main] INFO  o.a.c.c.C.[Tomcat].[localhost].[/] - Initializing Spring embedded WebApplicationContext
2026-06-24 10:20:10 [main] INFO  o.s.b.w.s.c.ServletWebServerApplicationContext - Root WebApplicationContext: initialization completed in 1986 ms
2026-06-24 10:20:10 [main] DEBUG c.f.r.s.JwtAuthenticationFilter - Filter 'jwtAuthenticationFilter' configured for use
2026-06-24 10:20:11 [main] INFO  o.h.jpa.internal.util.LogHelper - HHH000204: Processing PersistenceUnitInfo [name: default]
2026-06-24 10:20:11 [main] INFO  o.h.c.i.RegionFactoryInitiator - HHH000026: Second-level cache disabled
2026-06-24 10:20:11 [main] INFO  o.s.o.j.p.SpringPersistenceUnitInfo - No LoadTimeWeaver setup: ignoring JPA class transformer
2026-06-24 10:20:11 [main] INFO  com.zaxxer.hikari.HikariDataSource - RestaurantServiceHikariPool - Starting...
2026-06-24 10:20:11 [main] INFO  com.zaxxer.hikari.pool.HikariPool - RestaurantServiceHikariPool - Added connection conn6: url=jdbc:h2:mem:maintest2 user=SA
2026-06-24 10:20:11 [main] INFO  com.zaxxer.hikari.HikariDataSource - RestaurantServiceHikariPool - Start completed.
2026-06-24 10:20:11 [main] WARN  org.hibernate.orm.deprecation - HHH90000025: H2Dialect does not need to be specified explicitly using 'hibernate.dialect' (remove the property setting and it will be selected by default)
2026-06-24 10:20:11 [main] INFO  o.h.e.t.j.p.i.JtaPlatformInitiator - HHH000489: No JTA platform available (set 'hibernate.transaction.jta.platform' to enable JTA platform integration)
2026-06-24 10:20:11 [main] DEBUG org.hibernate.SQL - 
    drop table if exists menu_items cascade 
2026-06-24 10:20:11 [main] DEBUG org.hibernate.SQL - 
    drop table if exists restaurants cascade 
2026-06-24 10:20:11 [main] DEBUG org.hibernate.SQL - 
    create table menu_items (
        is_available boolean,
        price numeric(10,2) not null,
        created_at timestamp(6) not null,
        id bigint generated by default as identity,
        restaurant_id bigint not null,
        updated_at timestamp(6),
        description varchar(255),
        name varchar(255) not null,
        primary key (id)
    )
2026-06-24 10:20:11 [main] DEBUG org.hibernate.SQL - 
    create table restaurants (
        is_active boolean,
        rating numeric(3,2),
        created_at timestamp(6) not null,
        id bigint generated by default as identity,
        updated_at timestamp(6),
        address varchar(255) not null,
        cuisine_type varchar(255) not null,
        name varchar(255) not null,
        phone varchar(255) not null,
        primary key (id)
    )
2026-06-24 10:20:11 [main] DEBUG org.hibernate.SQL - 
    alter table if exists menu_items 
       add constraint FKhaqtoboitpl0n541y0sc753my 
       foreign key (restaurant_id) 
       references restaurants
2026-06-24 10:20:11 [main] INFO  o.s.o.j.LocalContainerEntityManagerFactoryBean - Initialized JPA EntityManagerFactory for persistence unit 'default'
2026-06-24 10:20:11 [main] WARN  o.s.b.a.s.s.UserDetailsServiceAutoConfiguration - 

Using generated security password: 59ba4e13-a808-43e3-a0e3-f51e048a4553

This generated password is for development use only. Your security configuration must be updated before running your application in production.

2026-06-24 10:20:12 [main] INFO  o.s.b.a.e.web.EndpointLinksResolver - Exposing 5 endpoint(s) beneath base path '/actuator'
2026-06-24 10:20:12 [main] INFO  o.s.s.web.DefaultSecurityFilterChain - Will secure any request with [org.springframework.security.web.session.DisableEncodeUrlFilter@567748db, org.springframework.security.web.context.request.async.WebAsyncManagerIntegrationFilter@d7d2a2f, org.springframework.security.web.context.SecurityContextHolderFilter@2955cf91, org.springframework.security.web.header.HeaderWriterFilter@1b5d6b39, org.springframework.web.filter.CorsFilter@3ab6b103, org.springframework.security.web.authentication.logout.LogoutFilter@7f080157, com.fooddelivery.restaurant.security.JwtAuthenticationFilter@622bdb65, org.springframework.security.web.savedrequest.RequestCacheAwareFilter@1165431f, org.springframework.security.web.servletapi.SecurityContextHolderAwareRequestFilter@14dc559, org.springframework.security.web.authentication.AnonymousAuthenticationFilter@5fed291, org.springframework.security.web.session.SessionManagementFilter@4f0ed535, org.springframework.security.web.access.ExceptionTranslationFilter@71f84a1d, org.springframework.security.web.access.intercept.AuthorizationFilter@db6c566]
2026-06-24 10:20:13 [main] INFO  o.s.c.n.e.c.DiscoveryClientOptionalArgsConfiguration - Eureka HTTP Client uses RestTemplate.
2026-06-24 10:20:13 [main] WARN  o.s.c.l.c.LoadBalancerCacheAutoConfiguration$LoadBalancerCaffeineWarnLogger - Spring Cloud LoadBalancer is currently working with the default cache. While this cache implementation is useful for development and tests, it's recommended to use Caffeine cache in production.You can switch to using Caffeine cache, by adding it and org.springframework.cache.caffeine.CaffeineCacheManager to the classpath.
2026-06-24 10:20:13 [main] INFO  o.s.b.w.e.tomcat.TomcatWebServer - Tomcat started on port 60462 (http) with context path ''
2026-06-24 10:20:14 [main] INFO  o.s.a.r.c.CachingConnectionFactory - Attempting to connect to: [localhost:5672]
2026-06-24 10:20:14 [main] INFO  o.s.a.r.c.CachingConnectionFactory - Created new connection: rabbitConnectionFactory#1678a21b:0/SimpleConnection@dd53dd9 [delegate=amqp://guest@127.0.0.1:5672/, localPort=60464]
2026-06-24 10:20:14 [main] INFO  o.s.amqp.rabbit.core.RabbitAdmin - Auto-declaring a non-durable or auto-delete Exchange (order.exchange) durable:false, auto-delete:false. It will be deleted by the broker if it shuts down, and can be redeclared by closing and reopening the connection.
2026-06-24 10:20:14 [main] INFO  o.s.amqp.rabbit.core.RabbitAdmin - Auto-declaring a non-durable or auto-delete Exchange (payment.exchange) durable:false, auto-delete:false. It will be deleted by the broker if it shuts down, and can be redeclared by closing and reopening the connection.
2026-06-24 10:20:14 [main] INFO  o.s.amqp.rabbit.core.RabbitAdmin - Auto-declaring a non-durable or auto-delete Exchange (restaurant.exchange) durable:false, auto-delete:false. It will be deleted by the broker if it shuts down, and can be redeclared by closing and reopening the connection.
2026-06-24 10:20:14 [main] INFO  o.s.amqp.rabbit.core.RabbitAdmin - Auto-declaring a non-durable or auto-delete Exchange (notification.exchange) durable:false, auto-delete:false. It will be deleted by the broker if it shuts down, and can be redeclared by closing and reopening the connection.
2026-06-24 10:20:14 [main] INFO  o.s.amqp.rabbit.core.RabbitAdmin - Auto-declaring a non-durable or auto-delete Exchange (dlx.exchange) durable:false, auto-delete:false. It will be deleted by the broker if it shuts down, and can be redeclared by closing and reopening the connection.
2026-06-24 10:20:14 [main] INFO  o.s.amqp.rabbit.core.RabbitAdmin - Auto-declaring a non-durable, auto-delete, or exclusive Queue (order.created.queue) durable:false, auto-delete:false, exclusive:false. It will be redeclared if the broker stops and is restarted while the connection factory is alive, but all messages will be lost.
2026-06-24 10:20:14 [main] INFO  o.s.amqp.rabbit.core.RabbitAdmin - Auto-declaring a non-durable, auto-delete, or exclusive Queue (order.confirmed.queue) durable:false, auto-delete:false, exclusive:false. It will be redeclared if the broker stops and is restarted while the connection factory is alive, but all messages will be lost.
2026-06-24 10:20:14 [main] INFO  o.s.amqp.rabbit.core.RabbitAdmin - Auto-declaring a non-durable, auto-delete, or exclusive Queue (order.cancelled.queue) durable:false, auto-delete:false, exclusive:false. It will be redeclared if the broker stops and is restarted while the connection factory is alive, but all messages will be lost.
2026-06-24 10:20:14 [main] INFO  o.s.amqp.rabbit.core.RabbitAdmin - Auto-declaring a non-durable, auto-delete, or exclusive Queue (payment.success.queue) durable:false, auto-delete:false, exclusive:false. It will be redeclared if the broker stops and is restarted while the connection factory is alive, but all messages will be lost.
2026-06-24 10:20:14 [main] INFO  o.s.amqp.rabbit.core.RabbitAdmin - Auto-declaring a non-durable, auto-delete, or exclusive Queue (payment.failed.queue) durable:false, auto-delete:false, exclusive:false. It will be redeclared if the broker stops and is restarted while the connection factory is alive, but all messages will be lost.
2026-06-24 10:20:14 [main] INFO  o.s.amqp.rabbit.core.RabbitAdmin - Auto-declaring a non-durable, auto-delete, or exclusive Queue (restaurant.accepted.queue) durable:false, auto-delete:false, exclusive:false. It will be redeclared if the broker stops and is restarted while the connection factory is alive, but all messages will be lost.
2026-06-24 10:20:14 [main] INFO  o.s.amqp.rabbit.core.RabbitAdmin - Auto-declaring a non-durable, auto-delete, or exclusive Queue (restaurant.rejected.queue) durable:false, auto-delete:false, exclusive:false. It will be redeclared if the broker stops and is restarted while the connection factory is alive, but all messages will be lost.
2026-06-24 10:20:14 [main] INFO  c.f.r.RestaurantServiceApplication - Started RestaurantServiceApplication in 7.151 seconds (process running for 47.354)
2026-06-24 10:20:15 [main] INFO  c.f.r.RestaurantServiceApplication - Starting RestaurantServiceApplication using Java 17.0.18 with PID 3236 (started by avilakad in C:\Users\avilakad\OneDrive - Publicis Groupe\Documents\Food-Delivery-main\restaurant-service)
2026-06-24 10:20:15 [main] DEBUG c.f.r.RestaurantServiceApplication - Running with Spring Boot v3.2.0, Spring v6.1.1
2026-06-24 10:20:15 [main] INFO  c.f.r.RestaurantServiceApplication - No active profile set, falling back to 1 default profile: "default"
2026-06-24 10:20:15 [main] INFO  o.s.c.c.c.ConfigServerConfigDataLoader - Fetching config from server at : http://localhost:8888
2026-06-24 10:20:15 [main] INFO  o.s.c.c.c.ConfigServerConfigDataLoader - Located environment: name=restaurant-service, profiles=[default], label=null, version=2bd0a43ba902012f51ed6133a6824929146aed06, state=null
2026-06-24 10:20:15 [main] INFO  o.s.d.r.c.RepositoryConfigurationDelegate - Bootstrapping Spring Data JPA repositories in DEFAULT mode.
2026-06-24 10:20:15 [main] INFO  o.s.d.r.c.RepositoryConfigurationDelegate - Finished Spring Data repository scanning in 31 ms. Found 2 JPA repository interfaces.
2026-06-24 10:20:15 [main] INFO  o.s.cloud.context.scope.GenericScope - BeanFactory id=111e3385-6c5f-3e30-8d3b-a82728f0a7dd
2026-06-24 10:20:15 [main] WARN  o.s.c.s.PostProcessorRegistrationDelegate$BeanPostProcessorChecker - Bean 'org.springframework.cloud.client.loadbalancer.LoadBalancerAutoConfiguration$RetryInterceptorAutoConfiguration' of type [org.springframework.cloud.client.loadbalancer.LoadBalancerAutoConfiguration$RetryInterceptorAutoConfiguration] is not eligible for getting processed by all BeanPostProcessors (for example: not eligible for auto-proxying). The currently created BeanPostProcessor [lbRestClientPostProcessor] is declared through a non-static factory method on that class; consider declaring it as static instead.
2026-06-24 10:20:15 [main] WARN  o.s.c.s.PostProcessorRegistrationDelegate$BeanPostProcessorChecker - Bean 'org.springframework.cloud.loadbalancer.config.BlockingLoadBalancerClientAutoConfiguration' of type [org.springframework.cloud.loadbalancer.config.BlockingLoadBalancerClientAutoConfiguration] is not eligible for getting processed by all BeanPostProcessors (for example: not eligible for auto-proxying). Is this bean getting eagerly injected into a currently created BeanPostProcessor [lbRestClientPostProcessor]? Check the corresponding BeanPostProcessor declaration and its dependencies.
2026-06-24 10:20:15 [main] WARN  o.s.c.s.PostProcessorRegistrationDelegate$BeanPostProcessorChecker - Bean 'org.springframework.cloud.loadbalancer.config.LoadBalancerAutoConfiguration' of type [org.springframework.cloud.loadbalancer.config.LoadBalancerAutoConfiguration] is not eligible for getting processed by all BeanPostProcessors (for example: not eligible for auto-proxying). Is this bean getting eagerly injected into a currently created BeanPostProcessor [lbRestClientPostProcessor]? Check the corresponding BeanPostProcessor declaration and its dependencies.
2026-06-24 10:20:15 [main] WARN  o.s.c.s.PostProcessorRegistrationDelegate$BeanPostProcessorChecker - Bean 'org.springframework.cloud.commons.config.CommonsConfigAutoConfiguration' of type [org.springframework.cloud.commons.config.CommonsConfigAutoConfiguration] is not eligible for getting processed by all BeanPostProcessors (for example: not eligible for auto-proxying). Is this bean getting eagerly injected into a currently created BeanPostProcessor [lbRestClientPostProcessor]? Check the corresponding BeanPostProcessor declaration and its dependencies.
2026-06-24 10:20:15 [main] WARN  o.s.c.s.PostProcessorRegistrationDelegate$BeanPostProcessorChecker - Bean 'org.springframework.cloud.client.loadbalancer.LoadBalancerDefaultMappingsProviderAutoConfiguration' of type [org.springframework.cloud.client.loadbalancer.LoadBalancerDefaultMappingsProviderAutoConfiguration] is not eligible for getting processed by all BeanPostProcessors (for example: not eligible for auto-proxying). Is this bean getting eagerly injected into a currently created BeanPostProcessor [lbRestClientPostProcessor]? Check the corresponding BeanPostProcessor declaration and its dependencies.
2026-06-24 10:20:15 [main] WARN  o.s.c.s.PostProcessorRegistrationDelegate$BeanPostProcessorChecker - Bean 'loadBalancerClientsDefaultsMappingsProvider' of type [org.springframework.cloud.client.loadbalancer.LoadBalancerDefaultMappingsProviderAutoConfiguration$$Lambda$1439/0x0000018b0186c800] is not eligible for getting processed by all BeanPostProcessors (for example: not eligible for auto-proxying). Is this bean getting eagerly injected into a currently created BeanPostProcessor [lbRestClientPostProcessor]? Check the corresponding BeanPostProcessor declaration and its dependencies.
2026-06-24 10:20:15 [main] WARN  o.s.c.s.PostProcessorRegistrationDelegate$BeanPostProcessorChecker - Bean 'defaultsBindHandlerAdvisor' of type [org.springframework.cloud.commons.config.DefaultsBindHandlerAdvisor] is not eligible for getting processed by all BeanPostProcessors (for example: not eligible for auto-proxying). Is this bean getting eagerly injected into a currently created BeanPostProcessor [lbRestClientPostProcessor]? Check the corresponding BeanPostProcessor declaration and its dependencies.
2026-06-24 10:20:15 [main] WARN  o.s.c.s.PostProcessorRegistrationDelegate$BeanPostProcessorChecker - Bean 'spring.cloud.loadbalancer-org.springframework.cloud.client.loadbalancer.LoadBalancerClientsProperties' of type [org.springframework.cloud.client.loadbalancer.LoadBalancerClientsProperties] is not eligible for getting processed by all BeanPostProcessors (for example: not eligible for auto-proxying). Is this bean getting eagerly injected into a currently created BeanPostProcessor [lbRestClientPostProcessor]? Check the corresponding BeanPostProcessor declaration and its dependencies.
2026-06-24 10:20:15 [main] WARN  o.s.c.s.PostProcessorRegistrationDelegate$BeanPostProcessorChecker - Bean 'default.org.springframework.cloud.loadbalancer.config.LoadBalancerAutoConfiguration.LoadBalancerClientSpecification' of type [org.springframework.cloud.loadbalancer.annotation.LoadBalancerClientSpecification] is not eligible for getting processed by all BeanPostProcessors (for example: not eligible for auto-proxying). Is this bean getting eagerly injected into a currently created BeanPostProcessor [lbRestClientPostProcessor]? Check the corresponding BeanPostProcessor declaration and its dependencies.
2026-06-24 10:20:15 [main] WARN  o.s.c.s.PostProcessorRegistrationDelegate$BeanPostProcessorChecker - Bean 'default.org.springframework.cloud.loadbalancer.config.BlockingLoadBalancerClientAutoConfiguration.LoadBalancerClientSpecification' of type [org.springframework.cloud.loadbalancer.annotation.LoadBalancerClientSpecification] is not eligible for getting processed by all BeanPostProcessors (for example: not eligible for auto-proxying). Is this bean getting eagerly injected into a currently created BeanPostProcessor [lbRestClientPostProcessor]? Check the corresponding BeanPostProcessor declaration and its dependencies.
2026-06-24 10:20:15 [main] WARN  o.s.c.s.PostProcessorRegistrationDelegate$BeanPostProcessorChecker - Bean 'loadBalancerClientFactory' of type [org.springframework.cloud.loadbalancer.support.LoadBalancerClientFactory] is not eligible for getting processed by all BeanPostProcessors (for example: not eligible for auto-proxying). Is this bean getting eagerly injected into a currently created BeanPostProcessor [lbRestClientPostProcessor]? Check the corresponding BeanPostProcessor declaration and its dependencies.
2026-06-24 10:20:15 [main] WARN  o.s.c.s.PostProcessorRegistrationDelegate$BeanPostProcessorChecker - Bean 'blockingLoadBalancerClient' of type [org.springframework.cloud.loadbalancer.blocking.client.BlockingLoadBalancerClient] is not eligible for getting processed by all BeanPostProcessors (for example: not eligible for auto-proxying). Is this bean getting eagerly injected into a currently created BeanPostProcessor [lbRestClientPostProcessor]? Check the corresponding BeanPostProcessor declaration and its dependencies.
2026-06-24 10:20:15 [main] WARN  o.s.c.s.PostProcessorRegistrationDelegate$BeanPostProcessorChecker - Bean 'loadBalancerServiceInstanceCookieTransformer' of type [org.springframework.cloud.loadbalancer.core.LoadBalancerServiceInstanceCookieTransformer] is not eligible for getting processed by all BeanPostProcessors (for example: not eligible for auto-proxying). Is this bean getting eagerly injected into a currently created BeanPostProcessor [lbRestClientPostProcessor]? Check the corresponding BeanPostProcessor declaration and its dependencies.
2026-06-24 10:20:15 [main] WARN  o.s.c.s.PostProcessorRegistrationDelegate$BeanPostProcessorChecker - Bean 'xForwarderHeadersTransformer' of type [org.springframework.cloud.loadbalancer.blocking.XForwardedHeadersTransformer] is not eligible for getting processed by all BeanPostProcessors (for example: not eligible for auto-proxying). Is this bean getting eagerly injected into a currently created BeanPostProcessor [lbRestClientPostProcessor]? Check the corresponding BeanPostProcessor declaration and its dependencies.
2026-06-24 10:20:15 [main] WARN  o.s.c.s.PostProcessorRegistrationDelegate$BeanPostProcessorChecker - Bean 'org.springframework.cloud.client.loadbalancer.LoadBalancerAutoConfiguration' of type [org.springframework.cloud.client.loadbalancer.LoadBalancerAutoConfiguration] is not eligible for getting processed by all BeanPostProcessors (for example: not eligible for auto-proxying). Is this bean getting eagerly injected into a currently created BeanPostProcessor [lbRestClientPostProcessor]? Check the corresponding BeanPostProcessor declaration and its dependencies.
2026-06-24 10:20:15 [main] WARN  o.s.c.s.PostProcessorRegistrationDelegate$BeanPostProcessorChecker - Bean 'loadBalancerRequestFactory' of type [org.springframework.cloud.client.loadbalancer.LoadBalancerRequestFactory] is not eligible for getting processed by all BeanPostProcessors (for example: not eligible for auto-proxying). Is this bean getting eagerly injected into a currently created BeanPostProcessor [lbRestClientPostProcessor]? Check the corresponding BeanPostProcessor declaration and its dependencies.
2026-06-24 10:20:15 [main] WARN  o.s.c.s.PostProcessorRegistrationDelegate$BeanPostProcessorChecker - Bean 'org.springframework.cloud.loadbalancer.config.BlockingLoadBalancerClientAutoConfiguration$BlockingLoadBalancerRetryConfig' of type [org.springframework.cloud.loadbalancer.config.BlockingLoadBalancerClientAutoConfiguration$BlockingLoadBalancerRetryConfig$$SpringCGLIB$$0] is not eligible for getting processed by all BeanPostProcessors (for example: not eligible for auto-proxying). Is this bean getting eagerly injected into a currently created BeanPostProcessor [lbRestClientPostProcessor]? Check the corresponding BeanPostProcessor declaration and its dependencies.
2026-06-24 10:20:15 [main] WARN  o.s.c.s.PostProcessorRegistrationDelegate$BeanPostProcessorChecker - Bean 'loadBalancedRetryFactory' of type [org.springframework.cloud.loadbalancer.blocking.retry.BlockingLoadBalancedRetryFactory] is not eligible for getting processed by all BeanPostProcessors (for example: not eligible for auto-proxying). Is this bean getting eagerly injected into a currently created BeanPostProcessor [lbRestClientPostProcessor]? Check the corresponding BeanPostProcessor declaration and its dependencies.
2026-06-24 10:20:15 [main] WARN  o.s.c.s.PostProcessorRegistrationDelegate$BeanPostProcessorChecker - Bean 'loadBalancerInterceptor' of type [org.springframework.cloud.client.loadbalancer.RetryLoadBalancerInterceptor] is not eligible for getting processed by all BeanPostProcessors (for example: not eligible for auto-proxying). Is this bean getting eagerly injected into a currently created BeanPostProcessor [lbRestClientPostProcessor]? Check the corresponding BeanPostProcessor declaration and its dependencies.
2026-06-24 10:20:15 [main] INFO  o.s.b.w.e.tomcat.TomcatWebServer - Tomcat initialized with port 0 (http)
2026-06-24 10:20:15 [main] INFO  o.a.catalina.core.StandardService - Starting service [Tomcat]
2026-06-24 10:20:15 [main] INFO  o.a.catalina.core.StandardEngine - Starting Servlet engine: [Apache Tomcat/10.1.16]
2026-06-24 10:20:16 [main] INFO  o.a.c.c.C.[Tomcat-1].[localhost].[/] - Initializing Spring embedded WebApplicationContext
2026-06-24 10:20:16 [main] INFO  o.s.b.w.s.c.ServletWebServerApplicationContext - Root WebApplicationContext: initialization completed in 767 ms
2026-06-24 10:20:16 [main] DEBUG c.f.r.s.JwtAuthenticationFilter - Filter 'jwtAuthenticationFilter' configured for use
2026-06-24 10:20:16 [main] INFO  o.h.jpa.internal.util.LogHelper - HHH000204: Processing PersistenceUnitInfo [name: default]
2026-06-24 10:20:16 [main] INFO  o.h.c.i.RegionFactoryInitiator - HHH000026: Second-level cache disabled
2026-06-24 10:20:16 [main] INFO  o.s.o.j.p.SpringPersistenceUnitInfo - No LoadTimeWeaver setup: ignoring JPA class transformer
2026-06-24 10:20:16 [main] INFO  com.zaxxer.hikari.HikariDataSource - RestaurantServiceHikariPool - Starting...
2026-06-24 10:20:16 [main] INFO  com.zaxxer.hikari.pool.HikariPool - RestaurantServiceHikariPool - Added connection conn11: url=jdbc:h2:mem:maintest user=SA
2026-06-24 10:20:16 [main] INFO  com.zaxxer.hikari.HikariDataSource - RestaurantServiceHikariPool - Start completed.
2026-06-24 10:20:16 [main] WARN  org.hibernate.orm.deprecation - HHH90000025: H2Dialect does not need to be specified explicitly using 'hibernate.dialect' (remove the property setting and it will be selected by default)
2026-06-24 10:20:16 [main] INFO  o.h.e.t.j.p.i.JtaPlatformInitiator - HHH000489: No JTA platform available (set 'hibernate.transaction.jta.platform' to enable JTA platform integration)
2026-06-24 10:20:16 [main] DEBUG org.hibernate.SQL - 
    drop table if exists menu_items cascade 
2026-06-24 10:20:16 [main] DEBUG org.hibernate.SQL - 
    drop table if exists restaurants cascade 
2026-06-24 10:20:16 [main] DEBUG org.hibernate.SQL - 
    create table menu_items (
        is_available boolean,
        price numeric(10,2) not null,
        created_at timestamp(6) not null,
        id bigint generated by default as identity,
        restaurant_id bigint not null,
        updated_at timestamp(6),
        description varchar(255),
        name varchar(255) not null,
        primary key (id)
    )
2026-06-24 10:20:16 [main] DEBUG org.hibernate.SQL - 
    create table restaurants (
        is_active boolean,
        rating numeric(3,2),
        created_at timestamp(6) not null,
        id bigint generated by default as identity,
        updated_at timestamp(6),
        address varchar(255) not null,
        cuisine_type varchar(255) not null,
        name varchar(255) not null,
        phone varchar(255) not null,
        primary key (id)
    )
2026-06-24 10:20:16 [main] DEBUG org.hibernate.SQL - 
    alter table if exists menu_items 
       add constraint FKhaqtoboitpl0n541y0sc753my 
       foreign key (restaurant_id) 
       references restaurants
2026-06-24 10:20:16 [main] INFO  o.s.o.j.LocalContainerEntityManagerFactoryBean - Initialized JPA EntityManagerFactory for persistence unit 'default'
2026-06-24 10:20:17 [main] WARN  o.s.b.a.s.s.UserDetailsServiceAutoConfiguration - 

Using generated security password: ececabb9-c45b-4168-8f4f-922b43df5e37

This generated password is for development use only. Your security configuration must be updated before running your application in production.

2026-06-24 10:20:17 [main] INFO  o.s.b.a.e.web.EndpointLinksResolver - Exposing 5 endpoint(s) beneath base path '/actuator'
2026-06-24 10:20:17 [main] INFO  o.s.s.web.DefaultSecurityFilterChain - Will secure any request with [org.springframework.security.web.session.DisableEncodeUrlFilter@6b5a979c, org.springframework.security.web.context.request.async.WebAsyncManagerIntegrationFilter@23138721, org.springframework.security.web.context.SecurityContextHolderFilter@4f790dbf, org.springframework.security.web.header.HeaderWriterFilter@715a29b9, org.springframework.web.filter.CorsFilter@791caf6f, org.springframework.security.web.authentication.logout.LogoutFilter@75951a4b, com.fooddelivery.restaurant.security.JwtAuthenticationFilter@6f08ee9e, org.springframework.security.web.savedrequest.RequestCacheAwareFilter@45bd0afe, org.springframework.security.web.servletapi.SecurityContextHolderAwareRequestFilter@3b63811b, org.springframework.security.web.authentication.AnonymousAuthenticationFilter@75dc9327, org.springframework.security.web.session.SessionManagementFilter@5c497949, org.springframework.security.web.access.ExceptionTranslationFilter@53119e33, org.springframework.security.web.access.intercept.AuthorizationFilter@61f9f715]
2026-06-24 10:20:18 [main] INFO  o.s.c.n.e.c.DiscoveryClientOptionalArgsConfiguration - Eureka HTTP Client uses RestTemplate.
2026-06-24 10:20:18 [main] WARN  o.s.c.l.c.LoadBalancerCacheAutoConfiguration$LoadBalancerCaffeineWarnLogger - Spring Cloud LoadBalancer is currently working with the default cache. While this cache implementation is useful for development and tests, it's recommended to use Caffeine cache in production.You can switch to using Caffeine cache, by adding it and org.springframework.cache.caffeine.CaffeineCacheManager to the classpath.
2026-06-24 10:20:18 [main] INFO  o.s.b.w.e.tomcat.TomcatWebServer - Tomcat started on port 60471 (http) with context path ''
2026-06-24 10:20:19 [main] INFO  o.s.a.r.c.CachingConnectionFactory - Attempting to connect to: [localhost:5672]
2026-06-24 10:20:19 [main] INFO  o.s.a.r.c.CachingConnectionFactory - Created new connection: rabbitConnectionFactory#19bef74b:0/SimpleConnection@65f48d0a [delegate=amqp://guest@127.0.0.1:5672/, localPort=60472]
2026-06-24 10:20:19 [main] INFO  o.s.amqp.rabbit.core.RabbitAdmin - Auto-declaring a non-durable or auto-delete Exchange (order.exchange) durable:false, auto-delete:false. It will be deleted by the broker if it shuts down, and can be redeclared by closing and reopening the connection.
2026-06-24 10:20:19 [main] INFO  o.s.amqp.rabbit.core.RabbitAdmin - Auto-declaring a non-durable or auto-delete Exchange (payment.exchange) durable:false, auto-delete:false. It will be deleted by the broker if it shuts down, and can be redeclared by closing and reopening the connection.
2026-06-24 10:20:19 [main] INFO  o.s.amqp.rabbit.core.RabbitAdmin - Auto-declaring a non-durable or auto-delete Exchange (restaurant.exchange) durable:false, auto-delete:false. It will be deleted by the broker if it shuts down, and can be redeclared by closing and reopening the connection.
2026-06-24 10:20:19 [main] INFO  o.s.amqp.rabbit.core.RabbitAdmin - Auto-declaring a non-durable or auto-delete Exchange (notification.exchange) durable:false, auto-delete:false. It will be deleted by the broker if it shuts down, and can be redeclared by closing and reopening the connection.
2026-06-24 10:20:19 [main] INFO  o.s.amqp.rabbit.core.RabbitAdmin - Auto-declaring a non-durable or auto-delete Exchange (dlx.exchange) durable:false, auto-delete:false. It will be deleted by the broker if it shuts down, and can be redeclared by closing and reopening the connection.
2026-06-24 10:20:19 [main] INFO  o.s.amqp.rabbit.core.RabbitAdmin - Auto-declaring a non-durable, auto-delete, or exclusive Queue (order.created.queue) durable:false, auto-delete:false, exclusive:false. It will be redeclared if the broker stops and is restarted while the connection factory is alive, but all messages will be lost.
2026-06-24 10:20:19 [main] INFO  o.s.amqp.rabbit.core.RabbitAdmin - Auto-declaring a non-durable, auto-delete, or exclusive Queue (order.confirmed.queue) durable:false, auto-delete:false, exclusive:false. It will be redeclared if the broker stops and is restarted while the connection factory is alive, but all messages will be lost.
2026-06-24 10:20:19 [main] INFO  o.s.amqp.rabbit.core.RabbitAdmin - Auto-declaring a non-durable, auto-delete, or exclusive Queue (order.cancelled.queue) durable:false, auto-delete:false, exclusive:false. It will be redeclared if the broker stops and is restarted while the connection factory is alive, but all messages will be lost.
2026-06-24 10:20:19 [main] INFO  o.s.amqp.rabbit.core.RabbitAdmin - Auto-declaring a non-durable, auto-delete, or exclusive Queue (payment.success.queue) durable:false, auto-delete:false, exclusive:false. It will be redeclared if the broker stops and is restarted while the connection factory is alive, but all messages will be lost.
2026-06-24 10:20:19 [main] INFO  o.s.amqp.rabbit.core.RabbitAdmin - Auto-declaring a non-durable, auto-delete, or exclusive Queue (payment.failed.queue) durable:false, auto-delete:false, exclusive:false. It will be redeclared if the broker stops and is restarted while the connection factory is alive, but all messages will be lost.
2026-06-24 10:20:19 [main] INFO  o.s.amqp.rabbit.core.RabbitAdmin - Auto-declaring a non-durable, auto-delete, or exclusive Queue (restaurant.accepted.queue) durable:false, auto-delete:false, exclusive:false. It will be redeclared if the broker stops and is restarted while the connection factory is alive, but all messages will be lost.
2026-06-24 10:20:19 [main] INFO  o.s.amqp.rabbit.core.RabbitAdmin - Auto-declaring a non-durable, auto-delete, or exclusive Queue (restaurant.rejected.queue) durable:false, auto-delete:false, exclusive:false. It will be redeclared if the broker stops and is restarted while the connection factory is alive, but all messages will be lost.
2026-06-24 10:20:19 [main] INFO  c.f.r.RestaurantServiceApplication - Started RestaurantServiceApplication in 4.573 seconds (process running for 51.94)
2026-06-24 10:20:21 [org.springframework.amqp.rabbit.RabbitListenerEndpointContainer#0-2] INFO  o.s.a.r.l.SimpleMessageListenerContainer - Waiting for workers to finish.
2026-06-24 10:20:21 [org.springframework.amqp.rabbit.RabbitListenerEndpointContainer#0-2] INFO  o.s.a.r.l.SimpleMessageListenerContainer - Successfully waited for workers to finish.
2026-06-24 10:20:22 [SpringApplicationShutdownHook] INFO  o.s.o.j.LocalContainerEntityManagerFactoryBean - Closing JPA EntityManagerFactory for persistence unit 'default'
2026-06-24 10:20:22 [SpringApplicationShutdownHook] DEBUG org.hibernate.SQL - 
    drop table if exists menu_items cascade 
2026-06-24 10:20:22 [SpringApplicationShutdownHook] DEBUG org.hibernate.SQL - 
    drop table if exists restaurants cascade 
2026-06-24 10:20:22 [SpringApplicationShutdownHook] INFO  com.zaxxer.hikari.HikariDataSource - RestaurantServiceHikariPool - Shutdown initiated...
2026-06-24 10:20:22 [SpringApplicationShutdownHook] INFO  com.zaxxer.hikari.HikariDataSource - RestaurantServiceHikariPool - Shutdown completed.
2026-06-24 10:20:22 [org.springframework.amqp.rabbit.RabbitListenerEndpointContainer#0-2] INFO  o.s.a.r.l.SimpleMessageListenerContainer - Waiting for workers to finish.
2026-06-24 10:20:22 [org.springframework.amqp.rabbit.RabbitListenerEndpointContainer#0-2] INFO  o.s.a.r.l.SimpleMessageListenerContainer - Successfully waited for workers to finish.
2026-06-24 10:20:22 [SpringApplicationShutdownHook] INFO  o.s.o.j.LocalContainerEntityManagerFactoryBean - Closing JPA EntityManagerFactory for persistence unit 'default'
2026-06-24 10:20:22 [SpringApplicationShutdownHook] DEBUG org.hibernate.SQL - 
    drop table if exists menu_items cascade 
2026-06-24 10:20:22 [SpringApplicationShutdownHook] DEBUG org.hibernate.SQL - 
    drop table if exists restaurants cascade 
2026-06-24 10:20:22 [SpringApplicationShutdownHook] INFO  com.zaxxer.hikari.HikariDataSource - RestaurantServiceHikariPool - Shutdown initiated...
2026-06-24 10:20:22 [SpringApplicationShutdownHook] INFO  com.zaxxer.hikari.HikariDataSource - RestaurantServiceHikariPool - Shutdown completed.
2026-06-24 10:20:23 [org.springframework.amqp.rabbit.RabbitListenerEndpointContainer#0-2] INFO  o.s.a.r.l.SimpleMessageListenerContainer - Waiting for workers to finish.
2026-06-24 10:20:24 [org.springframework.amqp.rabbit.RabbitListenerEndpointContainer#0-2] INFO  o.s.a.r.l.SimpleMessageListenerContainer - Successfully waited for workers to finish.
2026-06-24 10:20:24 [SpringApplicationShutdownHook] INFO  o.s.o.j.LocalContainerEntityManagerFactoryBean - Closing JPA EntityManagerFactory for persistence unit 'default'
2026-06-24 10:20:24 [SpringApplicationShutdownHook] DEBUG org.hibernate.SQL - 
    drop table if exists menu_items cascade 
2026-06-24 10:20:24 [SpringApplicationShutdownHook] DEBUG org.hibernate.SQL - 
    drop table if exists restaurants cascade 
2026-06-24 10:20:24 [SpringApplicationShutdownHook] INFO  com.zaxxer.hikari.HikariDataSource - RestaurantServiceHikariPool - Shutdown initiated...
2026-06-24 10:20:24 [SpringApplicationShutdownHook] INFO  com.zaxxer.hikari.HikariDataSource - RestaurantServiceHikariPool - Shutdown completed.
2026-06-24 10:22:38 [main] INFO  c.f.r.c.MenuItemControllerTest - Starting MenuItemControllerTest using Java 17.0.18 with PID 43396 (started by avilakad in C:\Users\avilakad\OneDrive - Publicis Groupe\Documents\Food-Delivery-main\restaurant-service)
2026-06-24 10:22:38 [main] DEBUG c.f.r.c.MenuItemControllerTest - Running with Spring Boot v3.2.0, Spring v6.1.1
2026-06-24 10:22:38 [main] INFO  c.f.r.c.MenuItemControllerTest - No active profile set, falling back to 1 default profile: "default"
2026-06-24 10:22:38 [main] INFO  o.s.c.c.c.ConfigServerConfigDataLoader - Fetching config from server at : http://localhost:8888
2026-06-24 10:22:38 [main] INFO  o.s.c.c.c.ConfigServerConfigDataLoader - Located environment: name=restaurant-service, profiles=[default], label=null, version=2bd0a43ba902012f51ed6133a6824929146aed06, state=null
2026-06-24 10:22:46 [main] WARN  o.s.b.a.s.s.UserDetailsServiceAutoConfiguration - 

Using generated security password: 85122e8e-3205-4c59-abe3-1a4f5c10aa49

This generated password is for development use only. Your security configuration must be updated before running your application in production.

2026-06-24 10:22:46 [main] INFO  o.s.s.web.DefaultSecurityFilterChain - Will secure any request with [org.springframework.security.web.session.DisableEncodeUrlFilter@7ae57c9, org.springframework.security.web.context.request.async.WebAsyncManagerIntegrationFilter@7008055, org.springframework.security.web.context.SecurityContextHolderFilter@4baa82c, org.springframework.security.web.header.HeaderWriterFilter@2222aa18, org.springframework.web.filter.CorsFilter@201a976f, org.springframework.security.web.csrf.CsrfFilter@6ed3fecb, org.springframework.security.web.authentication.logout.LogoutFilter@25b33665, org.springframework.security.web.authentication.UsernamePasswordAuthenticationFilter@52b3a9c6, org.springframework.security.web.authentication.ui.DefaultLoginPageGeneratingFilter@49253d1f, org.springframework.security.web.authentication.ui.DefaultLogoutPageGeneratingFilter@66ba2c88, org.springframework.security.web.authentication.www.BasicAuthenticationFilter@726aaaf0, org.springframework.security.web.savedrequest.RequestCacheAwareFilter@6aaa7944, org.springframework.security.web.servletapi.SecurityContextHolderAwareRequestFilter@615dbdd0, org.springframework.security.web.authentication.AnonymousAuthenticationFilter@13df2f89, org.springframework.security.web.access.ExceptionTranslationFilter@5f936aad, org.springframework.security.web.access.intercept.AuthorizationFilter@5254304d]
2026-06-24 10:22:47 [main] INFO  o.s.b.t.m.w.SpringBootMockServletContext - Initializing Spring TestDispatcherServlet ''
2026-06-24 10:22:47 [main] INFO  o.s.t.w.s.TestDispatcherServlet - Initializing Servlet ''
2026-06-24 10:22:47 [main] INFO  o.s.t.w.s.TestDispatcherServlet - Completed initialization in 4 ms
2026-06-24 10:22:47 [main] INFO  c.f.r.c.MenuItemControllerTest - Started MenuItemControllerTest in 13.232 seconds (process running for 17.825)
2026-06-24 10:22:49 [main] INFO  o.s.t.c.s.AnnotationConfigContextLoaderUtils - Could not detect default configuration classes for test class [com.fooddelivery.restaurant.controller.RestaurantControllerTest]: RestaurantControllerTest does not declare any static, non-private, non-final, nested classes annotated with @Configuration.
2026-06-24 10:22:49 [main] INFO  o.s.b.t.c.SpringBootTestContextBootstrapper - Found @SpringBootConfiguration com.fooddelivery.restaurant.RestaurantServiceApplication for test class com.fooddelivery.restaurant.controller.RestaurantControllerTest
2026-06-24 10:22:50 [main] INFO  c.f.r.c.RestaurantControllerTest - Starting RestaurantControllerTest using Java 17.0.18 with PID 43396 (started by avilakad in C:\Users\avilakad\OneDrive - Publicis Groupe\Documents\Food-Delivery-main\restaurant-service)
2026-06-24 10:22:50 [main] DEBUG c.f.r.c.RestaurantControllerTest - Running with Spring Boot v3.2.0, Spring v6.1.1
2026-06-24 10:22:50 [main] INFO  c.f.r.c.RestaurantControllerTest - No active profile set, falling back to 1 default profile: "default"
2026-06-24 10:22:50 [main] INFO  o.s.c.c.c.ConfigServerConfigDataLoader - Fetching config from server at : http://localhost:8888
2026-06-24 10:22:50 [main] INFO  o.s.c.c.c.ConfigServerConfigDataLoader - Located environment: name=restaurant-service, profiles=[default], label=null, version=2bd0a43ba902012f51ed6133a6824929146aed06, state=null
2026-06-24 10:22:52 [main] WARN  o.s.b.a.s.s.UserDetailsServiceAutoConfiguration - 

Using generated security password: 1e60a1a5-5ab0-4437-8881-e22a45c33dba

This generated password is for development use only. Your security configuration must be updated before running your application in production.

2026-06-24 10:22:52 [main] INFO  o.s.s.web.DefaultSecurityFilterChain - Will secure any request with [org.springframework.security.web.session.DisableEncodeUrlFilter@6b308b7c, org.springframework.security.web.context.request.async.WebAsyncManagerIntegrationFilter@a2ee97c, org.springframework.security.web.context.SecurityContextHolderFilter@59362a47, org.springframework.security.web.header.HeaderWriterFilter@21ec5672, org.springframework.web.filter.CorsFilter@78a3a68b, org.springframework.security.web.csrf.CsrfFilter@80b741, org.springframework.security.web.authentication.logout.LogoutFilter@1e2ea153, org.springframework.security.web.authentication.UsernamePasswordAuthenticationFilter@4fb7a903, org.springframework.security.web.authentication.ui.DefaultLoginPageGeneratingFilter@671e3bd4, org.springframework.security.web.authentication.ui.DefaultLogoutPageGeneratingFilter@209a490a, org.springframework.security.web.authentication.www.BasicAuthenticationFilter@35eda194, org.springframework.security.web.savedrequest.RequestCacheAwareFilter@5c09b49f, org.springframework.security.web.servletapi.SecurityContextHolderAwareRequestFilter@2482b6f0, org.springframework.security.web.authentication.AnonymousAuthenticationFilter@4f9e5d0e, org.springframework.security.web.access.ExceptionTranslationFilter@66a3ca04, org.springframework.security.web.access.intercept.AuthorizationFilter@2478b0e6]
2026-06-24 10:22:52 [main] INFO  o.s.b.t.m.w.SpringBootMockServletContext - Initializing Spring TestDispatcherServlet ''
2026-06-24 10:22:52 [main] INFO  o.s.t.w.s.TestDispatcherServlet - Initializing Servlet ''
2026-06-24 10:22:52 [main] INFO  o.s.t.w.s.TestDispatcherServlet - Completed initialization in 2 ms
2026-06-24 10:22:52 [main] INFO  c.f.r.c.RestaurantControllerTest - Started RestaurantControllerTest in 2.86 seconds (process running for 22.7)
2026-06-24 10:22:52 [main] INFO  o.s.t.c.s.AnnotationConfigContextLoaderUtils - Could not detect default configuration classes for test class [com.fooddelivery.restaurant.controller.RestaurantMenuControllerTest]: RestaurantMenuControllerTest does not declare any static, non-private, non-final, nested classes annotated with @Configuration.
2026-06-24 10:22:52 [main] INFO  o.s.b.t.c.SpringBootTestContextBootstrapper - Found @SpringBootConfiguration com.fooddelivery.restaurant.RestaurantServiceApplication for test class com.fooddelivery.restaurant.controller.RestaurantMenuControllerTest
2026-06-24 10:22:55 [main] INFO  c.f.r.c.RestaurantMenuControllerTest - Starting RestaurantMenuControllerTest using Java 17.0.18 with PID 43396 (started by avilakad in C:\Users\avilakad\OneDrive - Publicis Groupe\Documents\Food-Delivery-main\restaurant-service)
2026-06-24 10:22:55 [main] DEBUG c.f.r.c.RestaurantMenuControllerTest - Running with Spring Boot v3.2.0, Spring v6.1.1
2026-06-24 10:22:55 [main] INFO  c.f.r.c.RestaurantMenuControllerTest - No active profile set, falling back to 1 default profile: "default"
2026-06-24 10:22:55 [main] INFO  o.s.c.c.c.ConfigServerConfigDataLoader - Fetching config from server at : http://localhost:8888
2026-06-24 10:22:55 [main] INFO  o.s.c.c.c.ConfigServerConfigDataLoader - Located environment: name=restaurant-service, profiles=[default], label=null, version=2bd0a43ba902012f51ed6133a6824929146aed06, state=null
2026-06-24 10:22:55 [main] WARN  o.s.b.a.s.s.UserDetailsServiceAutoConfiguration - 

Using generated security password: 14f4a90f-8d16-43e1-bc9c-f95ae02d3aec

This generated password is for development use only. Your security configuration must be updated before running your application in production.

2026-06-24 10:22:55 [main] INFO  o.s.s.web.DefaultSecurityFilterChain - Will secure any request with [org.springframework.security.web.session.DisableEncodeUrlFilter@6b89dfac, org.springframework.security.web.context.request.async.WebAsyncManagerIntegrationFilter@17287617, org.springframework.security.web.context.SecurityContextHolderFilter@2665ba0d, org.springframework.security.web.header.HeaderWriterFilter@597ca350, org.springframework.web.filter.CorsFilter@5589b8ed, org.springframework.security.web.csrf.CsrfFilter@9f1f42c, org.springframework.security.web.authentication.logout.LogoutFilter@389a070e, org.springframework.security.web.authentication.UsernamePasswordAuthenticationFilter@379ebfa0, org.springframework.security.web.authentication.ui.DefaultLoginPageGeneratingFilter@87f336d, org.springframework.security.web.authentication.ui.DefaultLogoutPageGeneratingFilter@44c639d4, org.springframework.security.web.authentication.www.BasicAuthenticationFilter@30b43d5d, org.springframework.security.web.savedrequest.RequestCacheAwareFilter@20337a79, org.springframework.security.web.servletapi.SecurityContextHolderAwareRequestFilter@3425709a, org.springframework.security.web.authentication.AnonymousAuthenticationFilter@6197fa5f, org.springframework.security.web.access.ExceptionTranslationFilter@3e2544e9, org.springframework.security.web.access.intercept.AuthorizationFilter@5f546133]
2026-06-24 10:22:55 [main] INFO  o.s.b.t.m.w.SpringBootMockServletContext - Initializing Spring TestDispatcherServlet ''
2026-06-24 10:22:55 [main] INFO  o.s.t.w.s.TestDispatcherServlet - Initializing Servlet ''
2026-06-24 10:22:55 [main] INFO  o.s.t.w.s.TestDispatcherServlet - Completed initialization in 1 ms
2026-06-24 10:22:55 [main] INFO  c.f.r.c.RestaurantMenuControllerTest - Started RestaurantMenuControllerTest in 2.922 seconds (process running for 26.497)
2026-06-24 10:22:57 [main] WARN  c.f.r.e.GlobalExceptionHandler - Duplicate record error: Restaurant already exists
2026-06-24 10:22:57 [main] WARN  c.f.r.e.GlobalExceptionHandler - JSON parsing error for PATCH request to /api/restaurants/1: JSON parse error
2026-06-24 10:22:57 [main] WARN  c.f.r.e.GlobalExceptionHandler - Duplicate record error: duplicate entry found
2026-06-24 10:22:57 [main] DEBUG c.f.r.e.GlobalExceptionHandler - Skipping JSON parsing error for actuator endpoint: /actuator
2026-06-24 10:22:57 [main] WARN  c.f.r.e.GlobalExceptionHandler - JSON parsing error for POST request to /api/restaurants: JSON parse error
2026-06-24 10:22:57 [main] WARN  c.f.r.e.GlobalExceptionHandler - JSON parsing error for POST request to null: JSON parse error
2026-06-24 10:22:57 [main] DEBUG c.f.r.e.GlobalExceptionHandler - Skipping JSON parsing error for DELETE request to /api/restaurants/1
2026-06-24 10:22:57 [main] WARN  c.f.r.e.GlobalExceptionHandler - Duplicate record error: unique constraint violation
2026-06-24 10:22:57 [main] DEBUG c.f.r.e.GlobalExceptionHandler - Skipping JSON parsing error for OPTIONS request to /api/restaurants
2026-06-24 10:22:57 [main] DEBUG c.f.r.e.GlobalExceptionHandler - Skipping JSON parsing error for HEAD request to /api/restaurants
2026-06-24 10:22:57 [main] DEBUG c.f.r.e.GlobalExceptionHandler - Skipping JSON parsing error for actuator endpoint: /api/actuator/health
2026-06-24 10:22:57 [main] DEBUG c.f.r.e.GlobalExceptionHandler - Skipping JSON parsing error for GET request to /api/restaurants
2026-06-24 10:22:57 [main] WARN  c.f.r.e.GlobalExceptionHandler - JSON parsing error for PUT request to /api/restaurants/1: JSON parse error
2026-06-24 10:22:57 [main] WARN  c.f.r.e.GlobalExceptionHandler - Data integrity violation on /api/restaurants: Unique constraint violation
2026-06-24 10:22:57 [main] DEBUG c.f.r.e.GlobalExceptionHandler - Letting Spring handle HttpMessageNotReadableException for TRACE request to /api/restaurants
2026-06-24 10:22:57 [main] INFO  o.s.t.c.s.AnnotationConfigContextLoaderUtils - Could not detect default configuration classes for test class [com.fooddelivery.restaurant.RestaurantServiceApplicationTest]: RestaurantServiceApplicationTest does not declare any static, non-private, non-final, nested classes annotated with @Configuration.
2026-06-24 10:22:57 [main] INFO  o.s.b.t.c.SpringBootTestContextBootstrapper - Found @SpringBootConfiguration com.fooddelivery.restaurant.RestaurantServiceApplication for test class com.fooddelivery.restaurant.RestaurantServiceApplicationTest
2026-06-24 10:22:58 [main] INFO  c.f.r.RestaurantServiceApplicationTest - Starting RestaurantServiceApplicationTest using Java 17.0.18 with PID 43396 (started by avilakad in C:\Users\avilakad\OneDrive - Publicis Groupe\Documents\Food-Delivery-main\restaurant-service)
2026-06-24 10:22:58 [main] DEBUG c.f.r.RestaurantServiceApplicationTest - Running with Spring Boot v3.2.0, Spring v6.1.1
2026-06-24 10:22:58 [main] INFO  c.f.r.RestaurantServiceApplicationTest - The following 1 profile is active: "test"
2026-06-24 10:22:58 [main] INFO  o.s.c.c.c.ConfigServerConfigDataLoader - Fetching config from server at : http://localhost:8888
2026-06-24 10:22:58 [main] INFO  o.s.c.c.c.ConfigServerConfigDataLoader - Located environment: name=restaurant-service, profiles=[default], label=null, version=2bd0a43ba902012f51ed6133a6824929146aed06, state=null
2026-06-24 10:22:58 [main] INFO  o.s.c.c.c.ConfigServerConfigDataLoader - Fetching config from server at : http://localhost:8888
2026-06-24 10:22:58 [main] INFO  o.s.c.c.c.ConfigServerConfigDataLoader - Located environment: name=restaurant-service, profiles=[test], label=null, version=2bd0a43ba902012f51ed6133a6824929146aed06, state=null
2026-06-24 10:22:58 [main] DEBUG o.s.w.c.s.GenericWebApplicationContext - Refreshing org.springframework.web.context.support.GenericWebApplicationContext@235bf36f
2026-06-24 10:23:00 [main] INFO  o.s.d.r.c.RepositoryConfigurationDelegate - Bootstrapping Spring Data JPA repositories in DEFAULT mode.
2026-06-24 10:23:00 [main] INFO  o.s.d.r.c.RepositoryConfigurationDelegate - Finished Spring Data repository scanning in 114 ms. Found 2 JPA repository interfaces.
2026-06-24 10:23:01 [main] INFO  o.s.cloud.context.scope.GenericScope - BeanFactory id=26aa103d-6b78-3d95-a6a0-dedce2349a0c
2026-06-24 10:23:01 [main] WARN  o.s.c.s.PostProcessorRegistrationDelegate$BeanPostProcessorChecker - Bean 'org.springframework.cloud.client.loadbalancer.LoadBalancerAutoConfiguration$RetryInterceptorAutoConfiguration' of type [org.springframework.cloud.client.loadbalancer.LoadBalancerAutoConfiguration$RetryInterceptorAutoConfiguration] is not eligible for getting processed by all BeanPostProcessors (for example: not eligible for auto-proxying). The currently created BeanPostProcessor [lbRestClientPostProcessor] is declared through a non-static factory method on that class; consider declaring it as static instead.
2026-06-24 10:23:01 [main] WARN  o.s.c.s.PostProcessorRegistrationDelegate$BeanPostProcessorChecker - Bean 'org.springframework.cloud.loadbalancer.config.BlockingLoadBalancerClientAutoConfiguration' of type [org.springframework.cloud.loadbalancer.config.BlockingLoadBalancerClientAutoConfiguration] is not eligible for getting processed by all BeanPostProcessors (for example: not eligible for auto-proxying). Is this bean getting eagerly injected into a currently created BeanPostProcessor [lbRestClientPostProcessor]? Check the corresponding BeanPostProcessor declaration and its dependencies.
2026-06-24 10:23:01 [main] WARN  o.s.c.s.PostProcessorRegistrationDelegate$BeanPostProcessorChecker - Bean 'org.springframework.cloud.loadbalancer.config.LoadBalancerAutoConfiguration' of type [org.springframework.cloud.loadbalancer.config.LoadBalancerAutoConfiguration] is not eligible for getting processed by all BeanPostProcessors (for example: not eligible for auto-proxying). Is this bean getting eagerly injected into a currently created BeanPostProcessor [lbRestClientPostProcessor]? Check the corresponding BeanPostProcessor declaration and its dependencies.
2026-06-24 10:23:01 [main] WARN  o.s.c.s.PostProcessorRegistrationDelegate$BeanPostProcessorChecker - Bean 'org.springframework.cloud.commons.config.CommonsConfigAutoConfiguration' of type [org.springframework.cloud.commons.config.CommonsConfigAutoConfiguration] is not eligible for getting processed by all BeanPostProcessors (for example: not eligible for auto-proxying). Is this bean getting eagerly injected into a currently created BeanPostProcessor [lbRestClientPostProcessor]? Check the corresponding BeanPostProcessor declaration and its dependencies.
2026-06-24 10:23:01 [main] WARN  o.s.c.s.PostProcessorRegistrationDelegate$BeanPostProcessorChecker - Bean 'org.springframework.cloud.client.loadbalancer.LoadBalancerDefaultMappingsProviderAutoConfiguration' of type [org.springframework.cloud.client.loadbalancer.LoadBalancerDefaultMappingsProviderAutoConfiguration] is not eligible for getting processed by all BeanPostProcessors (for example: not eligible for auto-proxying). Is this bean getting eagerly injected into a currently created BeanPostProcessor [lbRestClientPostProcessor]? Check the corresponding BeanPostProcessor declaration and its dependencies.
2026-06-24 10:23:01 [main] WARN  o.s.c.s.PostProcessorRegistrationDelegate$BeanPostProcessorChecker - Bean 'loadBalancerClientsDefaultsMappingsProvider' of type [org.springframework.cloud.client.loadbalancer.LoadBalancerDefaultMappingsProviderAutoConfiguration$$Lambda$1439/0x000001d5f0873fc8] is not eligible for getting processed by all BeanPostProcessors (for example: not eligible for auto-proxying). Is this bean getting eagerly injected into a currently created BeanPostProcessor [lbRestClientPostProcessor]? Check the corresponding BeanPostProcessor declaration and its dependencies.
2026-06-24 10:23:01 [main] WARN  o.s.c.s.PostProcessorRegistrationDelegate$BeanPostProcessorChecker - Bean 'defaultsBindHandlerAdvisor' of type [org.springframework.cloud.commons.config.DefaultsBindHandlerAdvisor] is not eligible for getting processed by all BeanPostProcessors (for example: not eligible for auto-proxying). Is this bean getting eagerly injected into a currently created BeanPostProcessor [lbRestClientPostProcessor]? Check the corresponding BeanPostProcessor declaration and its dependencies.
2026-06-24 10:23:01 [main] WARN  o.s.c.s.PostProcessorRegistrationDelegate$BeanPostProcessorChecker - Bean 'spring.cloud.loadbalancer-org.springframework.cloud.client.loadbalancer.LoadBalancerClientsProperties' of type [org.springframework.cloud.client.loadbalancer.LoadBalancerClientsProperties] is not eligible for getting processed by all BeanPostProcessors (for example: not eligible for auto-proxying). Is this bean getting eagerly injected into a currently created BeanPostProcessor [lbRestClientPostProcessor]? Check the corresponding BeanPostProcessor declaration and its dependencies.
2026-06-24 10:23:01 [main] WARN  o.s.c.s.PostProcessorRegistrationDelegate$BeanPostProcessorChecker - Bean 'default.org.springframework.cloud.loadbalancer.config.LoadBalancerAutoConfiguration.LoadBalancerClientSpecification' of type [org.springframework.cloud.loadbalancer.annotation.LoadBalancerClientSpecification] is not eligible for getting processed by all BeanPostProcessors (for example: not eligible for auto-proxying). Is this bean getting eagerly injected into a currently created BeanPostProcessor [lbRestClientPostProcessor]? Check the corresponding BeanPostProcessor declaration and its dependencies.
2026-06-24 10:23:01 [main] WARN  o.s.c.s.PostProcessorRegistrationDelegate$BeanPostProcessorChecker - Bean 'default.org.springframework.cloud.loadbalancer.config.BlockingLoadBalancerClientAutoConfiguration.LoadBalancerClientSpecification' of type [org.springframework.cloud.loadbalancer.annotation.LoadBalancerClientSpecification] is not eligible for getting processed by all BeanPostProcessors (for example: not eligible for auto-proxying). Is this bean getting eagerly injected into a currently created BeanPostProcessor [lbRestClientPostProcessor]? Check the corresponding BeanPostProcessor declaration and its dependencies.
2026-06-24 10:23:01 [main] WARN  o.s.c.s.PostProcessorRegistrationDelegate$BeanPostProcessorChecker - Bean 'loadBalancerClientFactory' of type [org.springframework.cloud.loadbalancer.support.LoadBalancerClientFactory] is not eligible for getting processed by all BeanPostProcessors (for example: not eligible for auto-proxying). Is this bean getting eagerly injected into a currently created BeanPostProcessor [lbRestClientPostProcessor]? Check the corresponding BeanPostProcessor declaration and its dependencies.
2026-06-24 10:23:01 [main] WARN  o.s.c.s.PostProcessorRegistrationDelegate$BeanPostProcessorChecker - Bean 'blockingLoadBalancerClient' of type [org.springframework.cloud.loadbalancer.blocking.client.BlockingLoadBalancerClient] is not eligible for getting processed by all BeanPostProcessors (for example: not eligible for auto-proxying). Is this bean getting eagerly injected into a currently created BeanPostProcessor [lbRestClientPostProcessor]? Check the corresponding BeanPostProcessor declaration and its dependencies.
2026-06-24 10:23:01 [main] WARN  o.s.c.s.PostProcessorRegistrationDelegate$BeanPostProcessorChecker - Bean 'loadBalancerServiceInstanceCookieTransformer' of type [org.springframework.cloud.loadbalancer.core.LoadBalancerServiceInstanceCookieTransformer] is not eligible for getting processed by all BeanPostProcessors (for example: not eligible for auto-proxying). Is this bean getting eagerly injected into a currently created BeanPostProcessor [lbRestClientPostProcessor]? Check the corresponding BeanPostProcessor declaration and its dependencies.
2026-06-24 10:23:01 [main] WARN  o.s.c.s.PostProcessorRegistrationDelegate$BeanPostProcessorChecker - Bean 'xForwarderHeadersTransformer' of type [org.springframework.cloud.loadbalancer.blocking.XForwardedHeadersTransformer] is not eligible for getting processed by all BeanPostProcessors (for example: not eligible for auto-proxying). Is this bean getting eagerly injected into a currently created BeanPostProcessor [lbRestClientPostProcessor]? Check the corresponding BeanPostProcessor declaration and its dependencies.
2026-06-24 10:23:01 [main] WARN  o.s.c.s.PostProcessorRegistrationDelegate$BeanPostProcessorChecker - Bean 'org.springframework.cloud.client.loadbalancer.LoadBalancerAutoConfiguration' of type [org.springframework.cloud.client.loadbalancer.LoadBalancerAutoConfiguration] is not eligible for getting processed by all BeanPostProcessors (for example: not eligible for auto-proxying). Is this bean getting eagerly injected into a currently created BeanPostProcessor [lbRestClientPostProcessor]? Check the corresponding BeanPostProcessor declaration and its dependencies.
2026-06-24 10:23:02 [main] WARN  o.s.c.s.PostProcessorRegistrationDelegate$BeanPostProcessorChecker - Bean 'loadBalancerRequestFactory' of type [org.springframework.cloud.client.loadbalancer.LoadBalancerRequestFactory] is not eligible for getting processed by all BeanPostProcessors (for example: not eligible for auto-proxying). Is this bean getting eagerly injected into a currently created BeanPostProcessor [lbRestClientPostProcessor]? Check the corresponding BeanPostProcessor declaration and its dependencies.
2026-06-24 10:23:02 [main] WARN  o.s.c.s.PostProcessorRegistrationDelegate$BeanPostProcessorChecker - Bean 'org.springframework.cloud.loadbalancer.config.BlockingLoadBalancerClientAutoConfiguration$BlockingLoadBalancerRetryConfig' of type [org.springframework.cloud.loadbalancer.config.BlockingLoadBalancerClientAutoConfiguration$BlockingLoadBalancerRetryConfig$$SpringCGLIB$$0] is not eligible for getting processed by all BeanPostProcessors (for example: not eligible for auto-proxying). Is this bean getting eagerly injected into a currently created BeanPostProcessor [lbRestClientPostProcessor]? Check the corresponding BeanPostProcessor declaration and its dependencies.
2026-06-24 10:23:02 [main] WARN  o.s.c.s.PostProcessorRegistrationDelegate$BeanPostProcessorChecker - Bean 'loadBalancedRetryFactory' of type [org.springframework.cloud.loadbalancer.blocking.retry.BlockingLoadBalancedRetryFactory] is not eligible for getting processed by all BeanPostProcessors (for example: not eligible for auto-proxying). Is this bean getting eagerly injected into a currently created BeanPostProcessor [lbRestClientPostProcessor]? Check the corresponding BeanPostProcessor declaration and its dependencies.
2026-06-24 10:23:02 [main] WARN  o.s.c.s.PostProcessorRegistrationDelegate$BeanPostProcessorChecker - Bean 'loadBalancerInterceptor' of type [org.springframework.cloud.client.loadbalancer.RetryLoadBalancerInterceptor] is not eligible for getting processed by all BeanPostProcessors (for example: not eligible for auto-proxying). Is this bean getting eagerly injected into a currently created BeanPostProcessor [lbRestClientPostProcessor]? Check the corresponding BeanPostProcessor declaration and its dependencies.
2026-06-24 10:23:02 [main] INFO  o.h.jpa.internal.util.LogHelper - HHH000204: Processing PersistenceUnitInfo [name: default]
2026-06-24 10:23:02 [main] INFO  org.hibernate.Version - HHH000412: Hibernate ORM core version 6.3.1.Final
2026-06-24 10:23:02 [main] INFO  o.h.c.i.RegionFactoryInitiator - HHH000026: Second-level cache disabled
2026-06-24 10:23:03 [main] INFO  o.s.o.j.p.SpringPersistenceUnitInfo - No LoadTimeWeaver setup: ignoring JPA class transformer
2026-06-24 10:23:03 [main] INFO  com.zaxxer.hikari.HikariDataSource - RestaurantServiceHikariPool - Starting...
2026-06-24 10:23:03 [main] INFO  com.zaxxer.hikari.pool.HikariPool - RestaurantServiceHikariPool - Added connection conn0: url=jdbc:h2:mem:testdb user=SA
2026-06-24 10:23:03 [main] INFO  com.zaxxer.hikari.HikariDataSource - RestaurantServiceHikariPool - Start completed.
2026-06-24 10:23:04 [main] WARN  org.hibernate.orm.deprecation - HHH90000025: H2Dialect does not need to be specified explicitly using 'hibernate.dialect' (remove the property setting and it will be selected by default)
2026-06-24 10:23:05 [main] INFO  o.h.e.t.j.p.i.JtaPlatformInitiator - HHH000489: No JTA platform available (set 'hibernate.transaction.jta.platform' to enable JTA platform integration)
2026-06-24 10:23:05 [main] DEBUG org.hibernate.SQL - 
    drop table if exists menu_items cascade 
2026-06-24 10:23:05 [main] DEBUG org.hibernate.SQL - 
    drop table if exists restaurants cascade 
2026-06-24 10:23:05 [main] DEBUG org.hibernate.SQL - 
    create table menu_items (
        is_available boolean,
        price numeric(10,2) not null,
        created_at timestamp(6) not null,
        id bigint generated by default as identity,
        restaurant_id bigint not null,
        updated_at timestamp(6),
        description varchar(255),
        name varchar(255) not null,
        primary key (id)
    )
2026-06-24 10:23:05 [main] DEBUG org.hibernate.SQL - 
    create table restaurants (
        is_active boolean,
        rating numeric(3,2),
        created_at timestamp(6) not null,
        id bigint generated by default as identity,
        updated_at timestamp(6),
        address varchar(255) not null,
        cuisine_type varchar(255) not null,
        name varchar(255) not null,
        phone varchar(255) not null,
        primary key (id)
    )
2026-06-24 10:23:05 [main] DEBUG org.hibernate.SQL - 
    alter table if exists menu_items 
       add constraint FKhaqtoboitpl0n541y0sc753my 
       foreign key (restaurant_id) 
       references restaurants
2026-06-24 10:23:05 [main] INFO  o.s.o.j.LocalContainerEntityManagerFactoryBean - Initialized JPA EntityManagerFactory for persistence unit 'default'
2026-06-24 10:23:06 [main] INFO  o.s.d.j.r.query.QueryEnhancerFactory - Hibernate is in classpath; If applicable, HQL parser will be used.
2026-06-24 10:23:08 [main] WARN  o.s.b.a.s.s.UserDetailsServiceAutoConfiguration - 

Using generated security password: ea942ae3-dc4a-4cd9-9d10-242ffc2160df

This generated password is for development use only. Your security configuration must be updated before running your application in production.

2026-06-24 10:23:09 [main] DEBUG o.s.w.s.m.m.a.RequestMappingHandlerMapping - 22 mappings in 'requestMappingHandlerMapping'
2026-06-24 10:23:09 [main] DEBUG o.s.w.s.c.a.WebMvcConfigurer - Default resource handling disabled
2026-06-24 10:23:09 [main] INFO  o.s.b.a.e.web.EndpointLinksResolver - Exposing 0 endpoint(s) beneath base path '/actuator'
2026-06-24 10:23:09 [main] INFO  o.s.s.web.DefaultSecurityFilterChain - Will secure any request with [org.springframework.security.web.session.DisableEncodeUrlFilter@7296bbc2, org.springframework.security.web.context.request.async.WebAsyncManagerIntegrationFilter@17bca6c, org.springframework.security.web.context.SecurityContextHolderFilter@6b7b690a, org.springframework.security.web.header.HeaderWriterFilter@15d66300, org.springframework.web.filter.CorsFilter@fe03958, org.springframework.security.web.authentication.logout.LogoutFilter@20a899f8, com.fooddelivery.restaurant.security.JwtAuthenticationFilter@41c66ca6, org.springframework.security.web.savedrequest.RequestCacheAwareFilter@6ec48344, org.springframework.security.web.servletapi.SecurityContextHolderAwareRequestFilter@57b2e0fe, org.springframework.security.web.authentication.AnonymousAuthenticationFilter@69d1a82, org.springframework.security.web.session.SessionManagementFilter@24e91744, org.springframework.security.web.access.ExceptionTranslationFilter@60471b24, org.springframework.security.web.access.intercept.AuthorizationFilter@f14c302]
2026-06-24 10:23:10 [main] DEBUG o.s.w.s.m.m.a.RequestMappingHandlerAdapter - ControllerAdvice beans: 0 @ModelAttribute, 0 @InitBinder, 1 RequestBodyAdvice, 1 ResponseBodyAdvice
2026-06-24 10:23:10 [main] DEBUG o.s.w.s.m.m.a.ExceptionHandlerExceptionResolver - ControllerAdvice beans: 1 @ExceptionHandler, 1 ResponseBodyAdvice
2026-06-24 10:23:11 [main] INFO  o.s.c.n.e.c.DiscoveryClientOptionalArgsConfiguration - Eureka HTTP Client uses RestTemplate.
2026-06-24 10:23:11 [main] WARN  o.s.c.l.c.LoadBalancerCacheAutoConfiguration$LoadBalancerCaffeineWarnLogger - Spring Cloud LoadBalancer is currently working with the default cache. While this cache implementation is useful for development and tests, it's recommended to use Caffeine cache in production.You can switch to using Caffeine cache, by adding it and org.springframework.cache.caffeine.CaffeineCacheManager to the classpath.
2026-06-24 10:23:11 [main] INFO  o.s.a.r.c.CachingConnectionFactory - Attempting to connect to: [localhost:5672]
2026-06-24 10:23:11 [main] INFO  o.s.a.r.c.CachingConnectionFactory - Created new connection: rabbitConnectionFactory#16924cf4:0/SimpleConnection@71376e66 [delegate=amqp://guest@127.0.0.1:5672/, localPort=52727]
2026-06-24 10:23:11 [main] INFO  o.s.amqp.rabbit.core.RabbitAdmin - Auto-declaring a non-durable or auto-delete Exchange (order.exchange) durable:false, auto-delete:false. It will be deleted by the broker if it shuts down, and can be redeclared by closing and reopening the connection.
2026-06-24 10:23:11 [main] INFO  o.s.amqp.rabbit.core.RabbitAdmin - Auto-declaring a non-durable or auto-delete Exchange (payment.exchange) durable:false, auto-delete:false. It will be deleted by the broker if it shuts down, and can be redeclared by closing and reopening the connection.
2026-06-24 10:23:11 [main] INFO  o.s.amqp.rabbit.core.RabbitAdmin - Auto-declaring a non-durable or auto-delete Exchange (restaurant.exchange) durable:false, auto-delete:false. It will be deleted by the broker if it shuts down, and can be redeclared by closing and reopening the connection.
2026-06-24 10:23:11 [main] INFO  o.s.amqp.rabbit.core.RabbitAdmin - Auto-declaring a non-durable or auto-delete Exchange (notification.exchange) durable:false, auto-delete:false. It will be deleted by the broker if it shuts down, and can be redeclared by closing and reopening the connection.
2026-06-24 10:23:11 [main] INFO  o.s.amqp.rabbit.core.RabbitAdmin - Auto-declaring a non-durable or auto-delete Exchange (dlx.exchange) durable:false, auto-delete:false. It will be deleted by the broker if it shuts down, and can be redeclared by closing and reopening the connection.
2026-06-24 10:23:11 [main] INFO  o.s.amqp.rabbit.core.RabbitAdmin - Auto-declaring a non-durable, auto-delete, or exclusive Queue (order.created.queue) durable:false, auto-delete:false, exclusive:false. It will be redeclared if the broker stops and is restarted while the connection factory is alive, but all messages will be lost.
2026-06-24 10:23:11 [main] INFO  o.s.amqp.rabbit.core.RabbitAdmin - Auto-declaring a non-durable, auto-delete, or exclusive Queue (order.confirmed.queue) durable:false, auto-delete:false, exclusive:false. It will be redeclared if the broker stops and is restarted while the connection factory is alive, but all messages will be lost.
2026-06-24 10:23:11 [main] INFO  o.s.amqp.rabbit.core.RabbitAdmin - Auto-declaring a non-durable, auto-delete, or exclusive Queue (order.cancelled.queue) durable:false, auto-delete:false, exclusive:false. It will be redeclared if the broker stops and is restarted while the connection factory is alive, but all messages will be lost.
2026-06-24 10:23:11 [main] INFO  o.s.amqp.rabbit.core.RabbitAdmin - Auto-declaring a non-durable, auto-delete, or exclusive Queue (payment.success.queue) durable:false, auto-delete:false, exclusive:false. It will be redeclared if the broker stops and is restarted while the connection factory is alive, but all messages will be lost.
2026-06-24 10:23:11 [main] INFO  o.s.amqp.rabbit.core.RabbitAdmin - Auto-declaring a non-durable, auto-delete, or exclusive Queue (payment.failed.queue) durable:false, auto-delete:false, exclusive:false. It will be redeclared if the broker stops and is restarted while the connection factory is alive, but all messages will be lost.
2026-06-24 10:23:11 [main] INFO  o.s.amqp.rabbit.core.RabbitAdmin - Auto-declaring a non-durable, auto-delete, or exclusive Queue (restaurant.accepted.queue) durable:false, auto-delete:false, exclusive:false. It will be redeclared if the broker stops and is restarted while the connection factory is alive, but all messages will be lost.
2026-06-24 10:23:11 [main] INFO  o.s.amqp.rabbit.core.RabbitAdmin - Auto-declaring a non-durable, auto-delete, or exclusive Queue (restaurant.rejected.queue) durable:false, auto-delete:false, exclusive:false. It will be redeclared if the broker stops and is restarted while the connection factory is alive, but all messages will be lost.
2026-06-24 10:23:11 [main] INFO  c.f.r.RestaurantServiceApplicationTest - Started RestaurantServiceApplicationTest in 14.454 seconds (process running for 42.458)
2026-06-24 10:23:12 [main] INFO  c.f.r.RestaurantServiceApplication - Starting RestaurantServiceApplication using Java 17.0.18 with PID 43396 (started by avilakad in C:\Users\avilakad\OneDrive - Publicis Groupe\Documents\Food-Delivery-main\restaurant-service)
2026-06-24 10:23:12 [main] DEBUG c.f.r.RestaurantServiceApplication - Running with Spring Boot v3.2.0, Spring v6.1.1
2026-06-24 10:23:12 [main] INFO  c.f.r.RestaurantServiceApplication - No active profile set, falling back to 1 default profile: "default"
2026-06-24 10:23:12 [main] INFO  o.s.c.c.c.ConfigServerConfigDataLoader - Fetching config from server at : http://localhost:8888
2026-06-24 10:23:12 [main] INFO  o.s.c.c.c.ConfigServerConfigDataLoader - Located environment: name=restaurant-service, profiles=[default], label=null, version=2bd0a43ba902012f51ed6133a6824929146aed06, state=null
2026-06-24 10:23:13 [main] INFO  o.s.d.r.c.RepositoryConfigurationDelegate - Bootstrapping Spring Data JPA repositories in DEFAULT mode.
2026-06-24 10:23:13 [main] INFO  o.s.d.r.c.RepositoryConfigurationDelegate - Finished Spring Data repository scanning in 21 ms. Found 2 JPA repository interfaces.
2026-06-24 10:23:13 [main] INFO  o.s.cloud.context.scope.GenericScope - BeanFactory id=111e3385-6c5f-3e30-8d3b-a82728f0a7dd
2026-06-24 10:23:13 [main] WARN  o.s.c.s.PostProcessorRegistrationDelegate$BeanPostProcessorChecker - Bean 'org.springframework.cloud.client.loadbalancer.LoadBalancerAutoConfiguration$RetryInterceptorAutoConfiguration' of type [org.springframework.cloud.client.loadbalancer.LoadBalancerAutoConfiguration$RetryInterceptorAutoConfiguration] is not eligible for getting processed by all BeanPostProcessors (for example: not eligible for auto-proxying). The currently created BeanPostProcessor [lbRestClientPostProcessor] is declared through a non-static factory method on that class; consider declaring it as static instead.
2026-06-24 10:23:13 [main] WARN  o.s.c.s.PostProcessorRegistrationDelegate$BeanPostProcessorChecker - Bean 'org.springframework.cloud.loadbalancer.config.BlockingLoadBalancerClientAutoConfiguration' of type [org.springframework.cloud.loadbalancer.config.BlockingLoadBalancerClientAutoConfiguration] is not eligible for getting processed by all BeanPostProcessors (for example: not eligible for auto-proxying). Is this bean getting eagerly injected into a currently created BeanPostProcessor [lbRestClientPostProcessor]? Check the corresponding BeanPostProcessor declaration and its dependencies.
2026-06-24 10:23:13 [main] WARN  o.s.c.s.PostProcessorRegistrationDelegate$BeanPostProcessorChecker - Bean 'org.springframework.cloud.loadbalancer.config.LoadBalancerAutoConfiguration' of type [org.springframework.cloud.loadbalancer.config.LoadBalancerAutoConfiguration] is not eligible for getting processed by all BeanPostProcessors (for example: not eligible for auto-proxying). Is this bean getting eagerly injected into a currently created BeanPostProcessor [lbRestClientPostProcessor]? Check the corresponding BeanPostProcessor declaration and its dependencies.
2026-06-24 10:23:13 [main] WARN  o.s.c.s.PostProcessorRegistrationDelegate$BeanPostProcessorChecker - Bean 'org.springframework.cloud.commons.config.CommonsConfigAutoConfiguration' of type [org.springframework.cloud.commons.config.CommonsConfigAutoConfiguration] is not eligible for getting processed by all BeanPostProcessors (for example: not eligible for auto-proxying). Is this bean getting eagerly injected into a currently created BeanPostProcessor [lbRestClientPostProcessor]? Check the corresponding BeanPostProcessor declaration and its dependencies.
2026-06-24 10:23:13 [main] WARN  o.s.c.s.PostProcessorRegistrationDelegate$BeanPostProcessorChecker - Bean 'org.springframework.cloud.client.loadbalancer.LoadBalancerDefaultMappingsProviderAutoConfiguration' of type [org.springframework.cloud.client.loadbalancer.LoadBalancerDefaultMappingsProviderAutoConfiguration] is not eligible for getting processed by all BeanPostProcessors (for example: not eligible for auto-proxying). Is this bean getting eagerly injected into a currently created BeanPostProcessor [lbRestClientPostProcessor]? Check the corresponding BeanPostProcessor declaration and its dependencies.
2026-06-24 10:23:13 [main] WARN  o.s.c.s.PostProcessorRegistrationDelegate$BeanPostProcessorChecker - Bean 'loadBalancerClientsDefaultsMappingsProvider' of type [org.springframework.cloud.client.loadbalancer.LoadBalancerDefaultMappingsProviderAutoConfiguration$$Lambda$1439/0x000001d5f0873fc8] is not eligible for getting processed by all BeanPostProcessors (for example: not eligible for auto-proxying). Is this bean getting eagerly injected into a currently created BeanPostProcessor [lbRestClientPostProcessor]? Check the corresponding BeanPostProcessor declaration and its dependencies.
2026-06-24 10:23:13 [main] WARN  o.s.c.s.PostProcessorRegistrationDelegate$BeanPostProcessorChecker - Bean 'defaultsBindHandlerAdvisor' of type [org.springframework.cloud.commons.config.DefaultsBindHandlerAdvisor] is not eligible for getting processed by all BeanPostProcessors (for example: not eligible for auto-proxying). Is this bean getting eagerly injected into a currently created BeanPostProcessor [lbRestClientPostProcessor]? Check the corresponding BeanPostProcessor declaration and its dependencies.
2026-06-24 10:23:13 [main] WARN  o.s.c.s.PostProcessorRegistrationDelegate$BeanPostProcessorChecker - Bean 'spring.cloud.loadbalancer-org.springframework.cloud.client.loadbalancer.LoadBalancerClientsProperties' of type [org.springframework.cloud.client.loadbalancer.LoadBalancerClientsProperties] is not eligible for getting processed by all BeanPostProcessors (for example: not eligible for auto-proxying). Is this bean getting eagerly injected into a currently created BeanPostProcessor [lbRestClientPostProcessor]? Check the corresponding BeanPostProcessor declaration and its dependencies.
2026-06-24 10:23:13 [main] WARN  o.s.c.s.PostProcessorRegistrationDelegate$BeanPostProcessorChecker - Bean 'default.org.springframework.cloud.loadbalancer.config.LoadBalancerAutoConfiguration.LoadBalancerClientSpecification' of type [org.springframework.cloud.loadbalancer.annotation.LoadBalancerClientSpecification] is not eligible for getting processed by all BeanPostProcessors (for example: not eligible for auto-proxying). Is this bean getting eagerly injected into a currently created BeanPostProcessor [lbRestClientPostProcessor]? Check the corresponding BeanPostProcessor declaration and its dependencies.
2026-06-24 10:23:13 [main] WARN  o.s.c.s.PostProcessorRegistrationDelegate$BeanPostProcessorChecker - Bean 'default.org.springframework.cloud.loadbalancer.config.BlockingLoadBalancerClientAutoConfiguration.LoadBalancerClientSpecification' of type [org.springframework.cloud.loadbalancer.annotation.LoadBalancerClientSpecification] is not eligible for getting processed by all BeanPostProcessors (for example: not eligible for auto-proxying). Is this bean getting eagerly injected into a currently created BeanPostProcessor [lbRestClientPostProcessor]? Check the corresponding BeanPostProcessor declaration and its dependencies.
2026-06-24 10:23:13 [main] WARN  o.s.c.s.PostProcessorRegistrationDelegate$BeanPostProcessorChecker - Bean 'loadBalancerClientFactory' of type [org.springframework.cloud.loadbalancer.support.LoadBalancerClientFactory] is not eligible for getting processed by all BeanPostProcessors (for example: not eligible for auto-proxying). Is this bean getting eagerly injected into a currently created BeanPostProcessor [lbRestClientPostProcessor]? Check the corresponding BeanPostProcessor declaration and its dependencies.
2026-06-24 10:23:13 [main] WARN  o.s.c.s.PostProcessorRegistrationDelegate$BeanPostProcessorChecker - Bean 'blockingLoadBalancerClient' of type [org.springframework.cloud.loadbalancer.blocking.client.BlockingLoadBalancerClient] is not eligible for getting processed by all BeanPostProcessors (for example: not eligible for auto-proxying). Is this bean getting eagerly injected into a currently created BeanPostProcessor [lbRestClientPostProcessor]? Check the corresponding BeanPostProcessor declaration and its dependencies.
2026-06-24 10:23:13 [main] WARN  o.s.c.s.PostProcessorRegistrationDelegate$BeanPostProcessorChecker - Bean 'loadBalancerServiceInstanceCookieTransformer' of type [org.springframework.cloud.loadbalancer.core.LoadBalancerServiceInstanceCookieTransformer] is not eligible for getting processed by all BeanPostProcessors (for example: not eligible for auto-proxying). Is this bean getting eagerly injected into a currently created BeanPostProcessor [lbRestClientPostProcessor]? Check the corresponding BeanPostProcessor declaration and its dependencies.
2026-06-24 10:23:13 [main] WARN  o.s.c.s.PostProcessorRegistrationDelegate$BeanPostProcessorChecker - Bean 'xForwarderHeadersTransformer' of type [org.springframework.cloud.loadbalancer.blocking.XForwardedHeadersTransformer] is not eligible for getting processed by all BeanPostProcessors (for example: not eligible for auto-proxying). Is this bean getting eagerly injected into a currently created BeanPostProcessor [lbRestClientPostProcessor]? Check the corresponding BeanPostProcessor declaration and its dependencies.
2026-06-24 10:23:13 [main] WARN  o.s.c.s.PostProcessorRegistrationDelegate$BeanPostProcessorChecker - Bean 'org.springframework.cloud.client.loadbalancer.LoadBalancerAutoConfiguration' of type [org.springframework.cloud.client.loadbalancer.LoadBalancerAutoConfiguration] is not eligible for getting processed by all BeanPostProcessors (for example: not eligible for auto-proxying). Is this bean getting eagerly injected into a currently created BeanPostProcessor [lbRestClientPostProcessor]? Check the corresponding BeanPostProcessor declaration and its dependencies.
2026-06-24 10:23:13 [main] WARN  o.s.c.s.PostProcessorRegistrationDelegate$BeanPostProcessorChecker - Bean 'loadBalancerRequestFactory' of type [org.springframework.cloud.client.loadbalancer.LoadBalancerRequestFactory] is not eligible for getting processed by all BeanPostProcessors (for example: not eligible for auto-proxying). Is this bean getting eagerly injected into a currently created BeanPostProcessor [lbRestClientPostProcessor]? Check the corresponding BeanPostProcessor declaration and its dependencies.
2026-06-24 10:23:13 [main] WARN  o.s.c.s.PostProcessorRegistrationDelegate$BeanPostProcessorChecker - Bean 'org.springframework.cloud.loadbalancer.config.BlockingLoadBalancerClientAutoConfiguration$BlockingLoadBalancerRetryConfig' of type [org.springframework.cloud.loadbalancer.config.BlockingLoadBalancerClientAutoConfiguration$BlockingLoadBalancerRetryConfig$$SpringCGLIB$$0] is not eligible for getting processed by all BeanPostProcessors (for example: not eligible for auto-proxying). Is this bean getting eagerly injected into a currently created BeanPostProcessor [lbRestClientPostProcessor]? Check the corresponding BeanPostProcessor declaration and its dependencies.
2026-06-24 10:23:13 [main] WARN  o.s.c.s.PostProcessorRegistrationDelegate$BeanPostProcessorChecker - Bean 'loadBalancedRetryFactory' of type [org.springframework.cloud.loadbalancer.blocking.retry.BlockingLoadBalancedRetryFactory] is not eligible for getting processed by all BeanPostProcessors (for example: not eligible for auto-proxying). Is this bean getting eagerly injected into a currently created BeanPostProcessor [lbRestClientPostProcessor]? Check the corresponding BeanPostProcessor declaration and its dependencies.
2026-06-24 10:23:13 [main] WARN  o.s.c.s.PostProcessorRegistrationDelegate$BeanPostProcessorChecker - Bean 'loadBalancerInterceptor' of type [org.springframework.cloud.client.loadbalancer.RetryLoadBalancerInterceptor] is not eligible for getting processed by all BeanPostProcessors (for example: not eligible for auto-proxying). Is this bean getting eagerly injected into a currently created BeanPostProcessor [lbRestClientPostProcessor]? Check the corresponding BeanPostProcessor declaration and its dependencies.
2026-06-24 10:23:14 [main] INFO  o.s.b.w.e.tomcat.TomcatWebServer - Tomcat initialized with port 0 (http)
2026-06-24 10:23:14 [main] INFO  o.a.catalina.core.StandardService - Starting service [Tomcat]
2026-06-24 10:23:14 [main] INFO  o.a.catalina.core.StandardEngine - Starting Servlet engine: [Apache Tomcat/10.1.16]
2026-06-24 10:23:14 [main] INFO  o.a.c.c.C.[Tomcat].[localhost].[/] - Initializing Spring embedded WebApplicationContext
2026-06-24 10:23:14 [main] INFO  o.s.b.w.s.c.ServletWebServerApplicationContext - Root WebApplicationContext: initialization completed in 1303 ms
2026-06-24 10:23:14 [main] DEBUG c.f.r.s.JwtAuthenticationFilter - Filter 'jwtAuthenticationFilter' configured for use
2026-06-24 10:23:14 [main] INFO  o.h.jpa.internal.util.LogHelper - HHH000204: Processing PersistenceUnitInfo [name: default]
2026-06-24 10:23:14 [main] INFO  o.h.c.i.RegionFactoryInitiator - HHH000026: Second-level cache disabled
2026-06-24 10:23:14 [main] INFO  o.s.o.j.p.SpringPersistenceUnitInfo - No LoadTimeWeaver setup: ignoring JPA class transformer
2026-06-24 10:23:14 [main] INFO  com.zaxxer.hikari.HikariDataSource - RestaurantServiceHikariPool - Starting...
2026-06-24 10:23:14 [main] INFO  com.zaxxer.hikari.pool.HikariPool - RestaurantServiceHikariPool - Added connection conn5: url=jdbc:h2:mem:maintest2 user=SA
2026-06-24 10:23:14 [main] INFO  com.zaxxer.hikari.HikariDataSource - RestaurantServiceHikariPool - Start completed.
2026-06-24 10:23:14 [main] WARN  org.hibernate.orm.deprecation - HHH90000025: H2Dialect does not need to be specified explicitly using 'hibernate.dialect' (remove the property setting and it will be selected by default)
2026-06-24 10:23:14 [main] INFO  o.h.e.t.j.p.i.JtaPlatformInitiator - HHH000489: No JTA platform available (set 'hibernate.transaction.jta.platform' to enable JTA platform integration)
2026-06-24 10:23:14 [main] DEBUG org.hibernate.SQL - 
    drop table if exists menu_items cascade 
2026-06-24 10:23:14 [main] DEBUG org.hibernate.SQL - 
    drop table if exists restaurants cascade 
2026-06-24 10:23:14 [main] DEBUG org.hibernate.SQL - 
    create table menu_items (
        is_available boolean,
        price numeric(10,2) not null,
        created_at timestamp(6) not null,
        id bigint generated by default as identity,
        restaurant_id bigint not null,
        updated_at timestamp(6),
        description varchar(255),
        name varchar(255) not null,
        primary key (id)
    )
2026-06-24 10:23:14 [main] DEBUG org.hibernate.SQL - 
    create table restaurants (
        is_active boolean,
        rating numeric(3,2),
        created_at timestamp(6) not null,
        id bigint generated by default as identity,
        updated_at timestamp(6),
        address varchar(255) not null,
        cuisine_type varchar(255) not null,
        name varchar(255) not null,
        phone varchar(255) not null,
        primary key (id)
    )
2026-06-24 10:23:14 [main] DEBUG org.hibernate.SQL - 
    alter table if exists menu_items 
       add constraint FKhaqtoboitpl0n541y0sc753my 
       foreign key (restaurant_id) 
       references restaurants
2026-06-24 10:23:14 [main] INFO  o.s.o.j.LocalContainerEntityManagerFactoryBean - Initialized JPA EntityManagerFactory for persistence unit 'default'
2026-06-24 10:23:15 [main] WARN  o.s.b.a.s.s.UserDetailsServiceAutoConfiguration - 

Using generated security password: cca60221-d9aa-48ce-b499-ea36457310b1

This generated password is for development use only. Your security configuration must be updated before running your application in production.

2026-06-24 10:23:15 [main] INFO  o.s.b.a.e.web.EndpointLinksResolver - Exposing 5 endpoint(s) beneath base path '/actuator'
2026-06-24 10:23:15 [main] INFO  o.s.s.web.DefaultSecurityFilterChain - Will secure any request with [org.springframework.security.web.session.DisableEncodeUrlFilter@46abe39f, org.springframework.security.web.context.request.async.WebAsyncManagerIntegrationFilter@1167630e, org.springframework.security.web.context.SecurityContextHolderFilter@62d63e0f, org.springframework.security.web.header.HeaderWriterFilter@1dece83e, org.springframework.web.filter.CorsFilter@779ce5cb, org.springframework.security.web.authentication.logout.LogoutFilter@5775ca12, com.fooddelivery.restaurant.security.JwtAuthenticationFilter@292e5054, org.springframework.security.web.savedrequest.RequestCacheAwareFilter@67b082d6, org.springframework.security.web.servletapi.SecurityContextHolderAwareRequestFilter@5acc4f24, org.springframework.security.web.authentication.AnonymousAuthenticationFilter@6fdf4d43, org.springframework.security.web.session.SessionManagementFilter@71518312, org.springframework.security.web.access.ExceptionTranslationFilter@15265fd3, org.springframework.security.web.access.intercept.AuthorizationFilter@2a2fc3d7]
2026-06-24 10:23:16 [main] INFO  o.s.c.n.e.c.DiscoveryClientOptionalArgsConfiguration - Eureka HTTP Client uses RestTemplate.
2026-06-24 10:23:16 [main] WARN  o.s.c.l.c.LoadBalancerCacheAutoConfiguration$LoadBalancerCaffeineWarnLogger - Spring Cloud LoadBalancer is currently working with the default cache. While this cache implementation is useful for development and tests, it's recommended to use Caffeine cache in production.You can switch to using Caffeine cache, by adding it and org.springframework.cache.caffeine.CaffeineCacheManager to the classpath.
2026-06-24 10:23:16 [main] INFO  o.s.b.w.e.tomcat.TomcatWebServer - Tomcat started on port 52736 (http) with context path ''
2026-06-24 10:23:16 [main] INFO  o.s.a.r.c.CachingConnectionFactory - Attempting to connect to: [localhost:5672]
2026-06-24 10:23:16 [main] INFO  o.s.a.r.c.CachingConnectionFactory - Created new connection: rabbitConnectionFactory#57b85745:0/SimpleConnection@34a45c42 [delegate=amqp://guest@127.0.0.1:5672/, localPort=52737]
2026-06-24 10:23:16 [main] INFO  o.s.amqp.rabbit.core.RabbitAdmin - Auto-declaring a non-durable or auto-delete Exchange (order.exchange) durable:false, auto-delete:false. It will be deleted by the broker if it shuts down, and can be redeclared by closing and reopening the connection.
2026-06-24 10:23:16 [main] INFO  o.s.amqp.rabbit.core.RabbitAdmin - Auto-declaring a non-durable or auto-delete Exchange (payment.exchange) durable:false, auto-delete:false. It will be deleted by the broker if it shuts down, and can be redeclared by closing and reopening the connection.
2026-06-24 10:23:16 [main] INFO  o.s.amqp.rabbit.core.RabbitAdmin - Auto-declaring a non-durable or auto-delete Exchange (restaurant.exchange) durable:false, auto-delete:false. It will be deleted by the broker if it shuts down, and can be redeclared by closing and reopening the connection.
2026-06-24 10:23:16 [main] INFO  o.s.amqp.rabbit.core.RabbitAdmin - Auto-declaring a non-durable or auto-delete Exchange (notification.exchange) durable:false, auto-delete:false. It will be deleted by the broker if it shuts down, and can be redeclared by closing and reopening the connection.
2026-06-24 10:23:16 [main] INFO  o.s.amqp.rabbit.core.RabbitAdmin - Auto-declaring a non-durable or auto-delete Exchange (dlx.exchange) durable:false, auto-delete:false. It will be deleted by the broker if it shuts down, and can be redeclared by closing and reopening the connection.
2026-06-24 10:23:16 [main] INFO  o.s.amqp.rabbit.core.RabbitAdmin - Auto-declaring a non-durable, auto-delete, or exclusive Queue (order.created.queue) durable:false, auto-delete:false, exclusive:false. It will be redeclared if the broker stops and is restarted while the connection factory is alive, but all messages will be lost.
2026-06-24 10:23:16 [main] INFO  o.s.amqp.rabbit.core.RabbitAdmin - Auto-declaring a non-durable, auto-delete, or exclusive Queue (order.confirmed.queue) durable:false, auto-delete:false, exclusive:false. It will be redeclared if the broker stops and is restarted while the connection factory is alive, but all messages will be lost.
2026-06-24 10:23:16 [main] INFO  o.s.amqp.rabbit.core.RabbitAdmin - Auto-declaring a non-durable, auto-delete, or exclusive Queue (order.cancelled.queue) durable:false, auto-delete:false, exclusive:false. It will be redeclared if the broker stops and is restarted while the connection factory is alive, but all messages will be lost.
2026-06-24 10:23:16 [main] INFO  o.s.amqp.rabbit.core.RabbitAdmin - Auto-declaring a non-durable, auto-delete, or exclusive Queue (payment.success.queue) durable:false, auto-delete:false, exclusive:false. It will be redeclared if the broker stops and is restarted while the connection factory is alive, but all messages will be lost.
2026-06-24 10:23:16 [main] INFO  o.s.amqp.rabbit.core.RabbitAdmin - Auto-declaring a non-durable, auto-delete, or exclusive Queue (payment.failed.queue) durable:false, auto-delete:false, exclusive:false. It will be redeclared if the broker stops and is restarted while the connection factory is alive, but all messages will be lost.
2026-06-24 10:23:16 [main] INFO  o.s.amqp.rabbit.core.RabbitAdmin - Auto-declaring a non-durable, auto-delete, or exclusive Queue (restaurant.accepted.queue) durable:false, auto-delete:false, exclusive:false. It will be redeclared if the broker stops and is restarted while the connection factory is alive, but all messages will be lost.
2026-06-24 10:23:16 [main] INFO  o.s.amqp.rabbit.core.RabbitAdmin - Auto-declaring a non-durable, auto-delete, or exclusive Queue (restaurant.rejected.queue) durable:false, auto-delete:false, exclusive:false. It will be redeclared if the broker stops and is restarted while the connection factory is alive, but all messages will be lost.
2026-06-24 10:23:16 [main] INFO  c.f.r.RestaurantServiceApplication - Started RestaurantServiceApplication in 4.895 seconds (process running for 47.45)
2026-06-24 10:23:17 [main] INFO  c.f.r.RestaurantServiceApplication - Starting RestaurantServiceApplication using Java 17.0.18 with PID 43396 (started by avilakad in C:\Users\avilakad\OneDrive - Publicis Groupe\Documents\Food-Delivery-main\restaurant-service)
2026-06-24 10:23:17 [main] DEBUG c.f.r.RestaurantServiceApplication - Running with Spring Boot v3.2.0, Spring v6.1.1
2026-06-24 10:23:17 [main] INFO  c.f.r.RestaurantServiceApplication - No active profile set, falling back to 1 default profile: "default"
2026-06-24 10:23:17 [main] INFO  o.s.c.c.c.ConfigServerConfigDataLoader - Fetching config from server at : http://localhost:8888
2026-06-24 10:23:17 [main] INFO  o.s.c.c.c.ConfigServerConfigDataLoader - Located environment: name=restaurant-service, profiles=[default], label=null, version=2bd0a43ba902012f51ed6133a6824929146aed06, state=null
2026-06-24 10:23:17 [main] INFO  o.s.d.r.c.RepositoryConfigurationDelegate - Bootstrapping Spring Data JPA repositories in DEFAULT mode.
2026-06-24 10:23:18 [main] INFO  o.s.d.r.c.RepositoryConfigurationDelegate - Finished Spring Data repository scanning in 59 ms. Found 2 JPA repository interfaces.
2026-06-24 10:23:18 [main] INFO  o.s.cloud.context.scope.GenericScope - BeanFactory id=111e3385-6c5f-3e30-8d3b-a82728f0a7dd
2026-06-24 10:23:18 [main] WARN  o.s.c.s.PostProcessorRegistrationDelegate$BeanPostProcessorChecker - Bean 'org.springframework.cloud.client.loadbalancer.LoadBalancerAutoConfiguration$RetryInterceptorAutoConfiguration' of type [org.springframework.cloud.client.loadbalancer.LoadBalancerAutoConfiguration$RetryInterceptorAutoConfiguration] is not eligible for getting processed by all BeanPostProcessors (for example: not eligible for auto-proxying). The currently created BeanPostProcessor [lbRestClientPostProcessor] is declared through a non-static factory method on that class; consider declaring it as static instead.
2026-06-24 10:23:18 [main] WARN  o.s.c.s.PostProcessorRegistrationDelegate$BeanPostProcessorChecker - Bean 'org.springframework.cloud.loadbalancer.config.BlockingLoadBalancerClientAutoConfiguration' of type [org.springframework.cloud.loadbalancer.config.BlockingLoadBalancerClientAutoConfiguration] is not eligible for getting processed by all BeanPostProcessors (for example: not eligible for auto-proxying). Is this bean getting eagerly injected into a currently created BeanPostProcessor [lbRestClientPostProcessor]? Check the corresponding BeanPostProcessor declaration and its dependencies.
2026-06-24 10:23:18 [main] WARN  o.s.c.s.PostProcessorRegistrationDelegate$BeanPostProcessorChecker - Bean 'org.springframework.cloud.loadbalancer.config.LoadBalancerAutoConfiguration' of type [org.springframework.cloud.loadbalancer.config.LoadBalancerAutoConfiguration] is not eligible for getting processed by all BeanPostProcessors (for example: not eligible for auto-proxying). Is this bean getting eagerly injected into a currently created BeanPostProcessor [lbRestClientPostProcessor]? Check the corresponding BeanPostProcessor declaration and its dependencies.
2026-06-24 10:23:18 [main] WARN  o.s.c.s.PostProcessorRegistrationDelegate$BeanPostProcessorChecker - Bean 'org.springframework.cloud.commons.config.CommonsConfigAutoConfiguration' of type [org.springframework.cloud.commons.config.CommonsConfigAutoConfiguration] is not eligible for getting processed by all BeanPostProcessors (for example: not eligible for auto-proxying). Is this bean getting eagerly injected into a currently created BeanPostProcessor [lbRestClientPostProcessor]? Check the corresponding BeanPostProcessor declaration and its dependencies.
2026-06-24 10:23:18 [main] WARN  o.s.c.s.PostProcessorRegistrationDelegate$BeanPostProcessorChecker - Bean 'org.springframework.cloud.client.loadbalancer.LoadBalancerDefaultMappingsProviderAutoConfiguration' of type [org.springframework.cloud.client.loadbalancer.LoadBalancerDefaultMappingsProviderAutoConfiguration] is not eligible for getting processed by all BeanPostProcessors (for example: not eligible for auto-proxying). Is this bean getting eagerly injected into a currently created BeanPostProcessor [lbRestClientPostProcessor]? Check the corresponding BeanPostProcessor declaration and its dependencies.
2026-06-24 10:23:18 [main] WARN  o.s.c.s.PostProcessorRegistrationDelegate$BeanPostProcessorChecker - Bean 'loadBalancerClientsDefaultsMappingsProvider' of type [org.springframework.cloud.client.loadbalancer.LoadBalancerDefaultMappingsProviderAutoConfiguration$$Lambda$1439/0x000001d5f0873fc8] is not eligible for getting processed by all BeanPostProcessors (for example: not eligible for auto-proxying). Is this bean getting eagerly injected into a currently created BeanPostProcessor [lbRestClientPostProcessor]? Check the corresponding BeanPostProcessor declaration and its dependencies.
2026-06-24 10:23:18 [main] WARN  o.s.c.s.PostProcessorRegistrationDelegate$BeanPostProcessorChecker - Bean 'defaultsBindHandlerAdvisor' of type [org.springframework.cloud.commons.config.DefaultsBindHandlerAdvisor] is not eligible for getting processed by all BeanPostProcessors (for example: not eligible for auto-proxying). Is this bean getting eagerly injected into a currently created BeanPostProcessor [lbRestClientPostProcessor]? Check the corresponding BeanPostProcessor declaration and its dependencies.
2026-06-24 10:23:18 [main] WARN  o.s.c.s.PostProcessorRegistrationDelegate$BeanPostProcessorChecker - Bean 'spring.cloud.loadbalancer-org.springframework.cloud.client.loadbalancer.LoadBalancerClientsProperties' of type [org.springframework.cloud.client.loadbalancer.LoadBalancerClientsProperties] is not eligible for getting processed by all BeanPostProcessors (for example: not eligible for auto-proxying). Is this bean getting eagerly injected into a currently created BeanPostProcessor [lbRestClientPostProcessor]? Check the corresponding BeanPostProcessor declaration and its dependencies.
2026-06-24 10:23:18 [main] WARN  o.s.c.s.PostProcessorRegistrationDelegate$BeanPostProcessorChecker - Bean 'default.org.springframework.cloud.loadbalancer.config.LoadBalancerAutoConfiguration.LoadBalancerClientSpecification' of type [org.springframework.cloud.loadbalancer.annotation.LoadBalancerClientSpecification] is not eligible for getting processed by all BeanPostProcessors (for example: not eligible for auto-proxying). Is this bean getting eagerly injected into a currently created BeanPostProcessor [lbRestClientPostProcessor]? Check the corresponding BeanPostProcessor declaration and its dependencies.
2026-06-24 10:23:18 [main] WARN  o.s.c.s.PostProcessorRegistrationDelegate$BeanPostProcessorChecker - Bean 'default.org.springframework.cloud.loadbalancer.config.BlockingLoadBalancerClientAutoConfiguration.LoadBalancerClientSpecification' of type [org.springframework.cloud.loadbalancer.annotation.LoadBalancerClientSpecification] is not eligible for getting processed by all BeanPostProcessors (for example: not eligible for auto-proxying). Is this bean getting eagerly injected into a currently created BeanPostProcessor [lbRestClientPostProcessor]? Check the corresponding BeanPostProcessor declaration and its dependencies.
2026-06-24 10:23:18 [main] WARN  o.s.c.s.PostProcessorRegistrationDelegate$BeanPostProcessorChecker - Bean 'loadBalancerClientFactory' of type [org.springframework.cloud.loadbalancer.support.LoadBalancerClientFactory] is not eligible for getting processed by all BeanPostProcessors (for example: not eligible for auto-proxying). Is this bean getting eagerly injected into a currently created BeanPostProcessor [lbRestClientPostProcessor]? Check the corresponding BeanPostProcessor declaration and its dependencies.
2026-06-24 10:23:18 [main] WARN  o.s.c.s.PostProcessorRegistrationDelegate$BeanPostProcessorChecker - Bean 'blockingLoadBalancerClient' of type [org.springframework.cloud.loadbalancer.blocking.client.BlockingLoadBalancerClient] is not eligible for getting processed by all BeanPostProcessors (for example: not eligible for auto-proxying). Is this bean getting eagerly injected into a currently created BeanPostProcessor [lbRestClientPostProcessor]? Check the corresponding BeanPostProcessor declaration and its dependencies.
2026-06-24 10:23:18 [main] WARN  o.s.c.s.PostProcessorRegistrationDelegate$BeanPostProcessorChecker - Bean 'loadBalancerServiceInstanceCookieTransformer' of type [org.springframework.cloud.loadbalancer.core.LoadBalancerServiceInstanceCookieTransformer] is not eligible for getting processed by all BeanPostProcessors (for example: not eligible for auto-proxying). Is this bean getting eagerly injected into a currently created BeanPostProcessor [lbRestClientPostProcessor]? Check the corresponding BeanPostProcessor declaration and its dependencies.
2026-06-24 10:23:18 [main] WARN  o.s.c.s.PostProcessorRegistrationDelegate$BeanPostProcessorChecker - Bean 'xForwarderHeadersTransformer' of type [org.springframework.cloud.loadbalancer.blocking.XForwardedHeadersTransformer] is not eligible for getting processed by all BeanPostProcessors (for example: not eligible for auto-proxying). Is this bean getting eagerly injected into a currently created BeanPostProcessor [lbRestClientPostProcessor]? Check the corresponding BeanPostProcessor declaration and its dependencies.
2026-06-24 10:23:18 [main] WARN  o.s.c.s.PostProcessorRegistrationDelegate$BeanPostProcessorChecker - Bean 'org.springframework.cloud.client.loadbalancer.LoadBalancerAutoConfiguration' of type [org.springframework.cloud.client.loadbalancer.LoadBalancerAutoConfiguration] is not eligible for getting processed by all BeanPostProcessors (for example: not eligible for auto-proxying). Is this bean getting eagerly injected into a currently created BeanPostProcessor [lbRestClientPostProcessor]? Check the corresponding BeanPostProcessor declaration and its dependencies.
2026-06-24 10:23:18 [main] WARN  o.s.c.s.PostProcessorRegistrationDelegate$BeanPostProcessorChecker - Bean 'loadBalancerRequestFactory' of type [org.springframework.cloud.client.loadbalancer.LoadBalancerRequestFactory] is not eligible for getting processed by all BeanPostProcessors (for example: not eligible for auto-proxying). Is this bean getting eagerly injected into a currently created BeanPostProcessor [lbRestClientPostProcessor]? Check the corresponding BeanPostProcessor declaration and its dependencies.
2026-06-24 10:23:18 [main] WARN  o.s.c.s.PostProcessorRegistrationDelegate$BeanPostProcessorChecker - Bean 'org.springframework.cloud.loadbalancer.config.BlockingLoadBalancerClientAutoConfiguration$BlockingLoadBalancerRetryConfig' of type [org.springframework.cloud.loadbalancer.config.BlockingLoadBalancerClientAutoConfiguration$BlockingLoadBalancerRetryConfig$$SpringCGLIB$$0] is not eligible for getting processed by all BeanPostProcessors (for example: not eligible for auto-proxying). Is this bean getting eagerly injected into a currently created BeanPostProcessor [lbRestClientPostProcessor]? Check the corresponding BeanPostProcessor declaration and its dependencies.
2026-06-24 10:23:18 [main] WARN  o.s.c.s.PostProcessorRegistrationDelegate$BeanPostProcessorChecker - Bean 'loadBalancedRetryFactory' of type [org.springframework.cloud.loadbalancer.blocking.retry.BlockingLoadBalancedRetryFactory] is not eligible for getting processed by all BeanPostProcessors (for example: not eligible for auto-proxying). Is this bean getting eagerly injected into a currently created BeanPostProcessor [lbRestClientPostProcessor]? Check the corresponding BeanPostProcessor declaration and its dependencies.
2026-06-24 10:23:18 [main] WARN  o.s.c.s.PostProcessorRegistrationDelegate$BeanPostProcessorChecker - Bean 'loadBalancerInterceptor' of type [org.springframework.cloud.client.loadbalancer.RetryLoadBalancerInterceptor] is not eligible for getting processed by all BeanPostProcessors (for example: not eligible for auto-proxying). Is this bean getting eagerly injected into a currently created BeanPostProcessor [lbRestClientPostProcessor]? Check the corresponding BeanPostProcessor declaration and its dependencies.
2026-06-24 10:23:18 [main] INFO  o.s.b.w.e.tomcat.TomcatWebServer - Tomcat initialized with port 0 (http)
2026-06-24 10:23:18 [main] INFO  o.a.catalina.core.StandardService - Starting service [Tomcat]
2026-06-24 10:23:18 [main] INFO  o.a.catalina.core.StandardEngine - Starting Servlet engine: [Apache Tomcat/10.1.16]
2026-06-24 10:23:18 [main] INFO  o.a.c.c.C.[Tomcat-1].[localhost].[/] - Initializing Spring embedded WebApplicationContext
2026-06-24 10:23:18 [main] INFO  o.s.b.w.s.c.ServletWebServerApplicationContext - Root WebApplicationContext: initialization completed in 1215 ms
2026-06-24 10:23:19 [main] DEBUG c.f.r.s.JwtAuthenticationFilter - Filter 'jwtAuthenticationFilter' configured for use
2026-06-24 10:23:19 [main] INFO  o.h.jpa.internal.util.LogHelper - HHH000204: Processing PersistenceUnitInfo [name: default]
2026-06-24 10:23:19 [main] INFO  o.h.c.i.RegionFactoryInitiator - HHH000026: Second-level cache disabled
2026-06-24 10:23:19 [main] INFO  o.s.o.j.p.SpringPersistenceUnitInfo - No LoadTimeWeaver setup: ignoring JPA class transformer
2026-06-24 10:23:19 [main] INFO  com.zaxxer.hikari.HikariDataSource - RestaurantServiceHikariPool - Starting...
2026-06-24 10:23:19 [main] INFO  com.zaxxer.hikari.pool.HikariPool - RestaurantServiceHikariPool - Added connection conn10: url=jdbc:h2:mem:maintest user=SA
2026-06-24 10:23:19 [main] INFO  com.zaxxer.hikari.HikariDataSource - RestaurantServiceHikariPool - Start completed.
2026-06-24 10:23:19 [main] WARN  org.hibernate.orm.deprecation - HHH90000025: H2Dialect does not need to be specified explicitly using 'hibernate.dialect' (remove the property setting and it will be selected by default)
2026-06-24 10:23:19 [main] INFO  o.h.e.t.j.p.i.JtaPlatformInitiator - HHH000489: No JTA platform available (set 'hibernate.transaction.jta.platform' to enable JTA platform integration)
2026-06-24 10:23:19 [main] DEBUG org.hibernate.SQL - 
    drop table if exists menu_items cascade 
2026-06-24 10:23:19 [main] DEBUG org.hibernate.SQL - 
    drop table if exists restaurants cascade 
2026-06-24 10:23:19 [main] DEBUG org.hibernate.SQL - 
    create table menu_items (
        is_available boolean,
        price numeric(10,2) not null,
        created_at timestamp(6) not null,
        id bigint generated by default as identity,
        restaurant_id bigint not null,
        updated_at timestamp(6),
        description varchar(255),
        name varchar(255) not null,
        primary key (id)
    )
2026-06-24 10:23:19 [main] DEBUG org.hibernate.SQL - 
    create table restaurants (
        is_active boolean,
        rating numeric(3,2),
        created_at timestamp(6) not null,
        id bigint generated by default as identity,
        updated_at timestamp(6),
        address varchar(255) not null,
        cuisine_type varchar(255) not null,
        name varchar(255) not null,
        phone varchar(255) not null,
        primary key (id)
    )
2026-06-24 10:23:19 [main] DEBUG org.hibernate.SQL - 
    alter table if exists menu_items 
       add constraint FKhaqtoboitpl0n541y0sc753my 
       foreign key (restaurant_id) 
       references restaurants
2026-06-24 10:23:19 [main] INFO  o.s.o.j.LocalContainerEntityManagerFactoryBean - Initialized JPA EntityManagerFactory for persistence unit 'default'
2026-06-24 10:23:20 [main] WARN  o.s.b.a.s.s.UserDetailsServiceAutoConfiguration - 

Using generated security password: 65233a4b-ef30-41b5-aafd-7211df706a7d

This generated password is for development use only. Your security configuration must be updated before running your application in production.

2026-06-24 10:23:20 [main] INFO  o.s.b.a.e.web.EndpointLinksResolver - Exposing 5 endpoint(s) beneath base path '/actuator'
2026-06-24 10:23:20 [main] INFO  o.s.s.web.DefaultSecurityFilterChain - Will secure any request with [org.springframework.security.web.session.DisableEncodeUrlFilter@47bd03b7, org.springframework.security.web.context.request.async.WebAsyncManagerIntegrationFilter@7b892a24, org.springframework.security.web.context.SecurityContextHolderFilter@1ae063a1, org.springframework.security.web.header.HeaderWriterFilter@fe44424, org.springframework.web.filter.CorsFilter@76286f2b, org.springframework.security.web.authentication.logout.LogoutFilter@55f54ae1, com.fooddelivery.restaurant.security.JwtAuthenticationFilter@40d8157, org.springframework.security.web.savedrequest.RequestCacheAwareFilter@1019e42d, org.springframework.security.web.servletapi.SecurityContextHolderAwareRequestFilter@1b91c495, org.springframework.security.web.authentication.AnonymousAuthenticationFilter@6c677326, org.springframework.security.web.session.SessionManagementFilter@5243b02f, org.springframework.security.web.access.ExceptionTranslationFilter@57a9f879, org.springframework.security.web.access.intercept.AuthorizationFilter@605ffe2a]
2026-06-24 10:23:21 [main] INFO  o.s.c.n.e.c.DiscoveryClientOptionalArgsConfiguration - Eureka HTTP Client uses RestTemplate.
2026-06-24 10:23:21 [main] WARN  o.s.c.l.c.LoadBalancerCacheAutoConfiguration$LoadBalancerCaffeineWarnLogger - Spring Cloud LoadBalancer is currently working with the default cache. While this cache implementation is useful for development and tests, it's recommended to use Caffeine cache in production.You can switch to using Caffeine cache, by adding it and org.springframework.cache.caffeine.CaffeineCacheManager to the classpath.
2026-06-24 10:23:21 [main] INFO  o.s.b.w.e.tomcat.TomcatWebServer - Tomcat started on port 52743 (http) with context path ''
2026-06-24 10:23:21 [main] INFO  o.s.a.r.c.CachingConnectionFactory - Attempting to connect to: [localhost:5672]
2026-06-24 10:23:21 [main] INFO  o.s.a.r.c.CachingConnectionFactory - Created new connection: rabbitConnectionFactory#3975389f:0/SimpleConnection@58cebce6 [delegate=amqp://guest@127.0.0.1:5672/, localPort=52746]
2026-06-24 10:23:21 [main] INFO  o.s.amqp.rabbit.core.RabbitAdmin - Auto-declaring a non-durable or auto-delete Exchange (order.exchange) durable:false, auto-delete:false. It will be deleted by the broker if it shuts down, and can be redeclared by closing and reopening the connection.
2026-06-24 10:23:21 [main] INFO  o.s.amqp.rabbit.core.RabbitAdmin - Auto-declaring a non-durable or auto-delete Exchange (payment.exchange) durable:false, auto-delete:false. It will be deleted by the broker if it shuts down, and can be redeclared by closing and reopening the connection.
2026-06-24 10:23:21 [main] INFO  o.s.amqp.rabbit.core.RabbitAdmin - Auto-declaring a non-durable or auto-delete Exchange (restaurant.exchange) durable:false, auto-delete:false. It will be deleted by the broker if it shuts down, and can be redeclared by closing and reopening the connection.
2026-06-24 10:23:21 [main] INFO  o.s.amqp.rabbit.core.RabbitAdmin - Auto-declaring a non-durable or auto-delete Exchange (notification.exchange) durable:false, auto-delete:false. It will be deleted by the broker if it shuts down, and can be redeclared by closing and reopening the connection.
2026-06-24 10:23:21 [main] INFO  o.s.amqp.rabbit.core.RabbitAdmin - Auto-declaring a non-durable or auto-delete Exchange (dlx.exchange) durable:false, auto-delete:false. It will be deleted by the broker if it shuts down, and can be redeclared by closing and reopening the connection.
2026-06-24 10:23:21 [main] INFO  o.s.amqp.rabbit.core.RabbitAdmin - Auto-declaring a non-durable, auto-delete, or exclusive Queue (order.created.queue) durable:false, auto-delete:false, exclusive:false. It will be redeclared if the broker stops and is restarted while the connection factory is alive, but all messages will be lost.
2026-06-24 10:23:21 [main] INFO  o.s.amqp.rabbit.core.RabbitAdmin - Auto-declaring a non-durable, auto-delete, or exclusive Queue (order.confirmed.queue) durable:false, auto-delete:false, exclusive:false. It will be redeclared if the broker stops and is restarted while the connection factory is alive, but all messages will be lost.
2026-06-24 10:23:21 [main] INFO  o.s.amqp.rabbit.core.RabbitAdmin - Auto-declaring a non-durable, auto-delete, or exclusive Queue (order.cancelled.queue) durable:false, auto-delete:false, exclusive:false. It will be redeclared if the broker stops and is restarted while the connection factory is alive, but all messages will be lost.
2026-06-24 10:23:21 [main] INFO  o.s.amqp.rabbit.core.RabbitAdmin - Auto-declaring a non-durable, auto-delete, or exclusive Queue (payment.success.queue) durable:false, auto-delete:false, exclusive:false. It will be redeclared if the broker stops and is restarted while the connection factory is alive, but all messages will be lost.
2026-06-24 10:23:21 [main] INFO  o.s.amqp.rabbit.core.RabbitAdmin - Auto-declaring a non-durable, auto-delete, or exclusive Queue (payment.failed.queue) durable:false, auto-delete:false, exclusive:false. It will be redeclared if the broker stops and is restarted while the connection factory is alive, but all messages will be lost.
2026-06-24 10:23:21 [main] INFO  o.s.amqp.rabbit.core.RabbitAdmin - Auto-declaring a non-durable, auto-delete, or exclusive Queue (restaurant.accepted.queue) durable:false, auto-delete:false, exclusive:false. It will be redeclared if the broker stops and is restarted while the connection factory is alive, but all messages will be lost.
2026-06-24 10:23:21 [main] INFO  o.s.amqp.rabbit.core.RabbitAdmin - Auto-declaring a non-durable, auto-delete, or exclusive Queue (restaurant.rejected.queue) durable:false, auto-delete:false, exclusive:false. It will be redeclared if the broker stops and is restarted while the connection factory is alive, but all messages will be lost.
2026-06-24 10:23:22 [main] INFO  c.f.r.RestaurantServiceApplication - Started RestaurantServiceApplication in 5.297 seconds (process running for 52.756)
2026-06-24 10:23:24 [org.springframework.amqp.rabbit.RabbitListenerEndpointContainer#0-2] INFO  o.s.a.r.l.SimpleMessageListenerContainer - Waiting for workers to finish.
2026-06-24 10:23:24 [org.springframework.amqp.rabbit.RabbitListenerEndpointContainer#0-2] INFO  o.s.a.r.l.SimpleMessageListenerContainer - Successfully waited for workers to finish.
2026-06-24 10:23:26 [SpringApplicationShutdownHook] INFO  o.s.o.j.LocalContainerEntityManagerFactoryBean - Closing JPA EntityManagerFactory for persistence unit 'default'
2026-06-24 10:23:26 [SpringApplicationShutdownHook] DEBUG org.hibernate.SQL - 
    drop table if exists menu_items cascade 
2026-06-24 10:23:26 [SpringApplicationShutdownHook] DEBUG org.hibernate.SQL - 
    drop table if exists restaurants cascade 
2026-06-24 10:23:26 [SpringApplicationShutdownHook] INFO  com.zaxxer.hikari.HikariDataSource - RestaurantServiceHikariPool - Shutdown initiated...
2026-06-24 10:23:26 [SpringApplicationShutdownHook] INFO  com.zaxxer.hikari.HikariDataSource - RestaurantServiceHikariPool - Shutdown completed.
2026-06-24 10:23:26 [org.springframework.amqp.rabbit.RabbitListenerEndpointContainer#0-2] INFO  o.s.a.r.l.SimpleMessageListenerContainer - Waiting for workers to finish.
2026-06-24 10:23:26 [org.springframework.amqp.rabbit.RabbitListenerEndpointContainer#0-2] INFO  o.s.a.r.l.SimpleMessageListenerContainer - Successfully waited for workers to finish.
2026-06-24 10:23:26 [SpringApplicationShutdownHook] INFO  o.s.o.j.LocalContainerEntityManagerFactoryBean - Closing JPA EntityManagerFactory for persistence unit 'default'
2026-06-24 10:23:26 [SpringApplicationShutdownHook] DEBUG org.hibernate.SQL - 
    drop table if exists menu_items cascade 
2026-06-24 10:23:26 [SpringApplicationShutdownHook] DEBUG org.hibernate.SQL - 
    drop table if exists restaurants cascade 
2026-06-24 10:23:26 [SpringApplicationShutdownHook] INFO  com.zaxxer.hikari.HikariDataSource - RestaurantServiceHikariPool - Shutdown initiated...
2026-06-24 10:23:26 [SpringApplicationShutdownHook] INFO  com.zaxxer.hikari.HikariDataSource - RestaurantServiceHikariPool - Shutdown completed.
2026-06-24 10:23:27 [org.springframework.amqp.rabbit.RabbitListenerEndpointContainer#0-2] INFO  o.s.a.r.l.SimpleMessageListenerContainer - Waiting for workers to finish.
2026-06-24 10:23:28 [org.springframework.amqp.rabbit.RabbitListenerEndpointContainer#0-2] INFO  o.s.a.r.l.SimpleMessageListenerContainer - Successfully waited for workers to finish.
2026-06-24 10:23:28 [SpringApplicationShutdownHook] INFO  o.s.o.j.LocalContainerEntityManagerFactoryBean - Closing JPA EntityManagerFactory for persistence unit 'default'
2026-06-24 10:23:28 [SpringApplicationShutdownHook] DEBUG org.hibernate.SQL - 
    drop table if exists menu_items cascade 
2026-06-24 10:23:28 [SpringApplicationShutdownHook] DEBUG org.hibernate.SQL - 
    drop table if exists restaurants cascade 
2026-06-24 10:23:28 [SpringApplicationShutdownHook] INFO  com.zaxxer.hikari.HikariDataSource - RestaurantServiceHikariPool - Shutdown initiated...
2026-06-24 10:23:28 [SpringApplicationShutdownHook] INFO  com.zaxxer.hikari.HikariDataSource - RestaurantServiceHikariPool - Shutdown completed.
2026-06-24 10:24:06 [main] INFO  c.f.r.RestaurantServiceApplication - Starting RestaurantServiceApplication using Java 17.0.18 with PID 33300 (C:\Users\avilakad\OneDrive - Publicis Groupe\Documents\Food-Delivery-main\restaurant-service\target\classes started by avilakad in C:\Users\avilakad\OneDrive - Publicis Groupe\Documents\Food-Delivery-main\restaurant-service)
2026-06-24 10:24:06 [main] DEBUG c.f.r.RestaurantServiceApplication - Running with Spring Boot v3.2.0, Spring v6.1.1
2026-06-24 10:24:06 [main] INFO  c.f.r.RestaurantServiceApplication - No active profile set, falling back to 1 default profile: "default"
2026-06-24 10:24:06 [main] INFO  o.s.c.c.c.ConfigServerConfigDataLoader - Fetching config from server at : http://localhost:8888
2026-06-24 10:24:06 [main] INFO  o.s.c.c.c.ConfigServerConfigDataLoader - Located environment: name=restaurant-service, profiles=[default], label=null, version=2bd0a43ba902012f51ed6133a6824929146aed06, state=null
2026-06-24 10:24:08 [main] INFO  o.s.d.r.c.RepositoryConfigurationDelegate - Bootstrapping Spring Data JPA repositories in DEFAULT mode.
2026-06-24 10:24:08 [main] INFO  o.s.d.r.c.RepositoryConfigurationDelegate - Finished Spring Data repository scanning in 139 ms. Found 2 JPA repository interfaces.
2026-06-24 10:24:08 [main] INFO  o.s.cloud.context.scope.GenericScope - BeanFactory id=b00b536c-c450-310f-bb3b-c069fa4ab85e
2026-06-24 10:24:08 [main] WARN  o.s.c.s.PostProcessorRegistrationDelegate$BeanPostProcessorChecker - Bean 'org.springframework.cloud.client.loadbalancer.LoadBalancerAutoConfiguration$RetryInterceptorAutoConfiguration' of type [org.springframework.cloud.client.loadbalancer.LoadBalancerAutoConfiguration$RetryInterceptorAutoConfiguration] is not eligible for getting processed by all BeanPostProcessors (for example: not eligible for auto-proxying). The currently created BeanPostProcessor [lbRestClientPostProcessor] is declared through a non-static factory method on that class; consider declaring it as static instead.
2026-06-24 10:24:08 [main] WARN  o.s.c.s.PostProcessorRegistrationDelegate$BeanPostProcessorChecker - Bean 'org.springframework.cloud.loadbalancer.config.BlockingLoadBalancerClientAutoConfiguration' of type [org.springframework.cloud.loadbalancer.config.BlockingLoadBalancerClientAutoConfiguration] is not eligible for getting processed by all BeanPostProcessors (for example: not eligible for auto-proxying). Is this bean getting eagerly injected into a currently created BeanPostProcessor [lbRestClientPostProcessor]? Check the corresponding BeanPostProcessor declaration and its dependencies.
2026-06-24 10:24:08 [main] WARN  o.s.c.s.PostProcessorRegistrationDelegate$BeanPostProcessorChecker - Bean 'org.springframework.cloud.loadbalancer.config.LoadBalancerAutoConfiguration' of type [org.springframework.cloud.loadbalancer.config.LoadBalancerAutoConfiguration] is not eligible for getting processed by all BeanPostProcessors (for example: not eligible for auto-proxying). Is this bean getting eagerly injected into a currently created BeanPostProcessor [lbRestClientPostProcessor]? Check the corresponding BeanPostProcessor declaration and its dependencies.
2026-06-24 10:24:08 [main] WARN  o.s.c.s.PostProcessorRegistrationDelegate$BeanPostProcessorChecker - Bean 'org.springframework.cloud.commons.config.CommonsConfigAutoConfiguration' of type [org.springframework.cloud.commons.config.CommonsConfigAutoConfiguration] is not eligible for getting processed by all BeanPostProcessors (for example: not eligible for auto-proxying). Is this bean getting eagerly injected into a currently created BeanPostProcessor [lbRestClientPostProcessor]? Check the corresponding BeanPostProcessor declaration and its dependencies.
2026-06-24 10:24:08 [main] WARN  o.s.c.s.PostProcessorRegistrationDelegate$BeanPostProcessorChecker - Bean 'org.springframework.cloud.client.loadbalancer.LoadBalancerDefaultMappingsProviderAutoConfiguration' of type [org.springframework.cloud.client.loadbalancer.LoadBalancerDefaultMappingsProviderAutoConfiguration] is not eligible for getting processed by all BeanPostProcessors (for example: not eligible for auto-proxying). Is this bean getting eagerly injected into a currently created BeanPostProcessor [lbRestClientPostProcessor]? Check the corresponding BeanPostProcessor declaration and its dependencies.
2026-06-24 10:24:08 [main] WARN  o.s.c.s.PostProcessorRegistrationDelegate$BeanPostProcessorChecker - Bean 'loadBalancerClientsDefaultsMappingsProvider' of type [org.springframework.cloud.client.loadbalancer.LoadBalancerDefaultMappingsProviderAutoConfiguration$$Lambda$671/0x000001c31952f7b8] is not eligible for getting processed by all BeanPostProcessors (for example: not eligible for auto-proxying). Is this bean getting eagerly injected into a currently created BeanPostProcessor [lbRestClientPostProcessor]? Check the corresponding BeanPostProcessor declaration and its dependencies.
2026-06-24 10:24:08 [main] WARN  o.s.c.s.PostProcessorRegistrationDelegate$BeanPostProcessorChecker - Bean 'defaultsBindHandlerAdvisor' of type [org.springframework.cloud.commons.config.DefaultsBindHandlerAdvisor] is not eligible for getting processed by all BeanPostProcessors (for example: not eligible for auto-proxying). Is this bean getting eagerly injected into a currently created BeanPostProcessor [lbRestClientPostProcessor]? Check the corresponding BeanPostProcessor declaration and its dependencies.
2026-06-24 10:24:09 [main] WARN  o.s.c.s.PostProcessorRegistrationDelegate$BeanPostProcessorChecker - Bean 'spring.cloud.loadbalancer-org.springframework.cloud.client.loadbalancer.LoadBalancerClientsProperties' of type [org.springframework.cloud.client.loadbalancer.LoadBalancerClientsProperties] is not eligible for getting processed by all BeanPostProcessors (for example: not eligible for auto-proxying). Is this bean getting eagerly injected into a currently created BeanPostProcessor [lbRestClientPostProcessor]? Check the corresponding BeanPostProcessor declaration and its dependencies.
2026-06-24 10:24:09 [main] WARN  o.s.c.s.PostProcessorRegistrationDelegate$BeanPostProcessorChecker - Bean 'default.org.springframework.cloud.loadbalancer.config.LoadBalancerAutoConfiguration.LoadBalancerClientSpecification' of type [org.springframework.cloud.loadbalancer.annotation.LoadBalancerClientSpecification] is not eligible for getting processed by all BeanPostProcessors (for example: not eligible for auto-proxying). Is this bean getting eagerly injected into a currently created BeanPostProcessor [lbRestClientPostProcessor]? Check the corresponding BeanPostProcessor declaration and its dependencies.
2026-06-24 10:24:09 [main] WARN  o.s.c.s.PostProcessorRegistrationDelegate$BeanPostProcessorChecker - Bean 'default.org.springframework.cloud.loadbalancer.config.BlockingLoadBalancerClientAutoConfiguration.LoadBalancerClientSpecification' of type [org.springframework.cloud.loadbalancer.annotation.LoadBalancerClientSpecification] is not eligible for getting processed by all BeanPostProcessors (for example: not eligible for auto-proxying). Is this bean getting eagerly injected into a currently created BeanPostProcessor [lbRestClientPostProcessor]? Check the corresponding BeanPostProcessor declaration and its dependencies.
2026-06-24 10:24:09 [main] WARN  o.s.c.s.PostProcessorRegistrationDelegate$BeanPostProcessorChecker - Bean 'default.org.springframework.cloud.netflix.eureka.loadbalancer.LoadBalancerEurekaAutoConfiguration.LoadBalancerClientSpecification' of type [org.springframework.cloud.loadbalancer.annotation.LoadBalancerClientSpecification] is not eligible for getting processed by all BeanPostProcessors (for example: not eligible for auto-proxying). Is this bean getting eagerly injected into a currently created BeanPostProcessor [lbRestClientPostProcessor]? Check the corresponding BeanPostProcessor declaration and its dependencies.
2026-06-24 10:24:09 [main] WARN  o.s.c.s.PostProcessorRegistrationDelegate$BeanPostProcessorChecker - Bean 'loadBalancerClientFactory' of type [org.springframework.cloud.loadbalancer.support.LoadBalancerClientFactory] is not eligible for getting processed by all BeanPostProcessors (for example: not eligible for auto-proxying). Is this bean getting eagerly injected into a currently created BeanPostProcessor [lbRestClientPostProcessor]? Check the corresponding BeanPostProcessor declaration and its dependencies.
2026-06-24 10:24:09 [main] WARN  o.s.c.s.PostProcessorRegistrationDelegate$BeanPostProcessorChecker - Bean 'blockingLoadBalancerClient' of type [org.springframework.cloud.loadbalancer.blocking.client.BlockingLoadBalancerClient] is not eligible for getting processed by all BeanPostProcessors (for example: not eligible for auto-proxying). Is this bean getting eagerly injected into a currently created BeanPostProcessor [lbRestClientPostProcessor]? Check the corresponding BeanPostProcessor declaration and its dependencies.
2026-06-24 10:24:09 [main] WARN  o.s.c.s.PostProcessorRegistrationDelegate$BeanPostProcessorChecker - Bean 'loadBalancerServiceInstanceCookieTransformer' of type [org.springframework.cloud.loadbalancer.core.LoadBalancerServiceInstanceCookieTransformer] is not eligible for getting processed by all BeanPostProcessors (for example: not eligible for auto-proxying). Is this bean getting eagerly injected into a currently created BeanPostProcessor [lbRestClientPostProcessor]? Check the corresponding BeanPostProcessor declaration and its dependencies.
2026-06-24 10:24:09 [main] WARN  o.s.c.s.PostProcessorRegistrationDelegate$BeanPostProcessorChecker - Bean 'xForwarderHeadersTransformer' of type [org.springframework.cloud.loadbalancer.blocking.XForwardedHeadersTransformer] is not eligible for getting processed by all BeanPostProcessors (for example: not eligible for auto-proxying). Is this bean getting eagerly injected into a currently created BeanPostProcessor [lbRestClientPostProcessor]? Check the corresponding BeanPostProcessor declaration and its dependencies.
2026-06-24 10:24:09 [main] WARN  o.s.c.s.PostProcessorRegistrationDelegate$BeanPostProcessorChecker - Bean 'org.springframework.cloud.client.loadbalancer.LoadBalancerAutoConfiguration' of type [org.springframework.cloud.client.loadbalancer.LoadBalancerAutoConfiguration] is not eligible for getting processed by all BeanPostProcessors (for example: not eligible for auto-proxying). Is this bean getting eagerly injected into a currently created BeanPostProcessor [lbRestClientPostProcessor]? Check the corresponding BeanPostProcessor declaration and its dependencies.
2026-06-24 10:24:09 [main] WARN  o.s.c.s.PostProcessorRegistrationDelegate$BeanPostProcessorChecker - Bean 'loadBalancerRequestFactory' of type [org.springframework.cloud.client.loadbalancer.LoadBalancerRequestFactory] is not eligible for getting processed by all BeanPostProcessors (for example: not eligible for auto-proxying). Is this bean getting eagerly injected into a currently created BeanPostProcessor [lbRestClientPostProcessor]? Check the corresponding BeanPostProcessor declaration and its dependencies.
2026-06-24 10:24:09 [main] WARN  o.s.c.s.PostProcessorRegistrationDelegate$BeanPostProcessorChecker - Bean 'org.springframework.cloud.loadbalancer.config.BlockingLoadBalancerClientAutoConfiguration$BlockingLoadBalancerRetryConfig' of type [org.springframework.cloud.loadbalancer.config.BlockingLoadBalancerClientAutoConfiguration$BlockingLoadBalancerRetryConfig$$SpringCGLIB$$0] is not eligible for getting processed by all BeanPostProcessors (for example: not eligible for auto-proxying). Is this bean getting eagerly injected into a currently created BeanPostProcessor [lbRestClientPostProcessor]? Check the corresponding BeanPostProcessor declaration and its dependencies.
2026-06-24 10:24:09 [main] WARN  o.s.c.s.PostProcessorRegistrationDelegate$BeanPostProcessorChecker - Bean 'loadBalancedRetryFactory' of type [org.springframework.cloud.loadbalancer.blocking.retry.BlockingLoadBalancedRetryFactory] is not eligible for getting processed by all BeanPostProcessors (for example: not eligible for auto-proxying). Is this bean getting eagerly injected into a currently created BeanPostProcessor [lbRestClientPostProcessor]? Check the corresponding BeanPostProcessor declaration and its dependencies.
2026-06-24 10:24:09 [main] WARN  o.s.c.s.PostProcessorRegistrationDelegate$BeanPostProcessorChecker - Bean 'loadBalancerInterceptor' of type [org.springframework.cloud.client.loadbalancer.RetryLoadBalancerInterceptor] is not eligible for getting processed by all BeanPostProcessors (for example: not eligible for auto-proxying). Is this bean getting eagerly injected into a currently created BeanPostProcessor [lbRestClientPostProcessor]? Check the corresponding BeanPostProcessor declaration and its dependencies.
2026-06-24 10:24:09 [main] INFO  o.s.b.w.e.tomcat.TomcatWebServer - Tomcat initialized with port 8082 (http)
2026-06-24 10:24:09 [main] INFO  o.a.catalina.core.StandardService - Starting service [Tomcat]
2026-06-24 10:24:09 [main] INFO  o.a.catalina.core.StandardEngine - Starting Servlet engine: [Apache Tomcat/10.1.16]
2026-06-24 10:24:09 [main] INFO  o.a.c.c.C.[Tomcat].[localhost].[/] - Initializing Spring embedded WebApplicationContext
2026-06-24 10:24:09 [main] INFO  o.s.b.w.s.c.ServletWebServerApplicationContext - Root WebApplicationContext: initialization completed in 2735 ms
2026-06-24 10:24:10 [main] DEBUG c.f.r.s.JwtAuthenticationFilter - Filter 'jwtAuthenticationFilter' configured for use
2026-06-24 10:24:10 [main] INFO  o.h.jpa.internal.util.LogHelper - HHH000204: Processing PersistenceUnitInfo [name: default]
2026-06-24 10:24:10 [main] INFO  org.hibernate.Version - HHH000412: Hibernate ORM core version 6.3.1.Final
2026-06-24 10:24:10 [main] INFO  o.h.c.i.RegionFactoryInitiator - HHH000026: Second-level cache disabled
2026-06-24 10:24:10 [main] INFO  o.s.o.j.p.SpringPersistenceUnitInfo - No LoadTimeWeaver setup: ignoring JPA class transformer
2026-06-24 10:24:10 [main] INFO  com.zaxxer.hikari.HikariDataSource - RestaurantServiceHikariPool - Starting...
2026-06-24 10:24:11 [main] INFO  com.zaxxer.hikari.pool.HikariPool - RestaurantServiceHikariPool - Added connection org.postgresql.jdbc.PgConnection@1c25385a
2026-06-24 10:24:11 [main] INFO  com.zaxxer.hikari.HikariDataSource - RestaurantServiceHikariPool - Start completed.
2026-06-24 10:24:11 [main] INFO  o.h.e.t.j.p.i.JtaPlatformInitiator - HHH000489: No JTA platform available (set 'hibernate.transaction.jta.platform' to enable JTA platform integration)
2026-06-24 10:24:12 [main] INFO  o.s.o.j.LocalContainerEntityManagerFactoryBean - Initialized JPA EntityManagerFactory for persistence unit 'default'
2026-06-24 10:24:12 [main] INFO  o.s.d.j.r.query.QueryEnhancerFactory - Hibernate is in classpath; If applicable, HQL parser will be used.
2026-06-24 10:24:13 [main] WARN  o.s.b.a.s.s.UserDetailsServiceAutoConfiguration - 

Using generated security password: 15ce7f89-63e6-4266-8f76-ef0fd1dd5771

This generated password is for development use only. Your security configuration must be updated before running your application in production.

2026-06-24 10:24:14 [main] INFO  o.s.b.a.e.web.EndpointLinksResolver - Exposing 5 endpoint(s) beneath base path '/actuator'
2026-06-24 10:24:14 [main] INFO  o.s.s.web.DefaultSecurityFilterChain - Will secure any request with [org.springframework.security.web.session.DisableEncodeUrlFilter@6e737ae4, org.springframework.security.web.context.request.async.WebAsyncManagerIntegrationFilter@39716249, org.springframework.security.web.context.SecurityContextHolderFilter@56f2cdb5, org.springframework.security.web.header.HeaderWriterFilter@6a2d066d, org.springframework.web.filter.CorsFilter@28459752, org.springframework.security.web.authentication.logout.LogoutFilter@5edf9eb1, com.fooddelivery.restaurant.security.JwtAuthenticationFilter@3661b732, org.springframework.security.web.savedrequest.RequestCacheAwareFilter@50bae745, org.springframework.security.web.servletapi.SecurityContextHolderAwareRequestFilter@46d7c4d0, org.springframework.security.web.authentication.AnonymousAuthenticationFilter@46179420, org.springframework.security.web.session.SessionManagementFilter@60fd51a1, org.springframework.security.web.access.ExceptionTranslationFilter@402c3dce, org.springframework.security.web.access.intercept.AuthorizationFilter@9736d7e]
2026-06-24 10:24:15 [main] INFO  o.s.c.n.e.c.DiscoveryClientOptionalArgsConfiguration - Eureka HTTP Client uses RestTemplate.
2026-06-24 10:24:15 [main] WARN  o.s.c.l.c.LoadBalancerCacheAutoConfiguration$LoadBalancerCaffeineWarnLogger - Spring Cloud LoadBalancer is currently working with the default cache. While this cache implementation is useful for development and tests, it's recommended to use Caffeine cache in production.You can switch to using Caffeine cache, by adding it and org.springframework.cache.caffeine.CaffeineCacheManager to the classpath.
2026-06-24 10:24:15 [main] INFO  o.s.c.n.eureka.InstanceInfoFactory - Setting initial instance status as: STARTING
2026-06-24 10:24:15 [main] INFO  c.netflix.discovery.DiscoveryClient - Initializing Eureka in region us-east-1
2026-06-24 10:24:15 [main] INFO  c.n.d.s.r.aws.ConfigClusterResolver - Resolving eureka endpoints via configuration
2026-06-24 10:24:15 [main] INFO  c.netflix.discovery.DiscoveryClient - Disable delta property : false
2026-06-24 10:24:15 [main] INFO  c.netflix.discovery.DiscoveryClient - Single vip registry refresh property : null
2026-06-24 10:24:15 [main] INFO  c.netflix.discovery.DiscoveryClient - Force full registry fetch : false
2026-06-24 10:24:15 [main] INFO  c.netflix.discovery.DiscoveryClient - Application is null : false
2026-06-24 10:24:15 [main] INFO  c.netflix.discovery.DiscoveryClient - Registered Applications size is zero : true
2026-06-24 10:24:15 [main] INFO  c.netflix.discovery.DiscoveryClient - Application version is -1: true
2026-06-24 10:24:15 [main] INFO  c.netflix.discovery.DiscoveryClient - Getting all instance registry info from the eureka server
2026-06-24 10:24:15 [main] INFO  c.netflix.discovery.DiscoveryClient - The response status is 200
2026-06-24 10:24:15 [main] INFO  c.netflix.discovery.DiscoveryClient - Starting heartbeat executor: renew interval is: 10
2026-06-24 10:24:15 [main] INFO  c.n.discovery.InstanceInfoReplicator - InstanceInfoReplicator onDemand update allowed rate per min is 4
2026-06-24 10:24:15 [main] INFO  c.netflix.discovery.DiscoveryClient - Discovery Client initialized at timestamp 1782276855856 with initial instances count: 5
2026-06-24 10:24:15 [main] INFO  o.s.c.n.e.s.EurekaServiceRegistry - Registering application RESTAURANT-SERVICE with eureka with status UP
2026-06-24 10:24:15 [main] INFO  c.netflix.discovery.DiscoveryClient - Saw local status change event StatusChangeEvent [timestamp=1782276855874, current=UP, previous=STARTING]
2026-06-24 10:24:15 [DiscoveryClient-InstanceInfoReplicator-0] INFO  c.netflix.discovery.DiscoveryClient - DiscoveryClient_RESTAURANT-SERVICE/restaurant-service:d24290c32364c81a53bb9b937d8c4397: registering service...
2026-06-24 10:24:15 [main] INFO  o.s.b.w.e.tomcat.TomcatWebServer - Tomcat started on port 8082 (http) with context path ''
2026-06-24 10:24:15 [main] INFO  o.s.c.n.e.s.EurekaAutoServiceRegistration - Updating port to 8082
2026-06-24 10:24:15 [DiscoveryClient-InstanceInfoReplicator-0] INFO  c.netflix.discovery.DiscoveryClient - DiscoveryClient_RESTAURANT-SERVICE/restaurant-service:d24290c32364c81a53bb9b937d8c4397 - registration status: 204
2026-06-24 10:24:16 [main] INFO  o.s.a.r.c.CachingConnectionFactory - Attempting to connect to: [localhost:5672]
2026-06-24 10:24:16 [main] INFO  o.s.a.r.c.CachingConnectionFactory - Created new connection: rabbitConnectionFactory#42a3e521:0/SimpleConnection@7c03a3f5 [delegate=amqp://guest@127.0.0.1:5672/, localPort=60719]
2026-06-24 10:24:16 [main] INFO  o.s.amqp.rabbit.core.RabbitAdmin - Auto-declaring a non-durable or auto-delete Exchange (order.exchange) durable:false, auto-delete:false. It will be deleted by the broker if it shuts down, and can be redeclared by closing and reopening the connection.
2026-06-24 10:24:16 [main] INFO  o.s.amqp.rabbit.core.RabbitAdmin - Auto-declaring a non-durable or auto-delete Exchange (payment.exchange) durable:false, auto-delete:false. It will be deleted by the broker if it shuts down, and can be redeclared by closing and reopening the connection.
2026-06-24 10:24:16 [main] INFO  o.s.amqp.rabbit.core.RabbitAdmin - Auto-declaring a non-durable or auto-delete Exchange (restaurant.exchange) durable:false, auto-delete:false. It will be deleted by the broker if it shuts down, and can be redeclared by closing and reopening the connection.
2026-06-24 10:24:16 [main] INFO  o.s.amqp.rabbit.core.RabbitAdmin - Auto-declaring a non-durable or auto-delete Exchange (notification.exchange) durable:false, auto-delete:false. It will be deleted by the broker if it shuts down, and can be redeclared by closing and reopening the connection.
2026-06-24 10:24:16 [main] INFO  o.s.amqp.rabbit.core.RabbitAdmin - Auto-declaring a non-durable or auto-delete Exchange (dlx.exchange) durable:false, auto-delete:false. It will be deleted by the broker if it shuts down, and can be redeclared by closing and reopening the connection.
2026-06-24 10:24:16 [main] INFO  o.s.amqp.rabbit.core.RabbitAdmin - Auto-declaring a non-durable, auto-delete, or exclusive Queue (order.created.queue) durable:false, auto-delete:false, exclusive:false. It will be redeclared if the broker stops and is restarted while the connection factory is alive, but all messages will be lost.
2026-06-24 10:24:16 [main] INFO  o.s.amqp.rabbit.core.RabbitAdmin - Auto-declaring a non-durable, auto-delete, or exclusive Queue (order.confirmed.queue) durable:false, auto-delete:false, exclusive:false. It will be redeclared if the broker stops and is restarted while the connection factory is alive, but all messages will be lost.
2026-06-24 10:24:16 [main] INFO  o.s.amqp.rabbit.core.RabbitAdmin - Auto-declaring a non-durable, auto-delete, or exclusive Queue (order.cancelled.queue) durable:false, auto-delete:false, exclusive:false. It will be redeclared if the broker stops and is restarted while the connection factory is alive, but all messages will be lost.
2026-06-24 10:24:16 [main] INFO  o.s.amqp.rabbit.core.RabbitAdmin - Auto-declaring a non-durable, auto-delete, or exclusive Queue (payment.success.queue) durable:false, auto-delete:false, exclusive:false. It will be redeclared if the broker stops and is restarted while the connection factory is alive, but all messages will be lost.
2026-06-24 10:24:16 [main] INFO  o.s.amqp.rabbit.core.RabbitAdmin - Auto-declaring a non-durable, auto-delete, or exclusive Queue (payment.failed.queue) durable:false, auto-delete:false, exclusive:false. It will be redeclared if the broker stops and is restarted while the connection factory is alive, but all messages will be lost.
2026-06-24 10:24:16 [main] INFO  o.s.amqp.rabbit.core.RabbitAdmin - Auto-declaring a non-durable, auto-delete, or exclusive Queue (restaurant.accepted.queue) durable:false, auto-delete:false, exclusive:false. It will be redeclared if the broker stops and is restarted while the connection factory is alive, but all messages will be lost.
2026-06-24 10:24:16 [main] INFO  o.s.amqp.rabbit.core.RabbitAdmin - Auto-declaring a non-durable, auto-delete, or exclusive Queue (restaurant.rejected.queue) durable:false, auto-delete:false, exclusive:false. It will be redeclared if the broker stops and is restarted while the connection factory is alive, but all messages will be lost.
2026-06-24 10:24:16 [main] INFO  c.f.r.RestaurantServiceApplication - Started RestaurantServiceApplication in 11.028 seconds (process running for 12.223)
2026-06-24 10:24:21 [http-nio-8082-exec-1] INFO  o.a.c.c.C.[Tomcat].[localhost].[/] - Initializing Spring DispatcherServlet 'dispatcherServlet'
2026-06-24 10:24:21 [http-nio-8082-exec-1] INFO  o.s.web.servlet.DispatcherServlet - Initializing Servlet 'dispatcherServlet'
2026-06-24 10:24:21 [http-nio-8082-exec-1] INFO  o.s.web.servlet.DispatcherServlet - Completed initialization in 6 ms
2026-06-24 10:24:22 [http-nio-8082-exec-1] WARN  o.s.w.s.h.HandlerMappingIntrospector - Cache miss for REQUEST dispatch to '/actuator/prometheus' (previous null). Performing MatchableHandlerMapping lookup. This is logged once only at WARN level, and every time at TRACE.
2026-06-24 10:25:14 [main] INFO  c.f.r.RestaurantServiceApplication - Starting RestaurantServiceApplication using Java 17.0.18 with PID 42968 (C:\Users\avilakad\OneDrive - Publicis Groupe\Documents\Food-Delivery-main\restaurant-service\target\classes started by avilakad in C:\Users\avilakad\OneDrive - Publicis Groupe\Documents\Food-Delivery-main\restaurant-service)
2026-06-24 10:25:14 [main] DEBUG c.f.r.RestaurantServiceApplication - Running with Spring Boot v3.2.0, Spring v6.1.1
2026-06-24 10:25:14 [main] INFO  c.f.r.RestaurantServiceApplication - No active profile set, falling back to 1 default profile: "default"
2026-06-24 10:25:14 [main] INFO  o.s.c.c.c.ConfigServerConfigDataLoader - Fetching config from server at : http://localhost:8888
2026-06-24 10:25:14 [main] INFO  o.s.c.c.c.ConfigServerConfigDataLoader - Located environment: name=restaurant-service, profiles=[default], label=null, version=2bd0a43ba902012f51ed6133a6824929146aed06, state=null
2026-06-24 10:25:15 [main] INFO  o.s.d.r.c.RepositoryConfigurationDelegate - Bootstrapping Spring Data JPA repositories in DEFAULT mode.
2026-06-24 10:25:16 [main] INFO  o.s.d.r.c.RepositoryConfigurationDelegate - Finished Spring Data repository scanning in 195 ms. Found 2 JPA repository interfaces.
2026-06-24 10:25:16 [main] INFO  o.s.cloud.context.scope.GenericScope - BeanFactory id=b00b536c-c450-310f-bb3b-c069fa4ab85e
2026-06-24 10:25:16 [main] WARN  o.s.c.s.PostProcessorRegistrationDelegate$BeanPostProcessorChecker - Bean 'org.springframework.cloud.client.loadbalancer.LoadBalancerAutoConfiguration$RetryInterceptorAutoConfiguration' of type [org.springframework.cloud.client.loadbalancer.LoadBalancerAutoConfiguration$RetryInterceptorAutoConfiguration] is not eligible for getting processed by all BeanPostProcessors (for example: not eligible for auto-proxying). The currently created BeanPostProcessor [lbRestClientPostProcessor] is declared through a non-static factory method on that class; consider declaring it as static instead.
2026-06-24 10:25:16 [main] WARN  o.s.c.s.PostProcessorRegistrationDelegate$BeanPostProcessorChecker - Bean 'org.springframework.cloud.loadbalancer.config.BlockingLoadBalancerClientAutoConfiguration' of type [org.springframework.cloud.loadbalancer.config.BlockingLoadBalancerClientAutoConfiguration] is not eligible for getting processed by all BeanPostProcessors (for example: not eligible for auto-proxying). Is this bean getting eagerly injected into a currently created BeanPostProcessor [lbRestClientPostProcessor]? Check the corresponding BeanPostProcessor declaration and its dependencies.
2026-06-24 10:25:16 [main] WARN  o.s.c.s.PostProcessorRegistrationDelegate$BeanPostProcessorChecker - Bean 'org.springframework.cloud.loadbalancer.config.LoadBalancerAutoConfiguration' of type [org.springframework.cloud.loadbalancer.config.LoadBalancerAutoConfiguration] is not eligible for getting processed by all BeanPostProcessors (for example: not eligible for auto-proxying). Is this bean getting eagerly injected into a currently created BeanPostProcessor [lbRestClientPostProcessor]? Check the corresponding BeanPostProcessor declaration and its dependencies.
2026-06-24 10:25:16 [main] WARN  o.s.c.s.PostProcessorRegistrationDelegate$BeanPostProcessorChecker - Bean 'org.springframework.cloud.commons.config.CommonsConfigAutoConfiguration' of type [org.springframework.cloud.commons.config.CommonsConfigAutoConfiguration] is not eligible for getting processed by all BeanPostProcessors (for example: not eligible for auto-proxying). Is this bean getting eagerly injected into a currently created BeanPostProcessor [lbRestClientPostProcessor]? Check the corresponding BeanPostProcessor declaration and its dependencies.
2026-06-24 10:25:16 [main] WARN  o.s.c.s.PostProcessorRegistrationDelegate$BeanPostProcessorChecker - Bean 'org.springframework.cloud.client.loadbalancer.LoadBalancerDefaultMappingsProviderAutoConfiguration' of type [org.springframework.cloud.client.loadbalancer.LoadBalancerDefaultMappingsProviderAutoConfiguration] is not eligible for getting processed by all BeanPostProcessors (for example: not eligible for auto-proxying). Is this bean getting eagerly injected into a currently created BeanPostProcessor [lbRestClientPostProcessor]? Check the corresponding BeanPostProcessor declaration and its dependencies.
2026-06-24 10:25:16 [main] WARN  o.s.c.s.PostProcessorRegistrationDelegate$BeanPostProcessorChecker - Bean 'loadBalancerClientsDefaultsMappingsProvider' of type [org.springframework.cloud.client.loadbalancer.LoadBalancerDefaultMappingsProviderAutoConfiguration$$Lambda$671/0x000001728350dc58] is not eligible for getting processed by all BeanPostProcessors (for example: not eligible for auto-proxying). Is this bean getting eagerly injected into a currently created BeanPostProcessor [lbRestClientPostProcessor]? Check the corresponding BeanPostProcessor declaration and its dependencies.
2026-06-24 10:25:16 [main] WARN  o.s.c.s.PostProcessorRegistrationDelegate$BeanPostProcessorChecker - Bean 'defaultsBindHandlerAdvisor' of type [org.springframework.cloud.commons.config.DefaultsBindHandlerAdvisor] is not eligible for getting processed by all BeanPostProcessors (for example: not eligible for auto-proxying). Is this bean getting eagerly injected into a currently created BeanPostProcessor [lbRestClientPostProcessor]? Check the corresponding BeanPostProcessor declaration and its dependencies.
2026-06-24 10:25:16 [main] WARN  o.s.c.s.PostProcessorRegistrationDelegate$BeanPostProcessorChecker - Bean 'spring.cloud.loadbalancer-org.springframework.cloud.client.loadbalancer.LoadBalancerClientsProperties' of type [org.springframework.cloud.client.loadbalancer.LoadBalancerClientsProperties] is not eligible for getting processed by all BeanPostProcessors (for example: not eligible for auto-proxying). Is this bean getting eagerly injected into a currently created BeanPostProcessor [lbRestClientPostProcessor]? Check the corresponding BeanPostProcessor declaration and its dependencies.
2026-06-24 10:25:16 [main] WARN  o.s.c.s.PostProcessorRegistrationDelegate$BeanPostProcessorChecker - Bean 'default.org.springframework.cloud.loadbalancer.config.LoadBalancerAutoConfiguration.LoadBalancerClientSpecification' of type [org.springframework.cloud.loadbalancer.annotation.LoadBalancerClientSpecification] is not eligible for getting processed by all BeanPostProcessors (for example: not eligible for auto-proxying). Is this bean getting eagerly injected into a currently created BeanPostProcessor [lbRestClientPostProcessor]? Check the corresponding BeanPostProcessor declaration and its dependencies.
2026-06-24 10:25:16 [main] WARN  o.s.c.s.PostProcessorRegistrationDelegate$BeanPostProcessorChecker - Bean 'default.org.springframework.cloud.loadbalancer.config.BlockingLoadBalancerClientAutoConfiguration.LoadBalancerClientSpecification' of type [org.springframework.cloud.loadbalancer.annotation.LoadBalancerClientSpecification] is not eligible for getting processed by all BeanPostProcessors (for example: not eligible for auto-proxying). Is this bean getting eagerly injected into a currently created BeanPostProcessor [lbRestClientPostProcessor]? Check the corresponding BeanPostProcessor declaration and its dependencies.
2026-06-24 10:25:16 [main] WARN  o.s.c.s.PostProcessorRegistrationDelegate$BeanPostProcessorChecker - Bean 'default.org.springframework.cloud.netflix.eureka.loadbalancer.LoadBalancerEurekaAutoConfiguration.LoadBalancerClientSpecification' of type [org.springframework.cloud.loadbalancer.annotation.LoadBalancerClientSpecification] is not eligible for getting processed by all BeanPostProcessors (for example: not eligible for auto-proxying). Is this bean getting eagerly injected into a currently created BeanPostProcessor [lbRestClientPostProcessor]? Check the corresponding BeanPostProcessor declaration and its dependencies.
2026-06-24 10:25:16 [main] WARN  o.s.c.s.PostProcessorRegistrationDelegate$BeanPostProcessorChecker - Bean 'loadBalancerClientFactory' of type [org.springframework.cloud.loadbalancer.support.LoadBalancerClientFactory] is not eligible for getting processed by all BeanPostProcessors (for example: not eligible for auto-proxying). Is this bean getting eagerly injected into a currently created BeanPostProcessor [lbRestClientPostProcessor]? Check the corresponding BeanPostProcessor declaration and its dependencies.
2026-06-24 10:25:16 [main] WARN  o.s.c.s.PostProcessorRegistrationDelegate$BeanPostProcessorChecker - Bean 'blockingLoadBalancerClient' of type [org.springframework.cloud.loadbalancer.blocking.client.BlockingLoadBalancerClient] is not eligible for getting processed by all BeanPostProcessors (for example: not eligible for auto-proxying). Is this bean getting eagerly injected into a currently created BeanPostProcessor [lbRestClientPostProcessor]? Check the corresponding BeanPostProcessor declaration and its dependencies.
2026-06-24 10:25:16 [main] WARN  o.s.c.s.PostProcessorRegistrationDelegate$BeanPostProcessorChecker - Bean 'loadBalancerServiceInstanceCookieTransformer' of type [org.springframework.cloud.loadbalancer.core.LoadBalancerServiceInstanceCookieTransformer] is not eligible for getting processed by all BeanPostProcessors (for example: not eligible for auto-proxying). Is this bean getting eagerly injected into a currently created BeanPostProcessor [lbRestClientPostProcessor]? Check the corresponding BeanPostProcessor declaration and its dependencies.
2026-06-24 10:25:16 [main] WARN  o.s.c.s.PostProcessorRegistrationDelegate$BeanPostProcessorChecker - Bean 'xForwarderHeadersTransformer' of type [org.springframework.cloud.loadbalancer.blocking.XForwardedHeadersTransformer] is not eligible for getting processed by all BeanPostProcessors (for example: not eligible for auto-proxying). Is this bean getting eagerly injected into a currently created BeanPostProcessor [lbRestClientPostProcessor]? Check the corresponding BeanPostProcessor declaration and its dependencies.
2026-06-24 10:25:16 [main] WARN  o.s.c.s.PostProcessorRegistrationDelegate$BeanPostProcessorChecker - Bean 'org.springframework.cloud.client.loadbalancer.LoadBalancerAutoConfiguration' of type [org.springframework.cloud.client.loadbalancer.LoadBalancerAutoConfiguration] is not eligible for getting processed by all BeanPostProcessors (for example: not eligible for auto-proxying). Is this bean getting eagerly injected into a currently created BeanPostProcessor [lbRestClientPostProcessor]? Check the corresponding BeanPostProcessor declaration and its dependencies.
2026-06-24 10:25:16 [main] WARN  o.s.c.s.PostProcessorRegistrationDelegate$BeanPostProcessorChecker - Bean 'loadBalancerRequestFactory' of type [org.springframework.cloud.client.loadbalancer.LoadBalancerRequestFactory] is not eligible for getting processed by all BeanPostProcessors (for example: not eligible for auto-proxying). Is this bean getting eagerly injected into a currently created BeanPostProcessor [lbRestClientPostProcessor]? Check the corresponding BeanPostProcessor declaration and its dependencies.
2026-06-24 10:25:16 [main] WARN  o.s.c.s.PostProcessorRegistrationDelegate$BeanPostProcessorChecker - Bean 'org.springframework.cloud.loadbalancer.config.BlockingLoadBalancerClientAutoConfiguration$BlockingLoadBalancerRetryConfig' of type [org.springframework.cloud.loadbalancer.config.BlockingLoadBalancerClientAutoConfiguration$BlockingLoadBalancerRetryConfig$$SpringCGLIB$$0] is not eligible for getting processed by all BeanPostProcessors (for example: not eligible for auto-proxying). Is this bean getting eagerly injected into a currently created BeanPostProcessor [lbRestClientPostProcessor]? Check the corresponding BeanPostProcessor declaration and its dependencies.
2026-06-24 10:25:16 [main] WARN  o.s.c.s.PostProcessorRegistrationDelegate$BeanPostProcessorChecker - Bean 'loadBalancedRetryFactory' of type [org.springframework.cloud.loadbalancer.blocking.retry.BlockingLoadBalancedRetryFactory] is not eligible for getting processed by all BeanPostProcessors (for example: not eligible for auto-proxying). Is this bean getting eagerly injected into a currently created BeanPostProcessor [lbRestClientPostProcessor]? Check the corresponding BeanPostProcessor declaration and its dependencies.
2026-06-24 10:25:16 [main] WARN  o.s.c.s.PostProcessorRegistrationDelegate$BeanPostProcessorChecker - Bean 'loadBalancerInterceptor' of type [org.springframework.cloud.client.loadbalancer.RetryLoadBalancerInterceptor] is not eligible for getting processed by all BeanPostProcessors (for example: not eligible for auto-proxying). Is this bean getting eagerly injected into a currently created BeanPostProcessor [lbRestClientPostProcessor]? Check the corresponding BeanPostProcessor declaration and its dependencies.
2026-06-24 10:25:17 [main] INFO  o.s.b.w.e.tomcat.TomcatWebServer - Tomcat initialized with port 8082 (http)
2026-06-24 10:25:17 [main] INFO  o.a.catalina.core.StandardService - Starting service [Tomcat]
2026-06-24 10:25:17 [main] INFO  o.a.catalina.core.StandardEngine - Starting Servlet engine: [Apache Tomcat/10.1.16]
2026-06-24 10:25:17 [main] INFO  o.a.c.c.C.[Tomcat].[localhost].[/] - Initializing Spring embedded WebApplicationContext
2026-06-24 10:25:17 [main] INFO  o.s.b.w.s.c.ServletWebServerApplicationContext - Root WebApplicationContext: initialization completed in 2939 ms
2026-06-24 10:25:17 [main] DEBUG c.f.r.s.JwtAuthenticationFilter - Filter 'jwtAuthenticationFilter' configured for use
2026-06-24 10:25:18 [main] INFO  o.h.jpa.internal.util.LogHelper - HHH000204: Processing PersistenceUnitInfo [name: default]
2026-06-24 10:25:18 [main] INFO  org.hibernate.Version - HHH000412: Hibernate ORM core version 6.3.1.Final
2026-06-24 10:25:18 [main] INFO  o.h.c.i.RegionFactoryInitiator - HHH000026: Second-level cache disabled
2026-06-24 10:25:18 [main] INFO  o.s.o.j.p.SpringPersistenceUnitInfo - No LoadTimeWeaver setup: ignoring JPA class transformer
2026-06-24 10:25:18 [main] INFO  com.zaxxer.hikari.HikariDataSource - RestaurantServiceHikariPool - Starting...
2026-06-24 10:25:18 [main] INFO  com.zaxxer.hikari.pool.HikariPool - RestaurantServiceHikariPool - Added connection org.postgresql.jdbc.PgConnection@1ecf784f
2026-06-24 10:25:18 [main] INFO  com.zaxxer.hikari.HikariDataSource - RestaurantServiceHikariPool - Start completed.
2026-06-24 10:25:19 [main] INFO  o.h.e.t.j.p.i.JtaPlatformInitiator - HHH000489: No JTA platform available (set 'hibernate.transaction.jta.platform' to enable JTA platform integration)
2026-06-24 10:25:19 [main] INFO  o.s.o.j.LocalContainerEntityManagerFactoryBean - Initialized JPA EntityManagerFactory for persistence unit 'default'
2026-06-24 10:25:20 [main] INFO  o.s.d.j.r.query.QueryEnhancerFactory - Hibernate is in classpath; If applicable, HQL parser will be used.
2026-06-24 10:25:21 [main] WARN  o.s.b.a.s.s.UserDetailsServiceAutoConfiguration - 

Using generated security password: 80e55124-d960-4aa8-9fed-933e7e3bd1d0

This generated password is for development use only. Your security configuration must be updated before running your application in production.

2026-06-24 10:25:22 [main] INFO  o.s.b.a.e.web.EndpointLinksResolver - Exposing 5 endpoint(s) beneath base path '/actuator'
2026-06-24 10:25:23 [main] INFO  o.s.s.web.DefaultSecurityFilterChain - Will secure any request with [org.springframework.security.web.session.DisableEncodeUrlFilter@3ed3990d, org.springframework.security.web.context.request.async.WebAsyncManagerIntegrationFilter@4faf32a7, org.springframework.security.web.context.SecurityContextHolderFilter@70d5f272, org.springframework.security.web.header.HeaderWriterFilter@36d56d5d, org.springframework.web.filter.CorsFilter@cce5ae3, org.springframework.security.web.authentication.logout.LogoutFilter@36ccc844, com.fooddelivery.restaurant.security.JwtAuthenticationFilter@5f9ccd0c, org.springframework.security.web.savedrequest.RequestCacheAwareFilter@69137c1d, org.springframework.security.web.servletapi.SecurityContextHolderAwareRequestFilter@1931223f, org.springframework.security.web.authentication.AnonymousAuthenticationFilter@eac35fd, org.springframework.security.web.session.SessionManagementFilter@4ef06fcb, org.springframework.security.web.access.ExceptionTranslationFilter@60af38ec, org.springframework.security.web.access.intercept.AuthorizationFilter@229cf4e7]
2026-06-24 10:25:25 [main] INFO  o.s.c.n.e.c.DiscoveryClientOptionalArgsConfiguration - Eureka HTTP Client uses RestTemplate.
2026-06-24 10:25:25 [main] WARN  o.s.c.l.c.LoadBalancerCacheAutoConfiguration$LoadBalancerCaffeineWarnLogger - Spring Cloud LoadBalancer is currently working with the default cache. While this cache implementation is useful for development and tests, it's recommended to use Caffeine cache in production.You can switch to using Caffeine cache, by adding it and org.springframework.cache.caffeine.CaffeineCacheManager to the classpath.
2026-06-24 10:25:25 [main] INFO  o.s.c.n.eureka.InstanceInfoFactory - Setting initial instance status as: STARTING
2026-06-24 10:25:25 [main] INFO  c.netflix.discovery.DiscoveryClient - Initializing Eureka in region us-east-1
2026-06-24 10:25:25 [main] INFO  c.n.d.s.r.aws.ConfigClusterResolver - Resolving eureka endpoints via configuration
2026-06-24 10:25:25 [main] INFO  c.netflix.discovery.DiscoveryClient - Disable delta property : false
2026-06-24 10:25:25 [main] INFO  c.netflix.discovery.DiscoveryClient - Single vip registry refresh property : null
2026-06-24 10:25:25 [main] INFO  c.netflix.discovery.DiscoveryClient - Force full registry fetch : false
2026-06-24 10:25:25 [main] INFO  c.netflix.discovery.DiscoveryClient - Application is null : false
2026-06-24 10:25:25 [main] INFO  c.netflix.discovery.DiscoveryClient - Registered Applications size is zero : true
2026-06-24 10:25:25 [main] INFO  c.netflix.discovery.DiscoveryClient - Application version is -1: true
2026-06-24 10:25:25 [main] INFO  c.netflix.discovery.DiscoveryClient - Getting all instance registry info from the eureka server
2026-06-24 10:25:25 [main] INFO  c.netflix.discovery.DiscoveryClient - The response status is 200
2026-06-24 10:25:25 [main] INFO  c.netflix.discovery.DiscoveryClient - Starting heartbeat executor: renew interval is: 10
2026-06-24 10:25:25 [main] INFO  c.n.discovery.InstanceInfoReplicator - InstanceInfoReplicator onDemand update allowed rate per min is 4
2026-06-24 10:25:25 [main] INFO  c.netflix.discovery.DiscoveryClient - Discovery Client initialized at timestamp 1782276925776 with initial instances count: 6
2026-06-24 10:25:25 [main] INFO  o.s.c.n.e.s.EurekaServiceRegistry - Registering application RESTAURANT-SERVICE with eureka with status UP
2026-06-24 10:25:25 [main] INFO  c.netflix.discovery.DiscoveryClient - Saw local status change event StatusChangeEvent [timestamp=1782276925800, current=UP, previous=STARTING]
2026-06-24 10:25:25 [DiscoveryClient-InstanceInfoReplicator-0] INFO  c.netflix.discovery.DiscoveryClient - DiscoveryClient_RESTAURANT-SERVICE/restaurant-service:8a39d314426b8e743bc2319c97bb80ee: registering service...
2026-06-24 10:25:25 [main] INFO  o.s.c.n.e.s.EurekaServiceRegistry - Unregistering application RESTAURANT-SERVICE with eureka with status DOWN
2026-06-24 10:25:25 [main] INFO  c.netflix.discovery.DiscoveryClient - Saw local status change event StatusChangeEvent [timestamp=1782276925817, current=DOWN, previous=UP]
2026-06-24 10:25:25 [main] WARN  o.s.b.w.s.c.AnnotationConfigServletWebServerApplicationContext - Exception encountered during context initialization - cancelling refresh attempt: org.springframework.context.ApplicationContextException: Failed to start bean 'webServerStartStop'
2026-06-24 10:25:25 [main] INFO  o.s.o.j.LocalContainerEntityManagerFactoryBean - Closing JPA EntityManagerFactory for persistence unit 'default'
2026-06-24 10:25:25 [main] INFO  com.zaxxer.hikari.HikariDataSource - RestaurantServiceHikariPool - Shutdown initiated...
2026-06-24 10:25:25 [main] INFO  com.zaxxer.hikari.HikariDataSource - RestaurantServiceHikariPool - Shutdown completed.
2026-06-24 10:25:25 [DiscoveryClient-InstanceInfoReplicator-0] INFO  c.netflix.discovery.DiscoveryClient - DiscoveryClient_RESTAURANT-SERVICE/restaurant-service:8a39d314426b8e743bc2319c97bb80ee - registration status: 204
2026-06-24 10:25:25 [DiscoveryClient-InstanceInfoReplicator-0] INFO  c.netflix.discovery.DiscoveryClient - DiscoveryClient_RESTAURANT-SERVICE/restaurant-service:8a39d314426b8e743bc2319c97bb80ee: registering service...
2026-06-24 10:25:25 [DiscoveryClient-InstanceInfoReplicator-0] INFO  c.netflix.discovery.DiscoveryClient - DiscoveryClient_RESTAURANT-SERVICE/restaurant-service:8a39d314426b8e743bc2319c97bb80ee - registration status: 204
2026-06-24 10:25:26 [main] INFO  c.netflix.discovery.DiscoveryClient - Shutting down DiscoveryClient ...
2026-06-24 10:25:29 [main] INFO  c.netflix.discovery.DiscoveryClient - Unregistering ...
2026-06-24 10:25:29 [main] INFO  c.netflix.discovery.DiscoveryClient - DiscoveryClient_RESTAURANT-SERVICE/restaurant-service:8a39d314426b8e743bc2319c97bb80ee - deregister  status: 200
2026-06-24 10:25:29 [main] INFO  c.netflix.discovery.DiscoveryClient - Completed shut down of DiscoveryClient
2026-06-24 10:25:29 [main] INFO  o.s.b.a.l.ConditionEvaluationReportLogger - 

Error starting ApplicationContext. To display the condition evaluation report re-run your application with 'debug' enabled.
2026-06-24 10:25:29 [main] ERROR o.s.b.d.LoggingFailureAnalysisReporter - 

***************************
APPLICATION FAILED TO START
***************************

Description:

Web server failed to start. Port 8082 was already in use.

Action:

Identify and stop the process that's listening on port 8082 or configure this application to listen on another port.

2026-06-24 10:29:15 [AsyncResolver-bootstrap-executor-0] INFO  c.n.d.s.r.aws.ConfigClusterResolver - Resolving eureka endpoints via configuration
2026-06-24 10:34:15 [AsyncResolver-bootstrap-executor-0] INFO  c.n.d.s.r.aws.ConfigClusterResolver - Resolving eureka endpoints via configuration
2026-06-24 10:39:15 [AsyncResolver-bootstrap-executor-0] INFO  c.n.d.s.r.aws.ConfigClusterResolver - Resolving eureka endpoints via configuration
2026-06-24 10:44:15 [AsyncResolver-bootstrap-executor-0] INFO  c.n.d.s.r.aws.ConfigClusterResolver - Resolving eureka endpoints via configuration
2026-06-24 10:49:15 [AsyncResolver-bootstrap-executor-0] INFO  c.n.d.s.r.aws.ConfigClusterResolver - Resolving eureka endpoints via configuration
2026-06-24 10:53:31 [http-nio-8082-exec-1] DEBUG c.f.r.s.JwtAuthenticationFilter - Set authentication for user: phase7@test.com with role: CUSTOMER
2026-06-24 10:53:31 [http-nio-8082-exec-1] DEBUG org.hibernate.SQL - 
    /* <criteria> */ select
        r1_0.id,
        r1_0.address,
        r1_0.created_at,
        r1_0.cuisine_type,
        r1_0.is_active,
        r1_0.name,
        r1_0.phone,
        r1_0.rating,
        r1_0.updated_at 
    from
        restaurants r1_0 
    where
        r1_0.is_active
2026-06-24 10:53:32 [http-nio-8082-exec-1] DEBUG org.hibernate.SQL - 
    select
        mi1_0.restaurant_id,
        mi1_0.id,
        mi1_0.created_at,
        mi1_0.description,
        mi1_0.is_available,
        mi1_0.name,
        mi1_0.price,
        mi1_0.updated_at 
    from
        menu_items mi1_0 
    where
        mi1_0.restaurant_id=?
2026-06-24 10:53:32 [http-nio-8082-exec-1] DEBUG org.hibernate.SQL - 
    select
        mi1_0.restaurant_id,
        mi1_0.id,
        mi1_0.created_at,
        mi1_0.description,
        mi1_0.is_available,
        mi1_0.name,
        mi1_0.price,
        mi1_0.updated_at 
    from
        menu_items mi1_0 
    where
        mi1_0.restaurant_id=?
2026-06-24 10:53:32 [http-nio-8082-exec-1] DEBUG org.hibernate.SQL - 
    select
        mi1_0.restaurant_id,
        mi1_0.id,
        mi1_0.created_at,
        mi1_0.description,
        mi1_0.is_available,
        mi1_0.name,
        mi1_0.price,
        mi1_0.updated_at 
    from
        menu_items mi1_0 
    where
        mi1_0.restaurant_id=?
2026-06-24 10:53:32 [http-nio-8082-exec-1] DEBUG org.hibernate.SQL - 
    select
        mi1_0.restaurant_id,
        mi1_0.id,
        mi1_0.created_at,
        mi1_0.description,
        mi1_0.is_available,
        mi1_0.name,
        mi1_0.price,
        mi1_0.updated_at 
    from
        menu_items mi1_0 
    where
        mi1_0.restaurant_id=?
2026-06-24 10:53:32 [http-nio-8082-exec-1] DEBUG org.hibernate.SQL - 
    select
        mi1_0.restaurant_id,
        mi1_0.id,
        mi1_0.created_at,
        mi1_0.description,
        mi1_0.is_available,
        mi1_0.name,
        mi1_0.price,
        mi1_0.updated_at 
    from
        menu_items mi1_0 
    where
        mi1_0.restaurant_id=?
2026-06-24 10:53:32 [http-nio-8082-exec-1] DEBUG org.hibernate.SQL - 
    select
        mi1_0.restaurant_id,
        mi1_0.id,
        mi1_0.created_at,
        mi1_0.description,
        mi1_0.is_available,
        mi1_0.name,
        mi1_0.price,
        mi1_0.updated_at 
    from
        menu_items mi1_0 
    where
        mi1_0.restaurant_id=?
2026-06-24 10:54:15 [AsyncResolver-bootstrap-executor-0] INFO  c.n.d.s.r.aws.ConfigClusterResolver - Resolving eureka endpoints via configuration
2026-06-24 10:56:07 [http-nio-8082-exec-5] DEBUG c.f.r.s.JwtAuthenticationFilter - Set authentication for user: phase7final105606@test.com with role: CUSTOMER
2026-06-24 10:56:07 [http-nio-8082-exec-5] DEBUG org.hibernate.SQL - 
    /* <criteria> */ select
        r1_0.id,
        r1_0.address,
        r1_0.created_at,
        r1_0.cuisine_type,
        r1_0.is_active,
        r1_0.name,
        r1_0.phone,
        r1_0.rating,
        r1_0.updated_at 
    from
        restaurants r1_0 
    where
        r1_0.is_active
2026-06-24 10:56:07 [http-nio-8082-exec-5] DEBUG org.hibernate.SQL - 
    select
        mi1_0.restaurant_id,
        mi1_0.id,
        mi1_0.created_at,
        mi1_0.description,
        mi1_0.is_available,
        mi1_0.name,
        mi1_0.price,
        mi1_0.updated_at 
    from
        menu_items mi1_0 
    where
        mi1_0.restaurant_id=?
2026-06-24 10:56:07 [http-nio-8082-exec-5] DEBUG org.hibernate.SQL - 
    select
        mi1_0.restaurant_id,
        mi1_0.id,
        mi1_0.created_at,
        mi1_0.description,
        mi1_0.is_available,
        mi1_0.name,
        mi1_0.price,
        mi1_0.updated_at 
    from
        menu_items mi1_0 
    where
        mi1_0.restaurant_id=?
2026-06-24 10:56:07 [http-nio-8082-exec-5] DEBUG org.hibernate.SQL - 
    select
        mi1_0.restaurant_id,
        mi1_0.id,
        mi1_0.created_at,
        mi1_0.description,
        mi1_0.is_available,
        mi1_0.name,
        mi1_0.price,
        mi1_0.updated_at 
    from
        menu_items mi1_0 
    where
        mi1_0.restaurant_id=?
2026-06-24 10:56:07 [http-nio-8082-exec-5] DEBUG org.hibernate.SQL - 
    select
        mi1_0.restaurant_id,
        mi1_0.id,
        mi1_0.created_at,
        mi1_0.description,
        mi1_0.is_available,
        mi1_0.name,
        mi1_0.price,
        mi1_0.updated_at 
    from
        menu_items mi1_0 
    where
        mi1_0.restaurant_id=?
2026-06-24 10:56:07 [http-nio-8082-exec-5] DEBUG org.hibernate.SQL - 
    select
        mi1_0.restaurant_id,
        mi1_0.id,
        mi1_0.created_at,
        mi1_0.description,
        mi1_0.is_available,
        mi1_0.name,
        mi1_0.price,
        mi1_0.updated_at 
    from
        menu_items mi1_0 
    where
        mi1_0.restaurant_id=?
2026-06-24 10:56:07 [http-nio-8082-exec-5] DEBUG org.hibernate.SQL - 
    select
        mi1_0.restaurant_id,
        mi1_0.id,
        mi1_0.created_at,
        mi1_0.description,
        mi1_0.is_available,
        mi1_0.name,
        mi1_0.price,
        mi1_0.updated_at 
    from
        menu_items mi1_0 
    where
        mi1_0.restaurant_id=?
