2026-06-24 09:57:48 [main] INFO  c.f.o.controller.OrderControllerTest - Starting OrderControllerTest using Java 17.0.18 with PID 12296 (started by avilakad in C:\Users\avilakad\OneDrive - Publicis Groupe\Documents\Food-Delivery-main\order-service)
2026-06-24 09:57:48 [main] DEBUG c.f.o.controller.OrderControllerTest - Running with Spring Boot v3.2.0, Spring v6.1.1
2026-06-24 09:57:48 [main] INFO  c.f.o.controller.OrderControllerTest - No active profile set, falling back to 1 default profile: "default"
2026-06-24 09:57:48 [main] INFO  o.s.c.c.c.ConfigServerConfigDataLoader - Fetching config from server at : http://localhost:8888
2026-06-24 09:57:48 [main] INFO  o.s.c.c.c.ConfigServerConfigDataLoader - Located environment: name=order-service, profiles=[default], label=null, version=127b1adee530cd27467179f9b7c7520365be625a, state=null
2026-06-24 09:57:58 [main] WARN  o.s.b.a.s.s.UserDetailsServiceAutoConfiguration - 

Using generated security password: a386a7d5-d759-4c30-b406-be18d6836629

This generated password is for development use only. Your security configuration must be updated before running your application in production.

2026-06-24 09:57:59 [main] INFO  o.s.s.web.DefaultSecurityFilterChain - Will secure any request with [org.springframework.security.web.session.DisableEncodeUrlFilter@7bf4fa70, org.springframework.security.web.context.request.async.WebAsyncManagerIntegrationFilter@2d1c376b, org.springframework.security.web.context.SecurityContextHolderFilter@60ceb606, org.springframework.security.web.header.HeaderWriterFilter@256f298e, org.springframework.web.filter.CorsFilter@3aea9e4, org.springframework.security.web.csrf.CsrfFilter@11f63b10, org.springframework.security.web.authentication.logout.LogoutFilter@187bb01c, org.springframework.security.web.authentication.UsernamePasswordAuthenticationFilter@6450bea7, org.springframework.security.web.authentication.ui.DefaultLoginPageGeneratingFilter@4dd8a37e, org.springframework.security.web.authentication.ui.DefaultLogoutPageGeneratingFilter@2d25a125, org.springframework.security.web.authentication.www.BasicAuthenticationFilter@24614fbb, org.springframework.security.web.savedrequest.RequestCacheAwareFilter@6ada0261, org.springframework.security.web.servletapi.SecurityContextHolderAwareRequestFilter@4bcf8d17, org.springframework.security.web.authentication.AnonymousAuthenticationFilter@71def98b, org.springframework.security.web.access.ExceptionTranslationFilter@28e04625, org.springframework.security.web.access.intercept.AuthorizationFilter@704588fc]
2026-06-24 09:57:59 [main] INFO  o.s.b.t.m.w.SpringBootMockServletContext - Initializing Spring TestDispatcherServlet ''
2026-06-24 09:57:59 [main] INFO  o.s.t.w.s.TestDispatcherServlet - Initializing Servlet ''
2026-06-24 09:57:59 [main] INFO  o.s.t.w.s.TestDispatcherServlet - Completed initialization in 5 ms
2026-06-24 09:57:59 [main] INFO  c.f.o.controller.OrderControllerTest - Started OrderControllerTest in 19.938 seconds (process running for 47.137)
2026-06-24 09:58:06 [main] WARN  c.f.o.e.GlobalExceptionHandler - JSON parsing error for POST request to null: null
2026-06-24 09:58:06 [main] DEBUG c.f.o.e.GlobalExceptionHandler - Skipping JSON parsing error for actuator endpoint: /actuator
2026-06-24 09:58:06 [main] DEBUG c.f.o.e.GlobalExceptionHandler - Skipping JSON parsing error for actuator endpoint: /actuator/health
2026-06-24 09:58:06 [main] WARN  c.f.o.e.GlobalExceptionHandler - JSON parsing error for PUT request to /api/orders/1: Invalid JSON
2026-06-24 09:58:06 [main] DEBUG c.f.o.e.GlobalExceptionHandler - Skipping JSON parsing error for actuator endpoint: /actuator/metrics
2026-06-24 09:58:06 [main] WARN  c.f.o.e.GlobalExceptionHandler - JSON parsing error for PATCH request to /api/orders/1: Invalid JSON
2026-06-24 09:58:06 [main] DEBUG c.f.o.e.GlobalExceptionHandler - Skipping JSON parsing error for GET request to /api/orders
2026-06-24 09:58:06 [main] DEBUG c.f.o.e.GlobalExceptionHandler - Skipping JSON parsing error for actuator endpoint: /actuator/health
2026-06-24 09:58:06 [main] WARN  c.f.o.e.GlobalExceptionHandler - JSON parsing error for POST request to /api/orders/create: Invalid JSON
2026-06-24 09:58:06 [main] WARN  c.f.o.e.GlobalExceptionHandler - JSON parsing error for POST request to null: Invalid JSON
2026-06-24 09:58:06 [main] WARN  c.f.o.e.GlobalExceptionHandler - JSON parsing error for POST request to null: Invalid JSON
2026-06-24 09:58:06 [main] DEBUG c.f.o.e.GlobalExceptionHandler - Skipping JSON parsing error for HEAD request to /api/orders
2026-06-24 09:58:06 [main] WARN  c.f.o.e.GlobalExceptionHandler - JSON parsing error for POST request to /api/orders: Invalid JSON
2026-06-24 09:58:06 [main] DEBUG c.f.o.e.GlobalExceptionHandler - Skipping JSON parsing error for DELETE request to /api/orders/1
2026-06-24 09:58:06 [main] DEBUG c.f.o.e.GlobalExceptionHandler - Skipping JSON parsing error for OPTIONS request to /api/orders
2026-06-24 09:58:06 [main] DEBUG c.f.o.e.GlobalExceptionHandler - Letting Spring handle HttpMessageNotReadableException for TRACE request to /api/orders
2026-06-24 09:58:06 [main] INFO  o.s.t.c.s.AnnotationConfigContextLoaderUtils - Could not detect default configuration classes for test class [com.fooddelivery.order.OrderServiceApplicationTest]: OrderServiceApplicationTest does not declare any static, non-private, non-final, nested classes annotated with @Configuration.
2026-06-24 09:58:06 [main] INFO  o.s.b.t.c.SpringBootTestContextBootstrapper - Found @SpringBootConfiguration com.fooddelivery.order.OrderServiceApplication for test class com.fooddelivery.order.OrderServiceApplicationTest
2026-06-24 09:58:11 [main] INFO  c.f.o.OrderServiceApplicationTest - Starting OrderServiceApplicationTest using Java 17.0.18 with PID 12296 (started by avilakad in C:\Users\avilakad\OneDrive - Publicis Groupe\Documents\Food-Delivery-main\order-service)
2026-06-24 09:58:11 [main] DEBUG c.f.o.OrderServiceApplicationTest - Running with Spring Boot v3.2.0, Spring v6.1.1
2026-06-24 09:58:11 [main] INFO  c.f.o.OrderServiceApplicationTest - No active profile set, falling back to 1 default profile: "default"
2026-06-24 09:58:11 [main] INFO  o.s.c.c.c.ConfigServerConfigDataLoader - Fetching config from server at : http://localhost:8888
2026-06-24 09:58:11 [main] INFO  o.s.c.c.c.ConfigServerConfigDataLoader - Located environment: name=order-service, profiles=[default], label=null, version=127b1adee530cd27467179f9b7c7520365be625a, state=null
2026-06-24 09:58:17 [main] INFO  o.s.d.r.c.RepositoryConfigurationDelegate - Bootstrapping Spring Data JPA repositories in DEFAULT mode.
2026-06-24 09:58:18 [main] INFO  o.s.d.r.c.RepositoryConfigurationDelegate - Finished Spring Data repository scanning in 678 ms. Found 5 JPA repository interfaces.
2026-06-24 09:58:21 [main] INFO  o.s.cloud.context.scope.GenericScope - BeanFactory id=f61efeb4-5145-3875-9e89-5a26ebf31cc6
2026-06-24 09:58:24 [main] WARN  o.s.c.s.PostProcessorRegistrationDelegate$BeanPostProcessorChecker - Bean 'org.springframework.cloud.client.loadbalancer.LoadBalancerAutoConfiguration$RetryInterceptorAutoConfiguration' of type [org.springframework.cloud.client.loadbalancer.LoadBalancerAutoConfiguration$RetryInterceptorAutoConfiguration] is not eligible for getting processed by all BeanPostProcessors (for example: not eligible for auto-proxying). The currently created BeanPostProcessor [lbRestClientPostProcessor] is declared through a non-static factory method on that class; consider declaring it as static instead.
2026-06-24 09:58:24 [main] WARN  o.s.c.s.PostProcessorRegistrationDelegate$BeanPostProcessorChecker - Bean 'org.springframework.cloud.loadbalancer.config.BlockingLoadBalancerClientAutoConfiguration' of type [org.springframework.cloud.loadbalancer.config.BlockingLoadBalancerClientAutoConfiguration] is not eligible for getting processed by all BeanPostProcessors (for example: not eligible for auto-proxying). Is this bean getting eagerly injected into a currently created BeanPostProcessor [lbRestClientPostProcessor]? Check the corresponding BeanPostProcessor declaration and its dependencies.
2026-06-24 09:58:24 [main] WARN  o.s.c.s.PostProcessorRegistrationDelegate$BeanPostProcessorChecker - Bean 'org.springframework.cloud.loadbalancer.config.LoadBalancerAutoConfiguration' of type [org.springframework.cloud.loadbalancer.config.LoadBalancerAutoConfiguration] is not eligible for getting processed by all BeanPostProcessors (for example: not eligible for auto-proxying). Is this bean getting eagerly injected into a currently created BeanPostProcessor [lbRestClientPostProcessor]? Check the corresponding BeanPostProcessor declaration and its dependencies.
2026-06-24 09:58:24 [main] WARN  o.s.c.s.PostProcessorRegistrationDelegate$BeanPostProcessorChecker - Bean 'org.springframework.cloud.commons.config.CommonsConfigAutoConfiguration' of type [org.springframework.cloud.commons.config.CommonsConfigAutoConfiguration] is not eligible for getting processed by all BeanPostProcessors (for example: not eligible for auto-proxying). Is this bean getting eagerly injected into a currently created BeanPostProcessor [lbRestClientPostProcessor]? Check the corresponding BeanPostProcessor declaration and its dependencies.
2026-06-24 09:58:24 [main] WARN  o.s.c.s.PostProcessorRegistrationDelegate$BeanPostProcessorChecker - Bean 'org.springframework.cloud.client.loadbalancer.LoadBalancerDefaultMappingsProviderAutoConfiguration' of type [org.springframework.cloud.client.loadbalancer.LoadBalancerDefaultMappingsProviderAutoConfiguration] is not eligible for getting processed by all BeanPostProcessors (for example: not eligible for auto-proxying). Is this bean getting eagerly injected into a currently created BeanPostProcessor [lbRestClientPostProcessor]? Check the corresponding BeanPostProcessor declaration and its dependencies.
2026-06-24 09:58:24 [main] WARN  o.s.c.s.PostProcessorRegistrationDelegate$BeanPostProcessorChecker - Bean 'loadBalancerClientsDefaultsMappingsProvider' of type [org.springframework.cloud.client.loadbalancer.LoadBalancerDefaultMappingsProviderAutoConfiguration$$Lambda$1452/0x0000026301898248] is not eligible for getting processed by all BeanPostProcessors (for example: not eligible for auto-proxying). Is this bean getting eagerly injected into a currently created BeanPostProcessor [lbRestClientPostProcessor]? Check the corresponding BeanPostProcessor declaration and its dependencies.
2026-06-24 09:58:24 [main] WARN  o.s.c.s.PostProcessorRegistrationDelegate$BeanPostProcessorChecker - Bean 'defaultsBindHandlerAdvisor' of type [org.springframework.cloud.commons.config.DefaultsBindHandlerAdvisor] is not eligible for getting processed by all BeanPostProcessors (for example: not eligible for auto-proxying). Is this bean getting eagerly injected into a currently created BeanPostProcessor [lbRestClientPostProcessor]? Check the corresponding BeanPostProcessor declaration and its dependencies.
2026-06-24 09:58:24 [main] WARN  o.s.c.s.PostProcessorRegistrationDelegate$BeanPostProcessorChecker - Bean 'spring.cloud.loadbalancer-org.springframework.cloud.client.loadbalancer.LoadBalancerClientsProperties' of type [org.springframework.cloud.client.loadbalancer.LoadBalancerClientsProperties] is not eligible for getting processed by all BeanPostProcessors (for example: not eligible for auto-proxying). Is this bean getting eagerly injected into a currently created BeanPostProcessor [lbRestClientPostProcessor]? Check the corresponding BeanPostProcessor declaration and its dependencies.
2026-06-24 09:58:25 [main] WARN  o.s.c.s.PostProcessorRegistrationDelegate$BeanPostProcessorChecker - Bean 'default.org.springframework.cloud.loadbalancer.config.LoadBalancerAutoConfiguration.LoadBalancerClientSpecification' of type [org.springframework.cloud.loadbalancer.annotation.LoadBalancerClientSpecification] is not eligible for getting processed by all BeanPostProcessors (for example: not eligible for auto-proxying). Is this bean getting eagerly injected into a currently created BeanPostProcessor [lbRestClientPostProcessor]? Check the corresponding BeanPostProcessor declaration and its dependencies.
2026-06-24 09:58:25 [main] WARN  o.s.c.s.PostProcessorRegistrationDelegate$BeanPostProcessorChecker - Bean 'default.org.springframework.cloud.loadbalancer.config.BlockingLoadBalancerClientAutoConfiguration.LoadBalancerClientSpecification' of type [org.springframework.cloud.loadbalancer.annotation.LoadBalancerClientSpecification] is not eligible for getting processed by all BeanPostProcessors (for example: not eligible for auto-proxying). Is this bean getting eagerly injected into a currently created BeanPostProcessor [lbRestClientPostProcessor]? Check the corresponding BeanPostProcessor declaration and its dependencies.
2026-06-24 09:58:25 [main] WARN  o.s.c.s.PostProcessorRegistrationDelegate$BeanPostProcessorChecker - Bean 'loadBalancerClientFactory' of type [org.springframework.cloud.loadbalancer.support.LoadBalancerClientFactory] is not eligible for getting processed by all BeanPostProcessors (for example: not eligible for auto-proxying). Is this bean getting eagerly injected into a currently created BeanPostProcessor [lbRestClientPostProcessor]? Check the corresponding BeanPostProcessor declaration and its dependencies.
2026-06-24 09:58:25 [main] WARN  o.s.c.s.PostProcessorRegistrationDelegate$BeanPostProcessorChecker - Bean 'blockingLoadBalancerClient' of type [org.springframework.cloud.loadbalancer.blocking.client.BlockingLoadBalancerClient] is not eligible for getting processed by all BeanPostProcessors (for example: not eligible for auto-proxying). Is this bean getting eagerly injected into a currently created BeanPostProcessor [lbRestClientPostProcessor]? Check the corresponding BeanPostProcessor declaration and its dependencies.
2026-06-24 09:58:25 [main] WARN  o.s.c.s.PostProcessorRegistrationDelegate$BeanPostProcessorChecker - Bean 'loadBalancerServiceInstanceCookieTransformer' of type [org.springframework.cloud.loadbalancer.core.LoadBalancerServiceInstanceCookieTransformer] is not eligible for getting processed by all BeanPostProcessors (for example: not eligible for auto-proxying). Is this bean getting eagerly injected into a currently created BeanPostProcessor [lbRestClientPostProcessor]? Check the corresponding BeanPostProcessor declaration and its dependencies.
2026-06-24 09:58:25 [main] WARN  o.s.c.s.PostProcessorRegistrationDelegate$BeanPostProcessorChecker - Bean 'xForwarderHeadersTransformer' of type [org.springframework.cloud.loadbalancer.blocking.XForwardedHeadersTransformer] is not eligible for getting processed by all BeanPostProcessors (for example: not eligible for auto-proxying). Is this bean getting eagerly injected into a currently created BeanPostProcessor [lbRestClientPostProcessor]? Check the corresponding BeanPostProcessor declaration and its dependencies.
2026-06-24 09:58:25 [main] WARN  o.s.c.s.PostProcessorRegistrationDelegate$BeanPostProcessorChecker - Bean 'org.springframework.cloud.client.loadbalancer.LoadBalancerAutoConfiguration' of type [org.springframework.cloud.client.loadbalancer.LoadBalancerAutoConfiguration] is not eligible for getting processed by all BeanPostProcessors (for example: not eligible for auto-proxying). Is this bean getting eagerly injected into a currently created BeanPostProcessor [lbRestClientPostProcessor]? Check the corresponding BeanPostProcessor declaration and its dependencies.
2026-06-24 09:58:25 [main] WARN  o.s.c.s.PostProcessorRegistrationDelegate$BeanPostProcessorChecker - Bean 'loadBalancerRequestFactory' of type [org.springframework.cloud.client.loadbalancer.LoadBalancerRequestFactory] is not eligible for getting processed by all BeanPostProcessors (for example: not eligible for auto-proxying). Is this bean getting eagerly injected into a currently created BeanPostProcessor [lbRestClientPostProcessor]? Check the corresponding BeanPostProcessor declaration and its dependencies.
2026-06-24 09:58:25 [main] WARN  o.s.c.s.PostProcessorRegistrationDelegate$BeanPostProcessorChecker - Bean 'org.springframework.cloud.loadbalancer.config.BlockingLoadBalancerClientAutoConfiguration$BlockingLoadBalancerRetryConfig' of type [org.springframework.cloud.loadbalancer.config.BlockingLoadBalancerClientAutoConfiguration$BlockingLoadBalancerRetryConfig$$SpringCGLIB$$0] is not eligible for getting processed by all BeanPostProcessors (for example: not eligible for auto-proxying). Is this bean getting eagerly injected into a currently created BeanPostProcessor [lbRestClientPostProcessor]? Check the corresponding BeanPostProcessor declaration and its dependencies.
2026-06-24 09:58:25 [main] WARN  o.s.c.s.PostProcessorRegistrationDelegate$BeanPostProcessorChecker - Bean 'loadBalancedRetryFactory' of type [org.springframework.cloud.loadbalancer.blocking.retry.BlockingLoadBalancedRetryFactory] is not eligible for getting processed by all BeanPostProcessors (for example: not eligible for auto-proxying). Is this bean getting eagerly injected into a currently created BeanPostProcessor [lbRestClientPostProcessor]? Check the corresponding BeanPostProcessor declaration and its dependencies.
2026-06-24 09:58:25 [main] WARN  o.s.c.s.PostProcessorRegistrationDelegate$BeanPostProcessorChecker - Bean 'loadBalancerInterceptor' of type [org.springframework.cloud.client.loadbalancer.RetryLoadBalancerInterceptor] is not eligible for getting processed by all BeanPostProcessors (for example: not eligible for auto-proxying). Is this bean getting eagerly injected into a currently created BeanPostProcessor [lbRestClientPostProcessor]? Check the corresponding BeanPostProcessor declaration and its dependencies.
2026-06-24 09:58:27 [main] INFO  o.s.b.w.e.tomcat.TomcatWebServer - Tomcat initialized with port 0 (http)
2026-06-24 09:58:27 [main] INFO  o.a.catalina.core.StandardService - Starting service [Tomcat]
2026-06-24 09:58:27 [main] INFO  o.a.catalina.core.StandardEngine - Starting Servlet engine: [Apache Tomcat/10.1.16]
2026-06-24 09:58:28 [main] INFO  o.a.c.c.C.[Tomcat].[localhost].[/] - Initializing Spring embedded WebApplicationContext
2026-06-24 09:58:28 [main] INFO  o.s.b.w.s.c.ServletWebServerApplicationContext - Root WebApplicationContext: initialization completed in 16972 ms
2026-06-24 09:58:31 [main] DEBUG c.f.o.s.JwtAuthenticationFilter - Filter 'jwtAuthenticationFilter' configured for use
2026-06-24 09:58:33 [main] INFO  o.h.jpa.internal.util.LogHelper - HHH000204: Processing PersistenceUnitInfo [name: default]
2026-06-24 09:58:33 [main] INFO  org.hibernate.Version - HHH000412: Hibernate ORM core version 6.3.1.Final
2026-06-24 09:58:41 [main] INFO  o.h.c.i.RegionFactoryInitiator - HHH000026: Second-level cache disabled
2026-06-24 09:58:43 [main] INFO  o.s.o.j.p.SpringPersistenceUnitInfo - No LoadTimeWeaver setup: ignoring JPA class transformer
2026-06-24 09:58:43 [main] INFO  com.zaxxer.hikari.HikariDataSource - OrderServiceHikariPool - Starting...
2026-06-24 09:58:47 [main] INFO  com.zaxxer.hikari.pool.HikariPool - OrderServiceHikariPool - Added connection conn0: url=jdbc:h2:mem:ordertest user=SA
2026-06-24 09:58:47 [main] INFO  com.zaxxer.hikari.HikariDataSource - OrderServiceHikariPool - Start completed.
2026-06-24 09:58:47 [main] WARN  org.hibernate.orm.deprecation - HHH90000025: H2Dialect does not need to be specified explicitly using 'hibernate.dialect' (remove the property setting and it will be selected by default)
2026-06-24 09:58:53 [main] INFO  o.h.e.t.j.p.i.JtaPlatformInitiator - HHH000489: No JTA platform available (set 'hibernate.transaction.jta.platform' to enable JTA platform integration)
2026-06-24 09:58:53 [main] DEBUG org.hibernate.SQL - 
    drop table if exists order_items cascade 
2026-06-24 09:58:53 [main] DEBUG org.hibernate.SQL - 
    drop table if exists orders cascade 
2026-06-24 09:58:53 [main] DEBUG org.hibernate.SQL - 
    drop table if exists outbox_events cascade 
2026-06-24 09:58:53 [main] DEBUG org.hibernate.SQL - 
    drop table if exists processed_events cascade 
2026-06-24 09:58:53 [main] DEBUG org.hibernate.SQL - 
    drop table if exists saga_states cascade 
2026-06-24 09:58:53 [main] DEBUG org.hibernate.SQL - 
    create table order_items (
        price numeric(10,2) not null,
        quantity integer not null,
        id bigint generated by default as identity,
        menu_item_id bigint not null,
        order_id bigint not null,
        primary key (id)
    )
2026-06-24 09:58:54 [main] DEBUG org.hibernate.SQL - 
    create table orders (
        total_amount numeric(10,2) not null,
        created_at timestamp(6) not null,
        id bigint generated by default as identity,
        restaurant_id bigint not null,
        updated_at timestamp(6),
        user_id bigint not null,
        delivery_address varchar(255) not null,
        status varchar(255) not null check (status in ('CREATED','PAYMENT_PENDING','PAID','PAYMENT_FAILED','RESTAURANT_PENDING','RESTAURANT_CONFIRMED','RESTAURANT_REJECTED','CONFIRMED','PREPARING','OUT_FOR_DELIVERY','DELIVERED','CANCELLED','REFUND_PENDING','REFUNDED','FAILED')),
        primary key (id)
    )
2026-06-24 09:58:54 [main] DEBUG org.hibernate.SQL - 
    create table outbox_events (
        retry_count integer,
        created_at timestamp(6) not null,
        id bigint generated by default as identity,
        published_at timestamp(6),
        event_id varchar(255) not null unique,
        event_type varchar(255) not null,
        exchange varchar(255) not null,
        payload TEXT not null,
        routing_key varchar(255) not null,
        status varchar(255) not null,
        primary key (id)
    )
2026-06-24 09:58:54 [main] DEBUG org.hibernate.SQL - 
    create table processed_events (
        id bigint generated by default as identity,
        processed_at timestamp(6) not null,
        event_id varchar(255) not null unique,
        event_type varchar(255) not null,
        primary key (id)
    )
2026-06-24 09:58:54 [main] DEBUG org.hibernate.SQL - 
    create table saga_states (
        retry_count integer,
        created_at timestamp(6) not null,
        id bigint generated by default as identity,
        order_id bigint not null,
        payment_id bigint,
        updated_at timestamp(6),
        current_step varchar(255) not null,
        failure_reason varchar(255),
        saga_id varchar(255) not null unique,
        status varchar(255) not null,
        primary key (id)
    )
2026-06-24 09:58:54 [main] DEBUG org.hibernate.SQL - 
    alter table if exists order_items 
       add constraint FKbioxgbv59vetrxe0ejfubep1w 
       foreign key (order_id) 
       references orders
2026-06-24 09:58:54 [main] INFO  o.s.o.j.LocalContainerEntityManagerFactoryBean - Initialized JPA EntityManagerFactory for persistence unit 'default'
2026-06-24 09:58:56 [main] INFO  o.s.d.j.r.query.QueryEnhancerFactory - Hibernate is in classpath; If applicable, HQL parser will be used.
2026-06-24 09:59:00 [main] INFO  o.s.c.o.FeignClientFactoryBean - For 'restaurant-service' URL not provided. Will try picking an instance via load-balancing.
2026-06-24 09:59:00 [main] INFO  o.s.c.o.FeignClientFactoryBean - For 'payment-service' URL not provided. Will try picking an instance via load-balancing.
2026-06-24 09:59:01 [main] INFO  o.s.c.o.FeignClientFactoryBean - For 'notification-service' URL not provided. Will try picking an instance via load-balancing.
2026-06-24 09:59:07 [main] WARN  o.s.b.a.s.s.UserDetailsServiceAutoConfiguration - 

Using generated security password: 270bd17e-e981-4886-b9be-1843af0b8236

This generated password is for development use only. Your security configuration must be updated before running your application in production.

2026-06-24 09:59:10 [main] INFO  o.s.b.a.e.web.EndpointLinksResolver - Exposing 9 endpoint(s) beneath base path '/actuator'
2026-06-24 09:59:11 [main] INFO  o.s.s.web.DefaultSecurityFilterChain - Will secure any request with [org.springframework.security.web.session.DisableEncodeUrlFilter@4950c344, org.springframework.security.web.context.request.async.WebAsyncManagerIntegrationFilter@25fec42c, org.springframework.security.web.context.SecurityContextHolderFilter@56bb72e0, org.springframework.security.web.header.HeaderWriterFilter@6fdaad4e, org.springframework.web.filter.CorsFilter@42b07e49, org.springframework.security.web.authentication.logout.LogoutFilter@728f56cc, com.fooddelivery.order.security.JwtAuthenticationFilter@581089bc, org.springframework.security.web.savedrequest.RequestCacheAwareFilter@e517002, org.springframework.security.web.servletapi.SecurityContextHolderAwareRequestFilter@61e11500, org.springframework.security.web.authentication.AnonymousAuthenticationFilter@4c26acbd, org.springframework.security.web.session.SessionManagementFilter@70b771d, org.springframework.security.web.access.ExceptionTranslationFilter@65b94ceb, org.springframework.security.web.access.intercept.AuthorizationFilter@591cea95]
2026-06-24 09:59:16 [main] INFO  o.s.c.n.e.c.DiscoveryClientOptionalArgsConfiguration - Eureka HTTP Client uses RestTemplate.
2026-06-24 09:59:17 [main] WARN  o.s.c.l.c.LoadBalancerCacheAutoConfiguration$LoadBalancerCaffeineWarnLogger - Spring Cloud LoadBalancer is currently working with the default cache. While this cache implementation is useful for development and tests, it's recommended to use Caffeine cache in production.You can switch to using Caffeine cache, by adding it and org.springframework.cache.caffeine.CaffeineCacheManager to the classpath.
2026-06-24 09:59:17 [main] INFO  o.s.b.w.e.tomcat.TomcatWebServer - Tomcat started on port 52241 (http) with context path ''
2026-06-24 09:59:19 [main] INFO  o.s.a.r.c.CachingConnectionFactory - Attempting to connect to: [localhost:5672]
2026-06-24 09:59:19 [main] INFO  o.s.a.r.c.CachingConnectionFactory - Created new connection: rabbitConnectionFactory#5c786dc7:0/SimpleConnection@3e5504f [delegate=amqp://guest@127.0.0.1:5672/, localPort=65240]
2026-06-24 09:59:19 [main] INFO  o.s.amqp.rabbit.core.RabbitAdmin - Auto-declaring a non-durable or auto-delete Exchange (order.exchange) durable:false, auto-delete:false. It will be deleted by the broker if it shuts down, and can be redeclared by closing and reopening the connection.
2026-06-24 09:59:19 [main] INFO  o.s.amqp.rabbit.core.RabbitAdmin - Auto-declaring a non-durable or auto-delete Exchange (payment.exchange) durable:false, auto-delete:false. It will be deleted by the broker if it shuts down, and can be redeclared by closing and reopening the connection.
2026-06-24 09:59:19 [main] INFO  o.s.amqp.rabbit.core.RabbitAdmin - Auto-declaring a non-durable or auto-delete Exchange (restaurant.exchange) durable:false, auto-delete:false. It will be deleted by the broker if it shuts down, and can be redeclared by closing and reopening the connection.
2026-06-24 09:59:19 [main] INFO  o.s.amqp.rabbit.core.RabbitAdmin - Auto-declaring a non-durable or auto-delete Exchange (notification.exchange) durable:false, auto-delete:false. It will be deleted by the broker if it shuts down, and can be redeclared by closing and reopening the connection.
2026-06-24 09:59:19 [main] INFO  o.s.amqp.rabbit.core.RabbitAdmin - Auto-declaring a non-durable or auto-delete Exchange (dlx.exchange) durable:false, auto-delete:false. It will be deleted by the broker if it shuts down, and can be redeclared by closing and reopening the connection.
2026-06-24 09:59:19 [main] INFO  o.s.amqp.rabbit.core.RabbitAdmin - Auto-declaring a non-durable, auto-delete, or exclusive Queue (order.created.queue) durable:false, auto-delete:false, exclusive:false. It will be redeclared if the broker stops and is restarted while the connection factory is alive, but all messages will be lost.
2026-06-24 09:59:19 [main] INFO  o.s.amqp.rabbit.core.RabbitAdmin - Auto-declaring a non-durable, auto-delete, or exclusive Queue (order.confirmed.queue) durable:false, auto-delete:false, exclusive:false. It will be redeclared if the broker stops and is restarted while the connection factory is alive, but all messages will be lost.
2026-06-24 09:59:19 [main] INFO  o.s.amqp.rabbit.core.RabbitAdmin - Auto-declaring a non-durable, auto-delete, or exclusive Queue (order.cancelled.queue) durable:false, auto-delete:false, exclusive:false. It will be redeclared if the broker stops and is restarted while the connection factory is alive, but all messages will be lost.
2026-06-24 09:59:19 [main] INFO  o.s.amqp.rabbit.core.RabbitAdmin - Auto-declaring a non-durable, auto-delete, or exclusive Queue (payment.success.queue) durable:false, auto-delete:false, exclusive:false. It will be redeclared if the broker stops and is restarted while the connection factory is alive, but all messages will be lost.
2026-06-24 09:59:19 [main] INFO  o.s.amqp.rabbit.core.RabbitAdmin - Auto-declaring a non-durable, auto-delete, or exclusive Queue (payment.failed.queue) durable:false, auto-delete:false, exclusive:false. It will be redeclared if the broker stops and is restarted while the connection factory is alive, but all messages will be lost.
2026-06-24 09:59:19 [main] INFO  o.s.amqp.rabbit.core.RabbitAdmin - Auto-declaring a non-durable, auto-delete, or exclusive Queue (payment.refund.queue) durable:false, auto-delete:false, exclusive:false. It will be redeclared if the broker stops and is restarted while the connection factory is alive, but all messages will be lost.
2026-06-24 09:59:19 [main] INFO  o.s.amqp.rabbit.core.RabbitAdmin - Auto-declaring a non-durable, auto-delete, or exclusive Queue (restaurant.accepted.queue) durable:false, auto-delete:false, exclusive:false. It will be redeclared if the broker stops and is restarted while the connection factory is alive, but all messages will be lost.
2026-06-24 09:59:19 [main] INFO  o.s.amqp.rabbit.core.RabbitAdmin - Auto-declaring a non-durable, auto-delete, or exclusive Queue (restaurant.rejected.queue) durable:false, auto-delete:false, exclusive:false. It will be redeclared if the broker stops and is restarted while the connection factory is alive, but all messages will be lost.
2026-06-24 09:59:20 [main] INFO  c.f.o.OrderServiceApplicationTest - Started OrderServiceApplicationTest in 73.093 seconds (process running for 127.754)
2026-06-24 09:59:22 [main] INFO  c.f.order.OrderServiceApplication - Starting OrderServiceApplication using Java 17.0.18 with PID 12296 (started by avilakad in C:\Users\avilakad\OneDrive - Publicis Groupe\Documents\Food-Delivery-main\order-service)
2026-06-24 09:59:22 [main] DEBUG c.f.order.OrderServiceApplication - Running with Spring Boot v3.2.0, Spring v6.1.1
2026-06-24 09:59:22 [main] INFO  c.f.order.OrderServiceApplication - No active profile set, falling back to 1 default profile: "default"
2026-06-24 09:59:22 [main] INFO  o.s.c.c.c.ConfigServerConfigDataLoader - Fetching config from server at : http://localhost:8888
2026-06-24 09:59:22 [main] INFO  o.s.c.c.c.ConfigServerConfigDataLoader - Located environment: name=order-service, profiles=[default], label=null, version=127b1adee530cd27467179f9b7c7520365be625a, state=null
2026-06-24 09:59:23 [main] INFO  o.s.d.r.c.RepositoryConfigurationDelegate - Bootstrapping Spring Data JPA repositories in DEFAULT mode.
2026-06-24 09:59:23 [main] INFO  o.s.d.r.c.RepositoryConfigurationDelegate - Finished Spring Data repository scanning in 96 ms. Found 5 JPA repository interfaces.
2026-06-24 09:59:24 [main] INFO  o.s.cloud.context.scope.GenericScope - BeanFactory id=2abfde9c-1a33-3fb1-a365-d324024cd524
2026-06-24 09:59:24 [main] WARN  o.s.c.s.PostProcessorRegistrationDelegate$BeanPostProcessorChecker - Bean 'org.springframework.cloud.client.loadbalancer.LoadBalancerAutoConfiguration$RetryInterceptorAutoConfiguration' of type [org.springframework.cloud.client.loadbalancer.LoadBalancerAutoConfiguration$RetryInterceptorAutoConfiguration] is not eligible for getting processed by all BeanPostProcessors (for example: not eligible for auto-proxying). The currently created BeanPostProcessor [lbRestClientPostProcessor] is declared through a non-static factory method on that class; consider declaring it as static instead.
2026-06-24 09:59:24 [main] WARN  o.s.c.s.PostProcessorRegistrationDelegate$BeanPostProcessorChecker - Bean 'org.springframework.cloud.loadbalancer.config.BlockingLoadBalancerClientAutoConfiguration' of type [org.springframework.cloud.loadbalancer.config.BlockingLoadBalancerClientAutoConfiguration] is not eligible for getting processed by all BeanPostProcessors (for example: not eligible for auto-proxying). Is this bean getting eagerly injected into a currently created BeanPostProcessor [lbRestClientPostProcessor]? Check the corresponding BeanPostProcessor declaration and its dependencies.
2026-06-24 09:59:24 [main] WARN  o.s.c.s.PostProcessorRegistrationDelegate$BeanPostProcessorChecker - Bean 'org.springframework.cloud.loadbalancer.config.LoadBalancerAutoConfiguration' of type [org.springframework.cloud.loadbalancer.config.LoadBalancerAutoConfiguration] is not eligible for getting processed by all BeanPostProcessors (for example: not eligible for auto-proxying). Is this bean getting eagerly injected into a currently created BeanPostProcessor [lbRestClientPostProcessor]? Check the corresponding BeanPostProcessor declaration and its dependencies.
2026-06-24 09:59:24 [main] WARN  o.s.c.s.PostProcessorRegistrationDelegate$BeanPostProcessorChecker - Bean 'org.springframework.cloud.commons.config.CommonsConfigAutoConfiguration' of type [org.springframework.cloud.commons.config.CommonsConfigAutoConfiguration] is not eligible for getting processed by all BeanPostProcessors (for example: not eligible for auto-proxying). Is this bean getting eagerly injected into a currently created BeanPostProcessor [lbRestClientPostProcessor]? Check the corresponding BeanPostProcessor declaration and its dependencies.
2026-06-24 09:59:24 [main] WARN  o.s.c.s.PostProcessorRegistrationDelegate$BeanPostProcessorChecker - Bean 'org.springframework.cloud.client.loadbalancer.LoadBalancerDefaultMappingsProviderAutoConfiguration' of type [org.springframework.cloud.client.loadbalancer.LoadBalancerDefaultMappingsProviderAutoConfiguration] is not eligible for getting processed by all BeanPostProcessors (for example: not eligible for auto-proxying). Is this bean getting eagerly injected into a currently created BeanPostProcessor [lbRestClientPostProcessor]? Check the corresponding BeanPostProcessor declaration and its dependencies.
2026-06-24 09:59:24 [main] WARN  o.s.c.s.PostProcessorRegistrationDelegate$BeanPostProcessorChecker - Bean 'loadBalancerClientsDefaultsMappingsProvider' of type [org.springframework.cloud.client.loadbalancer.LoadBalancerDefaultMappingsProviderAutoConfiguration$$Lambda$1452/0x0000026301898248] is not eligible for getting processed by all BeanPostProcessors (for example: not eligible for auto-proxying). Is this bean getting eagerly injected into a currently created BeanPostProcessor [lbRestClientPostProcessor]? Check the corresponding BeanPostProcessor declaration and its dependencies.
2026-06-24 09:59:24 [main] WARN  o.s.c.s.PostProcessorRegistrationDelegate$BeanPostProcessorChecker - Bean 'defaultsBindHandlerAdvisor' of type [org.springframework.cloud.commons.config.DefaultsBindHandlerAdvisor] is not eligible for getting processed by all BeanPostProcessors (for example: not eligible for auto-proxying). Is this bean getting eagerly injected into a currently created BeanPostProcessor [lbRestClientPostProcessor]? Check the corresponding BeanPostProcessor declaration and its dependencies.
2026-06-24 09:59:24 [main] WARN  o.s.c.s.PostProcessorRegistrationDelegate$BeanPostProcessorChecker - Bean 'spring.cloud.loadbalancer-org.springframework.cloud.client.loadbalancer.LoadBalancerClientsProperties' of type [org.springframework.cloud.client.loadbalancer.LoadBalancerClientsProperties] is not eligible for getting processed by all BeanPostProcessors (for example: not eligible for auto-proxying). Is this bean getting eagerly injected into a currently created BeanPostProcessor [lbRestClientPostProcessor]? Check the corresponding BeanPostProcessor declaration and its dependencies.
2026-06-24 09:59:24 [main] WARN  o.s.c.s.PostProcessorRegistrationDelegate$BeanPostProcessorChecker - Bean 'default.org.springframework.cloud.loadbalancer.config.LoadBalancerAutoConfiguration.LoadBalancerClientSpecification' of type [org.springframework.cloud.loadbalancer.annotation.LoadBalancerClientSpecification] is not eligible for getting processed by all BeanPostProcessors (for example: not eligible for auto-proxying). Is this bean getting eagerly injected into a currently created BeanPostProcessor [lbRestClientPostProcessor]? Check the corresponding BeanPostProcessor declaration and its dependencies.
2026-06-24 09:59:24 [main] WARN  o.s.c.s.PostProcessorRegistrationDelegate$BeanPostProcessorChecker - Bean 'default.org.springframework.cloud.loadbalancer.config.BlockingLoadBalancerClientAutoConfiguration.LoadBalancerClientSpecification' of type [org.springframework.cloud.loadbalancer.annotation.LoadBalancerClientSpecification] is not eligible for getting processed by all BeanPostProcessors (for example: not eligible for auto-proxying). Is this bean getting eagerly injected into a currently created BeanPostProcessor [lbRestClientPostProcessor]? Check the corresponding BeanPostProcessor declaration and its dependencies.
2026-06-24 09:59:24 [main] WARN  o.s.c.s.PostProcessorRegistrationDelegate$BeanPostProcessorChecker - Bean 'loadBalancerClientFactory' of type [org.springframework.cloud.loadbalancer.support.LoadBalancerClientFactory] is not eligible for getting processed by all BeanPostProcessors (for example: not eligible for auto-proxying). Is this bean getting eagerly injected into a currently created BeanPostProcessor [lbRestClientPostProcessor]? Check the corresponding BeanPostProcessor declaration and its dependencies.
2026-06-24 09:59:24 [main] WARN  o.s.c.s.PostProcessorRegistrationDelegate$BeanPostProcessorChecker - Bean 'blockingLoadBalancerClient' of type [org.springframework.cloud.loadbalancer.blocking.client.BlockingLoadBalancerClient] is not eligible for getting processed by all BeanPostProcessors (for example: not eligible for auto-proxying). Is this bean getting eagerly injected into a currently created BeanPostProcessor [lbRestClientPostProcessor]? Check the corresponding BeanPostProcessor declaration and its dependencies.
2026-06-24 09:59:24 [main] WARN  o.s.c.s.PostProcessorRegistrationDelegate$BeanPostProcessorChecker - Bean 'loadBalancerServiceInstanceCookieTransformer' of type [org.springframework.cloud.loadbalancer.core.LoadBalancerServiceInstanceCookieTransformer] is not eligible for getting processed by all BeanPostProcessors (for example: not eligible for auto-proxying). Is this bean getting eagerly injected into a currently created BeanPostProcessor [lbRestClientPostProcessor]? Check the corresponding BeanPostProcessor declaration and its dependencies.
2026-06-24 09:59:24 [main] WARN  o.s.c.s.PostProcessorRegistrationDelegate$BeanPostProcessorChecker - Bean 'xForwarderHeadersTransformer' of type [org.springframework.cloud.loadbalancer.blocking.XForwardedHeadersTransformer] is not eligible for getting processed by all BeanPostProcessors (for example: not eligible for auto-proxying). Is this bean getting eagerly injected into a currently created BeanPostProcessor [lbRestClientPostProcessor]? Check the corresponding BeanPostProcessor declaration and its dependencies.
2026-06-24 09:59:24 [main] WARN  o.s.c.s.PostProcessorRegistrationDelegate$BeanPostProcessorChecker - Bean 'org.springframework.cloud.client.loadbalancer.LoadBalancerAutoConfiguration' of type [org.springframework.cloud.client.loadbalancer.LoadBalancerAutoConfiguration] is not eligible for getting processed by all BeanPostProcessors (for example: not eligible for auto-proxying). Is this bean getting eagerly injected into a currently created BeanPostProcessor [lbRestClientPostProcessor]? Check the corresponding BeanPostProcessor declaration and its dependencies.
2026-06-24 09:59:24 [main] WARN  o.s.c.s.PostProcessorRegistrationDelegate$BeanPostProcessorChecker - Bean 'loadBalancerRequestFactory' of type [org.springframework.cloud.client.loadbalancer.LoadBalancerRequestFactory] is not eligible for getting processed by all BeanPostProcessors (for example: not eligible for auto-proxying). Is this bean getting eagerly injected into a currently created BeanPostProcessor [lbRestClientPostProcessor]? Check the corresponding BeanPostProcessor declaration and its dependencies.
2026-06-24 09:59:24 [main] WARN  o.s.c.s.PostProcessorRegistrationDelegate$BeanPostProcessorChecker - Bean 'org.springframework.cloud.loadbalancer.config.BlockingLoadBalancerClientAutoConfiguration$BlockingLoadBalancerRetryConfig' of type [org.springframework.cloud.loadbalancer.config.BlockingLoadBalancerClientAutoConfiguration$BlockingLoadBalancerRetryConfig$$SpringCGLIB$$0] is not eligible for getting processed by all BeanPostProcessors (for example: not eligible for auto-proxying). Is this bean getting eagerly injected into a currently created BeanPostProcessor [lbRestClientPostProcessor]? Check the corresponding BeanPostProcessor declaration and its dependencies.
2026-06-24 09:59:24 [main] WARN  o.s.c.s.PostProcessorRegistrationDelegate$BeanPostProcessorChecker - Bean 'loadBalancedRetryFactory' of type [org.springframework.cloud.loadbalancer.blocking.retry.BlockingLoadBalancedRetryFactory] is not eligible for getting processed by all BeanPostProcessors (for example: not eligible for auto-proxying). Is this bean getting eagerly injected into a currently created BeanPostProcessor [lbRestClientPostProcessor]? Check the corresponding BeanPostProcessor declaration and its dependencies.
2026-06-24 09:59:24 [main] WARN  o.s.c.s.PostProcessorRegistrationDelegate$BeanPostProcessorChecker - Bean 'loadBalancerInterceptor' of type [org.springframework.cloud.client.loadbalancer.RetryLoadBalancerInterceptor] is not eligible for getting processed by all BeanPostProcessors (for example: not eligible for auto-proxying). Is this bean getting eagerly injected into a currently created BeanPostProcessor [lbRestClientPostProcessor]? Check the corresponding BeanPostProcessor declaration and its dependencies.
2026-06-24 09:59:25 [main] INFO  o.s.b.w.e.tomcat.TomcatWebServer - Tomcat initialized with port 0 (http)
2026-06-24 09:59:25 [main] INFO  o.a.catalina.core.StandardService - Starting service [Tomcat]
2026-06-24 09:59:25 [main] INFO  o.a.catalina.core.StandardEngine - Starting Servlet engine: [Apache Tomcat/10.1.16]
2026-06-24 09:59:25 [main] INFO  o.a.c.c.C.[Tomcat-1].[localhost].[/] - Initializing Spring embedded WebApplicationContext
2026-06-24 09:59:25 [main] INFO  o.s.b.w.s.c.ServletWebServerApplicationContext - Root WebApplicationContext: initialization completed in 3510 ms
2026-06-24 09:59:25 [scheduling-1] DEBUG org.hibernate.SQL - 
    /* <criteria> */ select
        oe1_0.id,
        oe1_0.created_at,
        oe1_0.event_id,
        oe1_0.event_type,
        oe1_0.exchange,
        oe1_0.payload,
        oe1_0.published_at,
        oe1_0.retry_count,
        oe1_0.routing_key,
        oe1_0.status 
    from
        outbox_events oe1_0 
    where
        oe1_0.status=? 
        and oe1_0.retry_count<?
2026-06-24 09:59:27 [main] DEBUG c.f.o.s.JwtAuthenticationFilter - Filter 'jwtAuthenticationFilter' configured for use
2026-06-24 09:59:28 [main] INFO  o.h.jpa.internal.util.LogHelper - HHH000204: Processing PersistenceUnitInfo [name: default]
2026-06-24 09:59:28 [main] INFO  o.h.c.i.RegionFactoryInitiator - HHH000026: Second-level cache disabled
2026-06-24 09:59:28 [main] INFO  o.s.o.j.p.SpringPersistenceUnitInfo - No LoadTimeWeaver setup: ignoring JPA class transformer
2026-06-24 09:59:28 [main] INFO  com.zaxxer.hikari.HikariDataSource - OrderServiceHikariPool - Starting...
2026-06-24 09:59:28 [main] INFO  com.zaxxer.hikari.pool.HikariPool - OrderServiceHikariPool - Added connection conn5: url=jdbc:h2:mem:ordertest2 user=SA
2026-06-24 09:59:28 [main] INFO  com.zaxxer.hikari.HikariDataSource - OrderServiceHikariPool - Start completed.
2026-06-24 09:59:28 [main] WARN  org.hibernate.orm.deprecation - HHH90000025: H2Dialect does not need to be specified explicitly using 'hibernate.dialect' (remove the property setting and it will be selected by default)
2026-06-24 09:59:28 [main] INFO  o.h.e.t.j.p.i.JtaPlatformInitiator - HHH000489: No JTA platform available (set 'hibernate.transaction.jta.platform' to enable JTA platform integration)
2026-06-24 09:59:28 [main] DEBUG org.hibernate.SQL - 
    drop table if exists order_items cascade 
2026-06-24 09:59:28 [main] DEBUG org.hibernate.SQL - 
    drop table if exists orders cascade 
2026-06-24 09:59:28 [main] DEBUG org.hibernate.SQL - 
    drop table if exists outbox_events cascade 
2026-06-24 09:59:28 [main] DEBUG org.hibernate.SQL - 
    drop table if exists processed_events cascade 
2026-06-24 09:59:28 [main] DEBUG org.hibernate.SQL - 
    drop table if exists saga_states cascade 
2026-06-24 09:59:28 [main] DEBUG org.hibernate.SQL - 
    create table order_items (
        price numeric(10,2) not null,
        quantity integer not null,
        id bigint generated by default as identity,
        menu_item_id bigint not null,
        order_id bigint not null,
        primary key (id)
    )
2026-06-24 09:59:28 [main] DEBUG org.hibernate.SQL - 
    create table orders (
        total_amount numeric(10,2) not null,
        created_at timestamp(6) not null,
        id bigint generated by default as identity,
        restaurant_id bigint not null,
        updated_at timestamp(6),
        user_id bigint not null,
        delivery_address varchar(255) not null,
        status varchar(255) not null check (status in ('CREATED','PAYMENT_PENDING','PAID','PAYMENT_FAILED','RESTAURANT_PENDING','RESTAURANT_CONFIRMED','RESTAURANT_REJECTED','CONFIRMED','PREPARING','OUT_FOR_DELIVERY','DELIVERED','CANCELLED','REFUND_PENDING','REFUNDED','FAILED')),
        primary key (id)
    )
2026-06-24 09:59:28 [main] DEBUG org.hibernate.SQL - 
    create table outbox_events (
        retry_count integer,
        created_at timestamp(6) not null,
        id bigint generated by default as identity,
        published_at timestamp(6),
        event_id varchar(255) not null unique,
        event_type varchar(255) not null,
        exchange varchar(255) not null,
        payload TEXT not null,
        routing_key varchar(255) not null,
        status varchar(255) not null,
        primary key (id)
    )
2026-06-24 09:59:28 [main] DEBUG org.hibernate.SQL - 
    create table processed_events (
        id bigint generated by default as identity,
        processed_at timestamp(6) not null,
        event_id varchar(255) not null unique,
        event_type varchar(255) not null,
        primary key (id)
    )
2026-06-24 09:59:28 [main] DEBUG org.hibernate.SQL - 
    create table saga_states (
        retry_count integer,
        created_at timestamp(6) not null,
        id bigint generated by default as identity,
        order_id bigint not null,
        payment_id bigint,
        updated_at timestamp(6),
        current_step varchar(255) not null,
        failure_reason varchar(255),
        saga_id varchar(255) not null unique,
        status varchar(255) not null,
        primary key (id)
    )
2026-06-24 09:59:28 [main] DEBUG org.hibernate.SQL - 
    alter table if exists order_items 
       add constraint FKbioxgbv59vetrxe0ejfubep1w 
       foreign key (order_id) 
       references orders
2026-06-24 09:59:28 [main] INFO  o.s.o.j.LocalContainerEntityManagerFactoryBean - Initialized JPA EntityManagerFactory for persistence unit 'default'
2026-06-24 09:59:30 [main] INFO  o.s.c.o.FeignClientFactoryBean - For 'restaurant-service' URL not provided. Will try picking an instance via load-balancing.
2026-06-24 09:59:30 [main] INFO  o.s.c.o.FeignClientFactoryBean - For 'payment-service' URL not provided. Will try picking an instance via load-balancing.
2026-06-24 09:59:30 [scheduling-1] DEBUG org.hibernate.SQL - 
    /* <criteria> */ select
        oe1_0.id,
        oe1_0.created_at,
        oe1_0.event_id,
        oe1_0.event_type,
        oe1_0.exchange,
        oe1_0.payload,
        oe1_0.published_at,
        oe1_0.retry_count,
        oe1_0.routing_key,
        oe1_0.status 
    from
        outbox_events oe1_0 
    where
        oe1_0.status=? 
        and oe1_0.retry_count<?
2026-06-24 09:59:30 [main] INFO  o.s.c.o.FeignClientFactoryBean - For 'notification-service' URL not provided. Will try picking an instance via load-balancing.
2026-06-24 09:59:34 [main] WARN  o.s.b.a.s.s.UserDetailsServiceAutoConfiguration - 

Using generated security password: d75c8302-7f8f-4038-ac52-d785a51bc845

This generated password is for development use only. Your security configuration must be updated before running your application in production.

2026-06-24 09:59:35 [scheduling-1] DEBUG org.hibernate.SQL - 
    /* <criteria> */ select
        oe1_0.id,
        oe1_0.created_at,
        oe1_0.event_id,
        oe1_0.event_type,
        oe1_0.exchange,
        oe1_0.payload,
        oe1_0.published_at,
        oe1_0.retry_count,
        oe1_0.routing_key,
        oe1_0.status 
    from
        outbox_events oe1_0 
    where
        oe1_0.status=? 
        and oe1_0.retry_count<?
2026-06-24 09:59:36 [main] INFO  o.s.b.a.e.web.EndpointLinksResolver - Exposing 10 endpoint(s) beneath base path '/actuator'
2026-06-24 09:59:36 [main] INFO  o.s.s.web.DefaultSecurityFilterChain - Will secure any request with [org.springframework.security.web.session.DisableEncodeUrlFilter@64eed24f, org.springframework.security.web.context.request.async.WebAsyncManagerIntegrationFilter@3bcc5220, org.springframework.security.web.context.SecurityContextHolderFilter@433e3af5, org.springframework.security.web.header.HeaderWriterFilter@16314e13, org.springframework.web.filter.CorsFilter@4f175945, org.springframework.security.web.authentication.logout.LogoutFilter@5ae39aff, com.fooddelivery.order.security.JwtAuthenticationFilter@288b0801, org.springframework.security.web.savedrequest.RequestCacheAwareFilter@68e5eff, org.springframework.security.web.servletapi.SecurityContextHolderAwareRequestFilter@51619af3, org.springframework.security.web.authentication.AnonymousAuthenticationFilter@22b4e0ad, org.springframework.security.web.session.SessionManagementFilter@4ce7e218, org.springframework.security.web.access.ExceptionTranslationFilter@6feaab1, org.springframework.security.web.access.intercept.AuthorizationFilter@750a5913]
2026-06-24 09:59:39 [main] INFO  o.s.c.n.e.c.DiscoveryClientOptionalArgsConfiguration - Eureka HTTP Client uses RestTemplate.
2026-06-24 09:59:39 [main] WARN  o.s.c.l.c.LoadBalancerCacheAutoConfiguration$LoadBalancerCaffeineWarnLogger - Spring Cloud LoadBalancer is currently working with the default cache. While this cache implementation is useful for development and tests, it's recommended to use Caffeine cache in production.You can switch to using Caffeine cache, by adding it and org.springframework.cache.caffeine.CaffeineCacheManager to the classpath.
2026-06-24 09:59:39 [main] INFO  o.s.b.w.e.tomcat.TomcatWebServer - Tomcat started on port 56127 (http) with context path ''
2026-06-24 09:59:40 [main] INFO  o.s.a.r.c.CachingConnectionFactory - Attempting to connect to: [localhost:5672]
2026-06-24 09:59:40 [main] INFO  o.s.a.r.c.CachingConnectionFactory - Created new connection: rabbitConnectionFactory#6476dd40:0/SimpleConnection@4c05acaf [delegate=amqp://guest@127.0.0.1:5672/, localPort=56128]
2026-06-24 09:59:40 [main] INFO  o.s.amqp.rabbit.core.RabbitAdmin - Auto-declaring a non-durable or auto-delete Exchange (order.exchange) durable:false, auto-delete:false. It will be deleted by the broker if it shuts down, and can be redeclared by closing and reopening the connection.
2026-06-24 09:59:40 [main] INFO  o.s.amqp.rabbit.core.RabbitAdmin - Auto-declaring a non-durable or auto-delete Exchange (payment.exchange) durable:false, auto-delete:false. It will be deleted by the broker if it shuts down, and can be redeclared by closing and reopening the connection.
2026-06-24 09:59:40 [main] INFO  o.s.amqp.rabbit.core.RabbitAdmin - Auto-declaring a non-durable or auto-delete Exchange (restaurant.exchange) durable:false, auto-delete:false. It will be deleted by the broker if it shuts down, and can be redeclared by closing and reopening the connection.
2026-06-24 09:59:40 [main] INFO  o.s.amqp.rabbit.core.RabbitAdmin - Auto-declaring a non-durable or auto-delete Exchange (notification.exchange) durable:false, auto-delete:false. It will be deleted by the broker if it shuts down, and can be redeclared by closing and reopening the connection.
2026-06-24 09:59:40 [main] INFO  o.s.amqp.rabbit.core.RabbitAdmin - Auto-declaring a non-durable or auto-delete Exchange (dlx.exchange) durable:false, auto-delete:false. It will be deleted by the broker if it shuts down, and can be redeclared by closing and reopening the connection.
2026-06-24 09:59:40 [main] INFO  o.s.amqp.rabbit.core.RabbitAdmin - Auto-declaring a non-durable, auto-delete, or exclusive Queue (order.created.queue) durable:false, auto-delete:false, exclusive:false. It will be redeclared if the broker stops and is restarted while the connection factory is alive, but all messages will be lost.
2026-06-24 09:59:40 [main] INFO  o.s.amqp.rabbit.core.RabbitAdmin - Auto-declaring a non-durable, auto-delete, or exclusive Queue (order.confirmed.queue) durable:false, auto-delete:false, exclusive:false. It will be redeclared if the broker stops and is restarted while the connection factory is alive, but all messages will be lost.
2026-06-24 09:59:40 [main] INFO  o.s.amqp.rabbit.core.RabbitAdmin - Auto-declaring a non-durable, auto-delete, or exclusive Queue (order.cancelled.queue) durable:false, auto-delete:false, exclusive:false. It will be redeclared if the broker stops and is restarted while the connection factory is alive, but all messages will be lost.
2026-06-24 09:59:40 [main] INFO  o.s.amqp.rabbit.core.RabbitAdmin - Auto-declaring a non-durable, auto-delete, or exclusive Queue (payment.success.queue) durable:false, auto-delete:false, exclusive:false. It will be redeclared if the broker stops and is restarted while the connection factory is alive, but all messages will be lost.
2026-06-24 09:59:40 [main] INFO  o.s.amqp.rabbit.core.RabbitAdmin - Auto-declaring a non-durable, auto-delete, or exclusive Queue (payment.failed.queue) durable:false, auto-delete:false, exclusive:false. It will be redeclared if the broker stops and is restarted while the connection factory is alive, but all messages will be lost.
2026-06-24 09:59:40 [main] INFO  o.s.amqp.rabbit.core.RabbitAdmin - Auto-declaring a non-durable, auto-delete, or exclusive Queue (payment.refund.queue) durable:false, auto-delete:false, exclusive:false. It will be redeclared if the broker stops and is restarted while the connection factory is alive, but all messages will be lost.
2026-06-24 09:59:40 [main] INFO  o.s.amqp.rabbit.core.RabbitAdmin - Auto-declaring a non-durable, auto-delete, or exclusive Queue (restaurant.accepted.queue) durable:false, auto-delete:false, exclusive:false. It will be redeclared if the broker stops and is restarted while the connection factory is alive, but all messages will be lost.
2026-06-24 09:59:40 [main] INFO  o.s.amqp.rabbit.core.RabbitAdmin - Auto-declaring a non-durable, auto-delete, or exclusive Queue (restaurant.rejected.queue) durable:false, auto-delete:false, exclusive:false. It will be redeclared if the broker stops and is restarted while the connection factory is alive, but all messages will be lost.
2026-06-24 09:59:40 [main] INFO  c.f.order.OrderServiceApplication - Started OrderServiceApplication in 20.515 seconds (process running for 148.555)
2026-06-24 09:59:40 [scheduling-1] DEBUG org.hibernate.SQL - 
    /* <criteria> */ select
        oe1_0.id,
        oe1_0.created_at,
        oe1_0.event_id,
        oe1_0.event_type,
        oe1_0.exchange,
        oe1_0.payload,
        oe1_0.published_at,
        oe1_0.retry_count,
        oe1_0.routing_key,
        oe1_0.status 
    from
        outbox_events oe1_0 
    where
        oe1_0.status=? 
        and oe1_0.retry_count<?
2026-06-24 09:59:40 [scheduling-1] DEBUG org.hibernate.SQL - 
    /* <criteria> */ select
        oe1_0.id,
        oe1_0.created_at,
        oe1_0.event_id,
        oe1_0.event_type,
        oe1_0.exchange,
        oe1_0.payload,
        oe1_0.published_at,
        oe1_0.retry_count,
        oe1_0.routing_key,
        oe1_0.status 
    from
        outbox_events oe1_0 
    where
        oe1_0.status=? 
        and oe1_0.retry_count<?
2026-06-24 09:59:41 [main] INFO  c.f.order.service.OrderService - Order (from entity) saved with id: 1 for userId: 1
2026-06-24 09:59:41 [main] INFO  c.f.order.service.OrderService - Triggered publish for OrderCreatedEvent, orderId: 1
2026-06-24 09:59:41 [main] ERROR c.f.order.service.OrderService - Failed to start saga for orderId: 1: Cannot invoke "com.fooddelivery.order.saga.OrderSagaOrchestrator.startSaga(com.fooddelivery.order.entity.Order)" because "<local3>.sagaOrchestrator" is null
java.lang.NullPointerException: Cannot invoke "com.fooddelivery.order.saga.OrderSagaOrchestrator.startSaga(com.fooddelivery.order.entity.Order)" because "<local3>.sagaOrchestrator" is null
	at com.fooddelivery.order.service.OrderService.createOrderFromEntity(OrderService.java:102) ~[classes/:na]
	at com.fooddelivery.order.service.OrderServiceTest.createOrderFromEntity_ShouldCreateAndReturnOrder(OrderServiceTest.java:113) ~[test-classes/:na]
	at java.base/jdk.internal.reflect.NativeMethodAccessorImpl.invoke0(Native Method) ~[na:na]
	at java.base/jdk.internal.reflect.NativeMethodAccessorImpl.invoke(NativeMethodAccessorImpl.java:77) ~[na:na]
	at java.base/jdk.internal.reflect.DelegatingMethodAccessorImpl.invoke(DelegatingMethodAccessorImpl.java:43) ~[na:na]
	at java.base/java.lang.reflect.Method.invoke(Method.java:569) ~[na:na]
	at org.junit.platform.commons.util.ReflectionUtils.invokeMethod(ReflectionUtils.java:728) ~[junit-platform-commons-1.10.1.jar:1.10.1]
	at org.junit.jupiter.engine.execution.MethodInvocation.proceed(MethodInvocation.java:60) ~[junit-jupiter-engine-5.10.1.jar:5.10.1]
	at org.junit.jupiter.engine.execution.InvocationInterceptorChain$ValidatingInvocation.proceed(InvocationInterceptorChain.java:131) ~[junit-jupiter-engine-5.10.1.jar:5.10.1]
	at org.junit.jupiter.engine.extension.TimeoutExtension.intercept(TimeoutExtension.java:156) ~[junit-jupiter-engine-5.10.1.jar:5.10.1]
	at org.junit.jupiter.engine.extension.TimeoutExtension.interceptTestableMethod(TimeoutExtension.java:147) ~[junit-jupiter-engine-5.10.1.jar:5.10.1]
	at org.junit.jupiter.engine.extension.TimeoutExtension.interceptTestMethod(TimeoutExtension.java:86) ~[junit-jupiter-engine-5.10.1.jar:5.10.1]
	at org.junit.jupiter.engine.execution.InterceptingExecutableInvoker$ReflectiveInterceptorCall.lambda$ofVoidMethod$0(InterceptingExecutableInvoker.java:103) ~[junit-jupiter-engine-5.10.1.jar:5.10.1]
	at org.junit.jupiter.engine.execution.InterceptingExecutableInvoker.lambda$invoke$0(InterceptingExecutableInvoker.java:93) ~[junit-jupiter-engine-5.10.1.jar:5.10.1]
	at org.junit.jupiter.engine.execution.InvocationInterceptorChain$InterceptedInvocation.proceed(InvocationInterceptorChain.java:106) ~[junit-jupiter-engine-5.10.1.jar:5.10.1]
	at org.junit.jupiter.engine.execution.InvocationInterceptorChain.proceed(InvocationInterceptorChain.java:64) ~[junit-jupiter-engine-5.10.1.jar:5.10.1]
	at org.junit.jupiter.engine.execution.InvocationInterceptorChain.chainAndInvoke(InvocationInterceptorChain.java:45) ~[junit-jupiter-engine-5.10.1.jar:5.10.1]
	at org.junit.jupiter.engine.execution.InvocationInterceptorChain.invoke(InvocationInterceptorChain.java:37) ~[junit-jupiter-engine-5.10.1.jar:5.10.1]
	at org.junit.jupiter.engine.execution.InterceptingExecutableInvoker.invoke(InterceptingExecutableInvoker.java:92) ~[junit-jupiter-engine-5.10.1.jar:5.10.1]
	at org.junit.jupiter.engine.execution.InterceptingExecutableInvoker.invoke(InterceptingExecutableInvoker.java:86) ~[junit-jupiter-engine-5.10.1.jar:5.10.1]
	at org.junit.jupiter.engine.descriptor.TestMethodTestDescriptor.lambda$invokeTestMethod$7(TestMethodTestDescriptor.java:218) ~[junit-jupiter-engine-5.10.1.jar:5.10.1]
	at org.junit.platform.engine.support.hierarchical.ThrowableCollector.execute(ThrowableCollector.java:73) ~[junit-platform-engine-1.10.1.jar:1.10.1]
	at org.junit.jupiter.engine.descriptor.TestMethodTestDescriptor.invokeTestMethod(TestMethodTestDescriptor.java:214) ~[junit-jupiter-engine-5.10.1.jar:5.10.1]
	at org.junit.jupiter.engine.descriptor.TestMethodTestDescriptor.execute(TestMethodTestDescriptor.java:139) ~[junit-jupiter-engine-5.10.1.jar:5.10.1]
	at org.junit.jupiter.engine.descriptor.TestMethodTestDescriptor.execute(TestMethodTestDescriptor.java:69) ~[junit-jupiter-engine-5.10.1.jar:5.10.1]
	at org.junit.platform.engine.support.hierarchical.NodeTestTask.lambda$executeRecursively$6(NodeTestTask.java:151) ~[junit-platform-engine-1.10.1.jar:1.10.1]
	at org.junit.platform.engine.support.hierarchical.ThrowableCollector.execute(ThrowableCollector.java:73) ~[junit-platform-engine-1.10.1.jar:1.10.1]
	at org.junit.platform.engine.support.hierarchical.NodeTestTask.lambda$executeRecursively$8(NodeTestTask.java:141) ~[junit-platform-engine-1.10.1.jar:1.10.1]
	at org.junit.platform.engine.support.hierarchical.Node.around(Node.java:137) ~[junit-platform-engine-1.10.1.jar:1.10.1]
	at org.junit.platform.engine.support.hierarchical.NodeTestTask.lambda$executeRecursively$9(NodeTestTask.java:139) ~[junit-platform-engine-1.10.1.jar:1.10.1]
	at org.junit.platform.engine.support.hierarchical.ThrowableCollector.execute(ThrowableCollector.java:73) ~[junit-platform-engine-1.10.1.jar:1.10.1]
	at org.junit.platform.engine.support.hierarchical.NodeTestTask.executeRecursively(NodeTestTask.java:138) ~[junit-platform-engine-1.10.1.jar:1.10.1]
	at org.junit.platform.engine.support.hierarchical.NodeTestTask.execute(NodeTestTask.java:95) ~[junit-platform-engine-1.10.1.jar:1.10.1]
	at java.base/java.util.ArrayList.forEach(ArrayList.java:1511) ~[na:na]
	at org.junit.platform.engine.support.hierarchical.SameThreadHierarchicalTestExecutorService.invokeAll(SameThreadHierarchicalTestExecutorService.java:41) ~[junit-platform-engine-1.10.1.jar:1.10.1]
	at org.junit.platform.engine.support.hierarchical.NodeTestTask.lambda$executeRecursively$6(NodeTestTask.java:155) ~[junit-platform-engine-1.10.1.jar:1.10.1]
	at org.junit.platform.engine.support.hierarchical.ThrowableCollector.execute(ThrowableCollector.java:73) ~[junit-platform-engine-1.10.1.jar:1.10.1]
	at org.junit.platform.engine.support.hierarchical.NodeTestTask.lambda$executeRecursively$8(NodeTestTask.java:141) ~[junit-platform-engine-1.10.1.jar:1.10.1]
	at org.junit.platform.engine.support.hierarchical.Node.around(Node.java:137) ~[junit-platform-engine-1.10.1.jar:1.10.1]
	at org.junit.platform.engine.support.hierarchical.NodeTestTask.lambda$executeRecursively$9(NodeTestTask.java:139) ~[junit-platform-engine-1.10.1.jar:1.10.1]
	at org.junit.platform.engine.support.hierarchical.ThrowableCollector.execute(ThrowableCollector.java:73) ~[junit-platform-engine-1.10.1.jar:1.10.1]
	at org.junit.platform.engine.support.hierarchical.NodeTestTask.executeRecursively(NodeTestTask.java:138) ~[junit-platform-engine-1.10.1.jar:1.10.1]
	at org.junit.platform.engine.support.hierarchical.NodeTestTask.execute(NodeTestTask.java:95) ~[junit-platform-engine-1.10.1.jar:1.10.1]
	at java.base/java.util.ArrayList.forEach(ArrayList.java:1511) ~[na:na]
	at org.junit.platform.engine.support.hierarchical.SameThreadHierarchicalTestExecutorService.invokeAll(SameThreadHierarchicalTestExecutorService.java:41) ~[junit-platform-engine-1.10.1.jar:1.10.1]
	at org.junit.platform.engine.support.hierarchical.NodeTestTask.lambda$executeRecursively$6(NodeTestTask.java:155) ~[junit-platform-engine-1.10.1.jar:1.10.1]
	at org.junit.platform.engine.support.hierarchical.ThrowableCollector.execute(ThrowableCollector.java:73) ~[junit-platform-engine-1.10.1.jar:1.10.1]
	at org.junit.platform.engine.support.hierarchical.NodeTestTask.lambda$executeRecursively$8(NodeTestTask.java:141) ~[junit-platform-engine-1.10.1.jar:1.10.1]
	at org.junit.platform.engine.support.hierarchical.Node.around(Node.java:137) ~[junit-platform-engine-1.10.1.jar:1.10.1]
	at org.junit.platform.engine.support.hierarchical.NodeTestTask.lambda$executeRecursively$9(NodeTestTask.java:139) ~[junit-platform-engine-1.10.1.jar:1.10.1]
	at org.junit.platform.engine.support.hierarchical.ThrowableCollector.execute(ThrowableCollector.java:73) ~[junit-platform-engine-1.10.1.jar:1.10.1]
	at org.junit.platform.engine.support.hierarchical.NodeTestTask.executeRecursively(NodeTestTask.java:138) ~[junit-platform-engine-1.10.1.jar:1.10.1]
	at org.junit.platform.engine.support.hierarchical.NodeTestTask.execute(NodeTestTask.java:95) ~[junit-platform-engine-1.10.1.jar:1.10.1]
	at org.junit.platform.engine.support.hierarchical.SameThreadHierarchicalTestExecutorService.submit(SameThreadHierarchicalTestExecutorService.java:35) ~[junit-platform-engine-1.10.1.jar:1.10.1]
	at org.junit.platform.engine.support.hierarchical.HierarchicalTestExecutor.execute(HierarchicalTestExecutor.java:57) ~[junit-platform-engine-1.10.1.jar:1.10.1]
	at org.junit.platform.engine.support.hierarchical.HierarchicalTestEngine.execute(HierarchicalTestEngine.java:54) ~[junit-platform-engine-1.10.1.jar:1.10.1]
	at org.junit.platform.launcher.core.EngineExecutionOrchestrator.execute(EngineExecutionOrchestrator.java:198) ~[junit-platform-launcher-1.10.1.jar:1.10.1]
	at org.junit.platform.launcher.core.EngineExecutionOrchestrator.execute(EngineExecutionOrchestrator.java:169) ~[junit-platform-launcher-1.10.1.jar:1.10.1]
	at org.junit.platform.launcher.core.EngineExecutionOrchestrator.execute(EngineExecutionOrchestrator.java:93) ~[junit-platform-launcher-1.10.1.jar:1.10.1]
	at org.junit.platform.launcher.core.EngineExecutionOrchestrator.lambda$execute$0(EngineExecutionOrchestrator.java:58) ~[junit-platform-launcher-1.10.1.jar:1.10.1]
	at org.junit.platform.launcher.core.EngineExecutionOrchestrator.withInterceptedStreams(EngineExecutionOrchestrator.java:141) ~[junit-platform-launcher-1.10.1.jar:1.10.1]
	at org.junit.platform.launcher.core.EngineExecutionOrchestrator.execute(EngineExecutionOrchestrator.java:57) ~[junit-platform-launcher-1.10.1.jar:1.10.1]
	at org.junit.platform.launcher.core.DefaultLauncher.execute(DefaultLauncher.java:103) ~[junit-platform-launcher-1.10.1.jar:1.10.1]
	at org.junit.platform.launcher.core.DefaultLauncher.execute(DefaultLauncher.java:85) ~[junit-platform-launcher-1.10.1.jar:1.10.1]
	at org.junit.platform.launcher.core.DelegatingLauncher.execute(DelegatingLauncher.java:47) ~[junit-platform-launcher-1.10.1.jar:1.10.1]
	at org.apache.maven.surefire.junitplatform.LazyLauncher.execute(LazyLauncher.java:56) ~[surefire-junit-platform-3.2.5.jar:3.2.5]
	at org.apache.maven.surefire.junitplatform.JUnitPlatformProvider.execute(JUnitPlatformProvider.java:184) ~[surefire-junit-platform-3.2.5.jar:3.2.5]
	at org.apache.maven.surefire.junitplatform.JUnitPlatformProvider.invokeAllTests(JUnitPlatformProvider.java:148) ~[surefire-junit-platform-3.2.5.jar:3.2.5]
	at org.apache.maven.surefire.junitplatform.JUnitPlatformProvider.invoke(JUnitPlatformProvider.java:122) ~[surefire-junit-platform-3.2.5.jar:3.2.5]
	at org.apache.maven.surefire.booter.ForkedBooter.runSuitesInProcess(ForkedBooter.java:385) ~[surefire-booter-3.2.5.jar:3.2.5]
	at org.apache.maven.surefire.booter.ForkedBooter.execute(ForkedBooter.java:162) ~[surefire-booter-3.2.5.jar:3.2.5]
	at org.apache.maven.surefire.booter.ForkedBooter.run(ForkedBooter.java:507) ~[surefire-booter-3.2.5.jar:3.2.5]
	at org.apache.maven.surefire.booter.ForkedBooter.main(ForkedBooter.java:495) ~[surefire-booter-3.2.5.jar:3.2.5]
2026-06-24 09:59:41 [main] WARN  c.f.order.service.OrderService - Restaurant call failed, using fallback price for menuItemId: 1
2026-06-24 09:59:41 [main] INFO  c.f.order.service.OrderService - Order saved with id: 1 for userId: 1
2026-06-24 09:59:41 [main] INFO  c.f.order.service.OrderService - Triggered publish for OrderCreatedEvent, orderId: 1
2026-06-24 09:59:41 [main] ERROR c.f.order.service.OrderService - Failed to start saga for orderId: 1: Cannot invoke "com.fooddelivery.order.saga.OrderSagaOrchestrator.startSaga(com.fooddelivery.order.entity.Order)" because "<local3>.sagaOrchestrator" is null
java.lang.NullPointerException: Cannot invoke "com.fooddelivery.order.saga.OrderSagaOrchestrator.startSaga(com.fooddelivery.order.entity.Order)" because "<local3>.sagaOrchestrator" is null
	at com.fooddelivery.order.service.OrderService.createOrder(OrderService.java:80) ~[classes/:na]
	at com.fooddelivery.order.service.OrderServiceTest.createOrderItem_ServiceException_ShouldUseFallbackPrice(OrderServiceTest.java:391) ~[test-classes/:na]
	at java.base/jdk.internal.reflect.NativeMethodAccessorImpl.invoke0(Native Method) ~[na:na]
	at java.base/jdk.internal.reflect.NativeMethodAccessorImpl.invoke(NativeMethodAccessorImpl.java:77) ~[na:na]
	at java.base/jdk.internal.reflect.DelegatingMethodAccessorImpl.invoke(DelegatingMethodAccessorImpl.java:43) ~[na:na]
	at java.base/java.lang.reflect.Method.invoke(Method.java:569) ~[na:na]
	at org.junit.platform.commons.util.ReflectionUtils.invokeMethod(ReflectionUtils.java:728) ~[junit-platform-commons-1.10.1.jar:1.10.1]
	at org.junit.jupiter.engine.execution.MethodInvocation.proceed(MethodInvocation.java:60) ~[junit-jupiter-engine-5.10.1.jar:5.10.1]
	at org.junit.jupiter.engine.execution.InvocationInterceptorChain$ValidatingInvocation.proceed(InvocationInterceptorChain.java:131) ~[junit-jupiter-engine-5.10.1.jar:5.10.1]
	at org.junit.jupiter.engine.extension.TimeoutExtension.intercept(TimeoutExtension.java:156) ~[junit-jupiter-engine-5.10.1.jar:5.10.1]
	at org.junit.jupiter.engine.extension.TimeoutExtension.interceptTestableMethod(TimeoutExtension.java:147) ~[junit-jupiter-engine-5.10.1.jar:5.10.1]
	at org.junit.jupiter.engine.extension.TimeoutExtension.interceptTestMethod(TimeoutExtension.java:86) ~[junit-jupiter-engine-5.10.1.jar:5.10.1]
	at org.junit.jupiter.engine.execution.InterceptingExecutableInvoker$ReflectiveInterceptorCall.lambda$ofVoidMethod$0(InterceptingExecutableInvoker.java:103) ~[junit-jupiter-engine-5.10.1.jar:5.10.1]
	at org.junit.jupiter.engine.execution.InterceptingExecutableInvoker.lambda$invoke$0(InterceptingExecutableInvoker.java:93) ~[junit-jupiter-engine-5.10.1.jar:5.10.1]
	at org.junit.jupiter.engine.execution.InvocationInterceptorChain$InterceptedInvocation.proceed(InvocationInterceptorChain.java:106) ~[junit-jupiter-engine-5.10.1.jar:5.10.1]
	at org.junit.jupiter.engine.execution.InvocationInterceptorChain.proceed(InvocationInterceptorChain.java:64) ~[junit-jupiter-engine-5.10.1.jar:5.10.1]
	at org.junit.jupiter.engine.execution.InvocationInterceptorChain.chainAndInvoke(InvocationInterceptorChain.java:45) ~[junit-jupiter-engine-5.10.1.jar:5.10.1]
	at org.junit.jupiter.engine.execution.InvocationInterceptorChain.invoke(InvocationInterceptorChain.java:37) ~[junit-jupiter-engine-5.10.1.jar:5.10.1]
	at org.junit.jupiter.engine.execution.InterceptingExecutableInvoker.invoke(InterceptingExecutableInvoker.java:92) ~[junit-jupiter-engine-5.10.1.jar:5.10.1]
	at org.junit.jupiter.engine.execution.InterceptingExecutableInvoker.invoke(InterceptingExecutableInvoker.java:86) ~[junit-jupiter-engine-5.10.1.jar:5.10.1]
	at org.junit.jupiter.engine.descriptor.TestMethodTestDescriptor.lambda$invokeTestMethod$7(TestMethodTestDescriptor.java:218) ~[junit-jupiter-engine-5.10.1.jar:5.10.1]
	at org.junit.platform.engine.support.hierarchical.ThrowableCollector.execute(ThrowableCollector.java:73) ~[junit-platform-engine-1.10.1.jar:1.10.1]
	at org.junit.jupiter.engine.descriptor.TestMethodTestDescriptor.invokeTestMethod(TestMethodTestDescriptor.java:214) ~[junit-jupiter-engine-5.10.1.jar:5.10.1]
	at org.junit.jupiter.engine.descriptor.TestMethodTestDescriptor.execute(TestMethodTestDescriptor.java:139) ~[junit-jupiter-engine-5.10.1.jar:5.10.1]
	at org.junit.jupiter.engine.descriptor.TestMethodTestDescriptor.execute(TestMethodTestDescriptor.java:69) ~[junit-jupiter-engine-5.10.1.jar:5.10.1]
	at org.junit.platform.engine.support.hierarchical.NodeTestTask.lambda$executeRecursively$6(NodeTestTask.java:151) ~[junit-platform-engine-1.10.1.jar:1.10.1]
	at org.junit.platform.engine.support.hierarchical.ThrowableCollector.execute(ThrowableCollector.java:73) ~[junit-platform-engine-1.10.1.jar:1.10.1]
	at org.junit.platform.engine.support.hierarchical.NodeTestTask.lambda$executeRecursively$8(NodeTestTask.java:141) ~[junit-platform-engine-1.10.1.jar:1.10.1]
	at org.junit.platform.engine.support.hierarchical.Node.around(Node.java:137) ~[junit-platform-engine-1.10.1.jar:1.10.1]
	at org.junit.platform.engine.support.hierarchical.NodeTestTask.lambda$executeRecursively$9(NodeTestTask.java:139) ~[junit-platform-engine-1.10.1.jar:1.10.1]
	at org.junit.platform.engine.support.hierarchical.ThrowableCollector.execute(ThrowableCollector.java:73) ~[junit-platform-engine-1.10.1.jar:1.10.1]
	at org.junit.platform.engine.support.hierarchical.NodeTestTask.executeRecursively(NodeTestTask.java:138) ~[junit-platform-engine-1.10.1.jar:1.10.1]
	at org.junit.platform.engine.support.hierarchical.NodeTestTask.execute(NodeTestTask.java:95) ~[junit-platform-engine-1.10.1.jar:1.10.1]
	at java.base/java.util.ArrayList.forEach(ArrayList.java:1511) ~[na:na]
	at org.junit.platform.engine.support.hierarchical.SameThreadHierarchicalTestExecutorService.invokeAll(SameThreadHierarchicalTestExecutorService.java:41) ~[junit-platform-engine-1.10.1.jar:1.10.1]
	at org.junit.platform.engine.support.hierarchical.NodeTestTask.lambda$executeRecursively$6(NodeTestTask.java:155) ~[junit-platform-engine-1.10.1.jar:1.10.1]
	at org.junit.platform.engine.support.hierarchical.ThrowableCollector.execute(ThrowableCollector.java:73) ~[junit-platform-engine-1.10.1.jar:1.10.1]
	at org.junit.platform.engine.support.hierarchical.NodeTestTask.lambda$executeRecursively$8(NodeTestTask.java:141) ~[junit-platform-engine-1.10.1.jar:1.10.1]
	at org.junit.platform.engine.support.hierarchical.Node.around(Node.java:137) ~[junit-platform-engine-1.10.1.jar:1.10.1]
	at org.junit.platform.engine.support.hierarchical.NodeTestTask.lambda$executeRecursively$9(NodeTestTask.java:139) ~[junit-platform-engine-1.10.1.jar:1.10.1]
	at org.junit.platform.engine.support.hierarchical.ThrowableCollector.execute(ThrowableCollector.java:73) ~[junit-platform-engine-1.10.1.jar:1.10.1]
	at org.junit.platform.engine.support.hierarchical.NodeTestTask.executeRecursively(NodeTestTask.java:138) ~[junit-platform-engine-1.10.1.jar:1.10.1]
	at org.junit.platform.engine.support.hierarchical.NodeTestTask.execute(NodeTestTask.java:95) ~[junit-platform-engine-1.10.1.jar:1.10.1]
	at java.base/java.util.ArrayList.forEach(ArrayList.java:1511) ~[na:na]
	at org.junit.platform.engine.support.hierarchical.SameThreadHierarchicalTestExecutorService.invokeAll(SameThreadHierarchicalTestExecutorService.java:41) ~[junit-platform-engine-1.10.1.jar:1.10.1]
	at org.junit.platform.engine.support.hierarchical.NodeTestTask.lambda$executeRecursively$6(NodeTestTask.java:155) ~[junit-platform-engine-1.10.1.jar:1.10.1]
	at org.junit.platform.engine.support.hierarchical.ThrowableCollector.execute(ThrowableCollector.java:73) ~[junit-platform-engine-1.10.1.jar:1.10.1]
	at org.junit.platform.engine.support.hierarchical.NodeTestTask.lambda$executeRecursively$8(NodeTestTask.java:141) ~[junit-platform-engine-1.10.1.jar:1.10.1]
	at org.junit.platform.engine.support.hierarchical.Node.around(Node.java:137) ~[junit-platform-engine-1.10.1.jar:1.10.1]
	at org.junit.platform.engine.support.hierarchical.NodeTestTask.lambda$executeRecursively$9(NodeTestTask.java:139) ~[junit-platform-engine-1.10.1.jar:1.10.1]
	at org.junit.platform.engine.support.hierarchical.ThrowableCollector.execute(ThrowableCollector.java:73) ~[junit-platform-engine-1.10.1.jar:1.10.1]
	at org.junit.platform.engine.support.hierarchical.NodeTestTask.executeRecursively(NodeTestTask.java:138) ~[junit-platform-engine-1.10.1.jar:1.10.1]
	at org.junit.platform.engine.support.hierarchical.NodeTestTask.execute(NodeTestTask.java:95) ~[junit-platform-engine-1.10.1.jar:1.10.1]
	at org.junit.platform.engine.support.hierarchical.SameThreadHierarchicalTestExecutorService.submit(SameThreadHierarchicalTestExecutorService.java:35) ~[junit-platform-engine-1.10.1.jar:1.10.1]
	at org.junit.platform.engine.support.hierarchical.HierarchicalTestExecutor.execute(HierarchicalTestExecutor.java:57) ~[junit-platform-engine-1.10.1.jar:1.10.1]
	at org.junit.platform.engine.support.hierarchical.HierarchicalTestEngine.execute(HierarchicalTestEngine.java:54) ~[junit-platform-engine-1.10.1.jar:1.10.1]
	at org.junit.platform.launcher.core.EngineExecutionOrchestrator.execute(EngineExecutionOrchestrator.java:198) ~[junit-platform-launcher-1.10.1.jar:1.10.1]
	at org.junit.platform.launcher.core.EngineExecutionOrchestrator.execute(EngineExecutionOrchestrator.java:169) ~[junit-platform-launcher-1.10.1.jar:1.10.1]
	at org.junit.platform.launcher.core.EngineExecutionOrchestrator.execute(EngineExecutionOrchestrator.java:93) ~[junit-platform-launcher-1.10.1.jar:1.10.1]
	at org.junit.platform.launcher.core.EngineExecutionOrchestrator.lambda$execute$0(EngineExecutionOrchestrator.java:58) ~[junit-platform-launcher-1.10.1.jar:1.10.1]
	at org.junit.platform.launcher.core.EngineExecutionOrchestrator.withInterceptedStreams(EngineExecutionOrchestrator.java:141) ~[junit-platform-launcher-1.10.1.jar:1.10.1]
	at org.junit.platform.launcher.core.EngineExecutionOrchestrator.execute(EngineExecutionOrchestrator.java:57) ~[junit-platform-launcher-1.10.1.jar:1.10.1]
	at org.junit.platform.launcher.core.DefaultLauncher.execute(DefaultLauncher.java:103) ~[junit-platform-launcher-1.10.1.jar:1.10.1]
	at org.junit.platform.launcher.core.DefaultLauncher.execute(DefaultLauncher.java:85) ~[junit-platform-launcher-1.10.1.jar:1.10.1]
	at org.junit.platform.launcher.core.DelegatingLauncher.execute(DelegatingLauncher.java:47) ~[junit-platform-launcher-1.10.1.jar:1.10.1]
	at org.apache.maven.surefire.junitplatform.LazyLauncher.execute(LazyLauncher.java:56) ~[surefire-junit-platform-3.2.5.jar:3.2.5]
	at org.apache.maven.surefire.junitplatform.JUnitPlatformProvider.execute(JUnitPlatformProvider.java:184) ~[surefire-junit-platform-3.2.5.jar:3.2.5]
	at org.apache.maven.surefire.junitplatform.JUnitPlatformProvider.invokeAllTests(JUnitPlatformProvider.java:148) ~[surefire-junit-platform-3.2.5.jar:3.2.5]
	at org.apache.maven.surefire.junitplatform.JUnitPlatformProvider.invoke(JUnitPlatformProvider.java:122) ~[surefire-junit-platform-3.2.5.jar:3.2.5]
	at org.apache.maven.surefire.booter.ForkedBooter.runSuitesInProcess(ForkedBooter.java:385) ~[surefire-booter-3.2.5.jar:3.2.5]
	at org.apache.maven.surefire.booter.ForkedBooter.execute(ForkedBooter.java:162) ~[surefire-booter-3.2.5.jar:3.2.5]
	at org.apache.maven.surefire.booter.ForkedBooter.run(ForkedBooter.java:507) ~[surefire-booter-3.2.5.jar:3.2.5]
	at org.apache.maven.surefire.booter.ForkedBooter.main(ForkedBooter.java:495) ~[surefire-booter-3.2.5.jar:3.2.5]
2026-06-24 09:59:41 [main] INFO  c.f.order.service.OrderService - Order saved with id: 1 for userId: 1
2026-06-24 09:59:41 [main] INFO  c.f.order.service.OrderService - Triggered publish for OrderCreatedEvent, orderId: 1
2026-06-24 09:59:41 [main] ERROR c.f.order.service.OrderService - Failed to start saga for orderId: 1: Cannot invoke "com.fooddelivery.order.saga.OrderSagaOrchestrator.startSaga(com.fooddelivery.order.entity.Order)" because "<local3>.sagaOrchestrator" is null
java.lang.NullPointerException: Cannot invoke "com.fooddelivery.order.saga.OrderSagaOrchestrator.startSaga(com.fooddelivery.order.entity.Order)" because "<local3>.sagaOrchestrator" is null
	at com.fooddelivery.order.service.OrderService.createOrder(OrderService.java:80) ~[classes/:na]
	at com.fooddelivery.order.service.OrderServiceTest.createOrder_NotificationFails_ShouldStillCreateOrder(OrderServiceTest.java:402) ~[test-classes/:na]
	at java.base/jdk.internal.reflect.NativeMethodAccessorImpl.invoke0(Native Method) ~[na:na]
	at java.base/jdk.internal.reflect.NativeMethodAccessorImpl.invoke(NativeMethodAccessorImpl.java:77) ~[na:na]
	at java.base/jdk.internal.reflect.DelegatingMethodAccessorImpl.invoke(DelegatingMethodAccessorImpl.java:43) ~[na:na]
	at java.base/java.lang.reflect.Method.invoke(Method.java:569) ~[na:na]
	at org.junit.platform.commons.util.ReflectionUtils.invokeMethod(ReflectionUtils.java:728) ~[junit-platform-commons-1.10.1.jar:1.10.1]
	at org.junit.jupiter.engine.execution.MethodInvocation.proceed(MethodInvocation.java:60) ~[junit-jupiter-engine-5.10.1.jar:5.10.1]
	at org.junit.jupiter.engine.execution.InvocationInterceptorChain$ValidatingInvocation.proceed(InvocationInterceptorChain.java:131) ~[junit-jupiter-engine-5.10.1.jar:5.10.1]
	at org.junit.jupiter.engine.extension.TimeoutExtension.intercept(TimeoutExtension.java:156) ~[junit-jupiter-engine-5.10.1.jar:5.10.1]
	at org.junit.jupiter.engine.extension.TimeoutExtension.interceptTestableMethod(TimeoutExtension.java:147) ~[junit-jupiter-engine-5.10.1.jar:5.10.1]
	at org.junit.jupiter.engine.extension.TimeoutExtension.interceptTestMethod(TimeoutExtension.java:86) ~[junit-jupiter-engine-5.10.1.jar:5.10.1]
	at org.junit.jupiter.engine.execution.InterceptingExecutableInvoker$ReflectiveInterceptorCall.lambda$ofVoidMethod$0(InterceptingExecutableInvoker.java:103) ~[junit-jupiter-engine-5.10.1.jar:5.10.1]
	at org.junit.jupiter.engine.execution.InterceptingExecutableInvoker.lambda$invoke$0(InterceptingExecutableInvoker.java:93) ~[junit-jupiter-engine-5.10.1.jar:5.10.1]
	at org.junit.jupiter.engine.execution.InvocationInterceptorChain$InterceptedInvocation.proceed(InvocationInterceptorChain.java:106) ~[junit-jupiter-engine-5.10.1.jar:5.10.1]
	at org.junit.jupiter.engine.execution.InvocationInterceptorChain.proceed(InvocationInterceptorChain.java:64) ~[junit-jupiter-engine-5.10.1.jar:5.10.1]
	at org.junit.jupiter.engine.execution.InvocationInterceptorChain.chainAndInvoke(InvocationInterceptorChain.java:45) ~[junit-jupiter-engine-5.10.1.jar:5.10.1]
	at org.junit.jupiter.engine.execution.InvocationInterceptorChain.invoke(InvocationInterceptorChain.java:37) ~[junit-jupiter-engine-5.10.1.jar:5.10.1]
	at org.junit.jupiter.engine.execution.InterceptingExecutableInvoker.invoke(InterceptingExecutableInvoker.java:92) ~[junit-jupiter-engine-5.10.1.jar:5.10.1]
	at org.junit.jupiter.engine.execution.InterceptingExecutableInvoker.invoke(InterceptingExecutableInvoker.java:86) ~[junit-jupiter-engine-5.10.1.jar:5.10.1]
	at org.junit.jupiter.engine.descriptor.TestMethodTestDescriptor.lambda$invokeTestMethod$7(TestMethodTestDescriptor.java:218) ~[junit-jupiter-engine-5.10.1.jar:5.10.1]
	at org.junit.platform.engine.support.hierarchical.ThrowableCollector.execute(ThrowableCollector.java:73) ~[junit-platform-engine-1.10.1.jar:1.10.1]
	at org.junit.jupiter.engine.descriptor.TestMethodTestDescriptor.invokeTestMethod(TestMethodTestDescriptor.java:214) ~[junit-jupiter-engine-5.10.1.jar:5.10.1]
	at org.junit.jupiter.engine.descriptor.TestMethodTestDescriptor.execute(TestMethodTestDescriptor.java:139) ~[junit-jupiter-engine-5.10.1.jar:5.10.1]
	at org.junit.jupiter.engine.descriptor.TestMethodTestDescriptor.execute(TestMethodTestDescriptor.java:69) ~[junit-jupiter-engine-5.10.1.jar:5.10.1]
	at org.junit.platform.engine.support.hierarchical.NodeTestTask.lambda$executeRecursively$6(NodeTestTask.java:151) ~[junit-platform-engine-1.10.1.jar:1.10.1]
	at org.junit.platform.engine.support.hierarchical.ThrowableCollector.execute(ThrowableCollector.java:73) ~[junit-platform-engine-1.10.1.jar:1.10.1]
	at org.junit.platform.engine.support.hierarchical.NodeTestTask.lambda$executeRecursively$8(NodeTestTask.java:141) ~[junit-platform-engine-1.10.1.jar:1.10.1]
	at org.junit.platform.engine.support.hierarchical.Node.around(Node.java:137) ~[junit-platform-engine-1.10.1.jar:1.10.1]
	at org.junit.platform.engine.support.hierarchical.NodeTestTask.lambda$executeRecursively$9(NodeTestTask.java:139) ~[junit-platform-engine-1.10.1.jar:1.10.1]
	at org.junit.platform.engine.support.hierarchical.ThrowableCollector.execute(ThrowableCollector.java:73) ~[junit-platform-engine-1.10.1.jar:1.10.1]
	at org.junit.platform.engine.support.hierarchical.NodeTestTask.executeRecursively(NodeTestTask.java:138) ~[junit-platform-engine-1.10.1.jar:1.10.1]
	at org.junit.platform.engine.support.hierarchical.NodeTestTask.execute(NodeTestTask.java:95) ~[junit-platform-engine-1.10.1.jar:1.10.1]
	at java.base/java.util.ArrayList.forEach(ArrayList.java:1511) ~[na:na]
	at org.junit.platform.engine.support.hierarchical.SameThreadHierarchicalTestExecutorService.invokeAll(SameThreadHierarchicalTestExecutorService.java:41) ~[junit-platform-engine-1.10.1.jar:1.10.1]
	at org.junit.platform.engine.support.hierarchical.NodeTestTask.lambda$executeRecursively$6(NodeTestTask.java:155) ~[junit-platform-engine-1.10.1.jar:1.10.1]
	at org.junit.platform.engine.support.hierarchical.ThrowableCollector.execute(ThrowableCollector.java:73) ~[junit-platform-engine-1.10.1.jar:1.10.1]
	at org.junit.platform.engine.support.hierarchical.NodeTestTask.lambda$executeRecursively$8(NodeTestTask.java:141) ~[junit-platform-engine-1.10.1.jar:1.10.1]
	at org.junit.platform.engine.support.hierarchical.Node.around(Node.java:137) ~[junit-platform-engine-1.10.1.jar:1.10.1]
	at org.junit.platform.engine.support.hierarchical.NodeTestTask.lambda$executeRecursively$9(NodeTestTask.java:139) ~[junit-platform-engine-1.10.1.jar:1.10.1]
	at org.junit.platform.engine.support.hierarchical.ThrowableCollector.execute(ThrowableCollector.java:73) ~[junit-platform-engine-1.10.1.jar:1.10.1]
	at org.junit.platform.engine.support.hierarchical.NodeTestTask.executeRecursively(NodeTestTask.java:138) ~[junit-platform-engine-1.10.1.jar:1.10.1]
	at org.junit.platform.engine.support.hierarchical.NodeTestTask.execute(NodeTestTask.java:95) ~[junit-platform-engine-1.10.1.jar:1.10.1]
	at java.base/java.util.ArrayList.forEach(ArrayList.java:1511) ~[na:na]
	at org.junit.platform.engine.support.hierarchical.SameThreadHierarchicalTestExecutorService.invokeAll(SameThreadHierarchicalTestExecutorService.java:41) ~[junit-platform-engine-1.10.1.jar:1.10.1]
	at org.junit.platform.engine.support.hierarchical.NodeTestTask.lambda$executeRecursively$6(NodeTestTask.java:155) ~[junit-platform-engine-1.10.1.jar:1.10.1]
	at org.junit.platform.engine.support.hierarchical.ThrowableCollector.execute(ThrowableCollector.java:73) ~[junit-platform-engine-1.10.1.jar:1.10.1]
	at org.junit.platform.engine.support.hierarchical.NodeTestTask.lambda$executeRecursively$8(NodeTestTask.java:141) ~[junit-platform-engine-1.10.1.jar:1.10.1]
	at org.junit.platform.engine.support.hierarchical.Node.around(Node.java:137) ~[junit-platform-engine-1.10.1.jar:1.10.1]
	at org.junit.platform.engine.support.hierarchical.NodeTestTask.lambda$executeRecursively$9(NodeTestTask.java:139) ~[junit-platform-engine-1.10.1.jar:1.10.1]
	at org.junit.platform.engine.support.hierarchical.ThrowableCollector.execute(ThrowableCollector.java:73) ~[junit-platform-engine-1.10.1.jar:1.10.1]
	at org.junit.platform.engine.support.hierarchical.NodeTestTask.executeRecursively(NodeTestTask.java:138) ~[junit-platform-engine-1.10.1.jar:1.10.1]
	at org.junit.platform.engine.support.hierarchical.NodeTestTask.execute(NodeTestTask.java:95) ~[junit-platform-engine-1.10.1.jar:1.10.1]
	at org.junit.platform.engine.support.hierarchical.SameThreadHierarchicalTestExecutorService.submit(SameThreadHierarchicalTestExecutorService.java:35) ~[junit-platform-engine-1.10.1.jar:1.10.1]
	at org.junit.platform.engine.support.hierarchical.HierarchicalTestExecutor.execute(HierarchicalTestExecutor.java:57) ~[junit-platform-engine-1.10.1.jar:1.10.1]
	at org.junit.platform.engine.support.hierarchical.HierarchicalTestEngine.execute(HierarchicalTestEngine.java:54) ~[junit-platform-engine-1.10.1.jar:1.10.1]
	at org.junit.platform.launcher.core.EngineExecutionOrchestrator.execute(EngineExecutionOrchestrator.java:198) ~[junit-platform-launcher-1.10.1.jar:1.10.1]
	at org.junit.platform.launcher.core.EngineExecutionOrchestrator.execute(EngineExecutionOrchestrator.java:169) ~[junit-platform-launcher-1.10.1.jar:1.10.1]
	at org.junit.platform.launcher.core.EngineExecutionOrchestrator.execute(EngineExecutionOrchestrator.java:93) ~[junit-platform-launcher-1.10.1.jar:1.10.1]
	at org.junit.platform.launcher.core.EngineExecutionOrchestrator.lambda$execute$0(EngineExecutionOrchestrator.java:58) ~[junit-platform-launcher-1.10.1.jar:1.10.1]
	at org.junit.platform.launcher.core.EngineExecutionOrchestrator.withInterceptedStreams(EngineExecutionOrchestrator.java:141) ~[junit-platform-launcher-1.10.1.jar:1.10.1]
	at org.junit.platform.launcher.core.EngineExecutionOrchestrator.execute(EngineExecutionOrchestrator.java:57) ~[junit-platform-launcher-1.10.1.jar:1.10.1]
	at org.junit.platform.launcher.core.DefaultLauncher.execute(DefaultLauncher.java:103) ~[junit-platform-launcher-1.10.1.jar:1.10.1]
	at org.junit.platform.launcher.core.DefaultLauncher.execute(DefaultLauncher.java:85) ~[junit-platform-launcher-1.10.1.jar:1.10.1]
	at org.junit.platform.launcher.core.DelegatingLauncher.execute(DelegatingLauncher.java:47) ~[junit-platform-launcher-1.10.1.jar:1.10.1]
	at org.apache.maven.surefire.junitplatform.LazyLauncher.execute(LazyLauncher.java:56) ~[surefire-junit-platform-3.2.5.jar:3.2.5]
	at org.apache.maven.surefire.junitplatform.JUnitPlatformProvider.execute(JUnitPlatformProvider.java:184) ~[surefire-junit-platform-3.2.5.jar:3.2.5]
	at org.apache.maven.surefire.junitplatform.JUnitPlatformProvider.invokeAllTests(JUnitPlatformProvider.java:148) ~[surefire-junit-platform-3.2.5.jar:3.2.5]
	at org.apache.maven.surefire.junitplatform.JUnitPlatformProvider.invoke(JUnitPlatformProvider.java:122) ~[surefire-junit-platform-3.2.5.jar:3.2.5]
	at org.apache.maven.surefire.booter.ForkedBooter.runSuitesInProcess(ForkedBooter.java:385) ~[surefire-booter-3.2.5.jar:3.2.5]
	at org.apache.maven.surefire.booter.ForkedBooter.execute(ForkedBooter.java:162) ~[surefire-booter-3.2.5.jar:3.2.5]
	at org.apache.maven.surefire.booter.ForkedBooter.run(ForkedBooter.java:507) ~[surefire-booter-3.2.5.jar:3.2.5]
	at org.apache.maven.surefire.booter.ForkedBooter.main(ForkedBooter.java:495) ~[surefire-booter-3.2.5.jar:3.2.5]
2026-06-24 09:59:41 [main] INFO  c.f.order.service.OrderService - Order saved with id: 1 for userId: 1
2026-06-24 09:59:41 [main] INFO  c.f.order.service.OrderService - Triggered publish for OrderCreatedEvent, orderId: 1
2026-06-24 09:59:41 [main] ERROR c.f.order.service.OrderService - Failed to start saga for orderId: 1: Cannot invoke "com.fooddelivery.order.saga.OrderSagaOrchestrator.startSaga(com.fooddelivery.order.entity.Order)" because "<local3>.sagaOrchestrator" is null
java.lang.NullPointerException: Cannot invoke "com.fooddelivery.order.saga.OrderSagaOrchestrator.startSaga(com.fooddelivery.order.entity.Order)" because "<local3>.sagaOrchestrator" is null
	at com.fooddelivery.order.service.OrderService.createOrder(OrderService.java:80) ~[classes/:na]
	at com.fooddelivery.order.service.OrderServiceTest.createOrder_ShouldCreateAndReturnOrder(OrderServiceTest.java:101) ~[test-classes/:na]
	at java.base/jdk.internal.reflect.NativeMethodAccessorImpl.invoke0(Native Method) ~[na:na]
	at java.base/jdk.internal.reflect.NativeMethodAccessorImpl.invoke(NativeMethodAccessorImpl.java:77) ~[na:na]
	at java.base/jdk.internal.reflect.DelegatingMethodAccessorImpl.invoke(DelegatingMethodAccessorImpl.java:43) ~[na:na]
	at java.base/java.lang.reflect.Method.invoke(Method.java:569) ~[na:na]
	at org.junit.platform.commons.util.ReflectionUtils.invokeMethod(ReflectionUtils.java:728) ~[junit-platform-commons-1.10.1.jar:1.10.1]
	at org.junit.jupiter.engine.execution.MethodInvocation.proceed(MethodInvocation.java:60) ~[junit-jupiter-engine-5.10.1.jar:5.10.1]
	at org.junit.jupiter.engine.execution.InvocationInterceptorChain$ValidatingInvocation.proceed(InvocationInterceptorChain.java:131) ~[junit-jupiter-engine-5.10.1.jar:5.10.1]
	at org.junit.jupiter.engine.extension.TimeoutExtension.intercept(TimeoutExtension.java:156) ~[junit-jupiter-engine-5.10.1.jar:5.10.1]
	at org.junit.jupiter.engine.extension.TimeoutExtension.interceptTestableMethod(TimeoutExtension.java:147) ~[junit-jupiter-engine-5.10.1.jar:5.10.1]
	at org.junit.jupiter.engine.extension.TimeoutExtension.interceptTestMethod(TimeoutExtension.java:86) ~[junit-jupiter-engine-5.10.1.jar:5.10.1]
	at org.junit.jupiter.engine.execution.InterceptingExecutableInvoker$ReflectiveInterceptorCall.lambda$ofVoidMethod$0(InterceptingExecutableInvoker.java:103) ~[junit-jupiter-engine-5.10.1.jar:5.10.1]
	at org.junit.jupiter.engine.execution.InterceptingExecutableInvoker.lambda$invoke$0(InterceptingExecutableInvoker.java:93) ~[junit-jupiter-engine-5.10.1.jar:5.10.1]
	at org.junit.jupiter.engine.execution.InvocationInterceptorChain$InterceptedInvocation.proceed(InvocationInterceptorChain.java:106) ~[junit-jupiter-engine-5.10.1.jar:5.10.1]
	at org.junit.jupiter.engine.execution.InvocationInterceptorChain.proceed(InvocationInterceptorChain.java:64) ~[junit-jupiter-engine-5.10.1.jar:5.10.1]
	at org.junit.jupiter.engine.execution.InvocationInterceptorChain.chainAndInvoke(InvocationInterceptorChain.java:45) ~[junit-jupiter-engine-5.10.1.jar:5.10.1]
	at org.junit.jupiter.engine.execution.InvocationInterceptorChain.invoke(InvocationInterceptorChain.java:37) ~[junit-jupiter-engine-5.10.1.jar:5.10.1]
	at org.junit.jupiter.engine.execution.InterceptingExecutableInvoker.invoke(InterceptingExecutableInvoker.java:92) ~[junit-jupiter-engine-5.10.1.jar:5.10.1]
	at org.junit.jupiter.engine.execution.InterceptingExecutableInvoker.invoke(InterceptingExecutableInvoker.java:86) ~[junit-jupiter-engine-5.10.1.jar:5.10.1]
	at org.junit.jupiter.engine.descriptor.TestMethodTestDescriptor.lambda$invokeTestMethod$7(TestMethodTestDescriptor.java:218) ~[junit-jupiter-engine-5.10.1.jar:5.10.1]
	at org.junit.platform.engine.support.hierarchical.ThrowableCollector.execute(ThrowableCollector.java:73) ~[junit-platform-engine-1.10.1.jar:1.10.1]
	at org.junit.jupiter.engine.descriptor.TestMethodTestDescriptor.invokeTestMethod(TestMethodTestDescriptor.java:214) ~[junit-jupiter-engine-5.10.1.jar:5.10.1]
	at org.junit.jupiter.engine.descriptor.TestMethodTestDescriptor.execute(TestMethodTestDescriptor.java:139) ~[junit-jupiter-engine-5.10.1.jar:5.10.1]
	at org.junit.jupiter.engine.descriptor.TestMethodTestDescriptor.execute(TestMethodTestDescriptor.java:69) ~[junit-jupiter-engine-5.10.1.jar:5.10.1]
	at org.junit.platform.engine.support.hierarchical.NodeTestTask.lambda$executeRecursively$6(NodeTestTask.java:151) ~[junit-platform-engine-1.10.1.jar:1.10.1]
	at org.junit.platform.engine.support.hierarchical.ThrowableCollector.execute(ThrowableCollector.java:73) ~[junit-platform-engine-1.10.1.jar:1.10.1]
	at org.junit.platform.engine.support.hierarchical.NodeTestTask.lambda$executeRecursively$8(NodeTestTask.java:141) ~[junit-platform-engine-1.10.1.jar:1.10.1]
	at org.junit.platform.engine.support.hierarchical.Node.around(Node.java:137) ~[junit-platform-engine-1.10.1.jar:1.10.1]
	at org.junit.platform.engine.support.hierarchical.NodeTestTask.lambda$executeRecursively$9(NodeTestTask.java:139) ~[junit-platform-engine-1.10.1.jar:1.10.1]
	at org.junit.platform.engine.support.hierarchical.ThrowableCollector.execute(ThrowableCollector.java:73) ~[junit-platform-engine-1.10.1.jar:1.10.1]
	at org.junit.platform.engine.support.hierarchical.NodeTestTask.executeRecursively(NodeTestTask.java:138) ~[junit-platform-engine-1.10.1.jar:1.10.1]
	at org.junit.platform.engine.support.hierarchical.NodeTestTask.execute(NodeTestTask.java:95) ~[junit-platform-engine-1.10.1.jar:1.10.1]
	at java.base/java.util.ArrayList.forEach(ArrayList.java:1511) ~[na:na]
	at org.junit.platform.engine.support.hierarchical.SameThreadHierarchicalTestExecutorService.invokeAll(SameThreadHierarchicalTestExecutorService.java:41) ~[junit-platform-engine-1.10.1.jar:1.10.1]
	at org.junit.platform.engine.support.hierarchical.NodeTestTask.lambda$executeRecursively$6(NodeTestTask.java:155) ~[junit-platform-engine-1.10.1.jar:1.10.1]
	at org.junit.platform.engine.support.hierarchical.ThrowableCollector.execute(ThrowableCollector.java:73) ~[junit-platform-engine-1.10.1.jar:1.10.1]
	at org.junit.platform.engine.support.hierarchical.NodeTestTask.lambda$executeRecursively$8(NodeTestTask.java:141) ~[junit-platform-engine-1.10.1.jar:1.10.1]
	at org.junit.platform.engine.support.hierarchical.Node.around(Node.java:137) ~[junit-platform-engine-1.10.1.jar:1.10.1]
	at org.junit.platform.engine.support.hierarchical.NodeTestTask.lambda$executeRecursively$9(NodeTestTask.java:139) ~[junit-platform-engine-1.10.1.jar:1.10.1]
	at org.junit.platform.engine.support.hierarchical.ThrowableCollector.execute(ThrowableCollector.java:73) ~[junit-platform-engine-1.10.1.jar:1.10.1]
	at org.junit.platform.engine.support.hierarchical.NodeTestTask.executeRecursively(NodeTestTask.java:138) ~[junit-platform-engine-1.10.1.jar:1.10.1]
	at org.junit.platform.engine.support.hierarchical.NodeTestTask.execute(NodeTestTask.java:95) ~[junit-platform-engine-1.10.1.jar:1.10.1]
	at java.base/java.util.ArrayList.forEach(ArrayList.java:1511) ~[na:na]
	at org.junit.platform.engine.support.hierarchical.SameThreadHierarchicalTestExecutorService.invokeAll(SameThreadHierarchicalTestExecutorService.java:41) ~[junit-platform-engine-1.10.1.jar:1.10.1]
	at org.junit.platform.engine.support.hierarchical.NodeTestTask.lambda$executeRecursively$6(NodeTestTask.java:155) ~[junit-platform-engine-1.10.1.jar:1.10.1]
	at org.junit.platform.engine.support.hierarchical.ThrowableCollector.execute(ThrowableCollector.java:73) ~[junit-platform-engine-1.10.1.jar:1.10.1]
	at org.junit.platform.engine.support.hierarchical.NodeTestTask.lambda$executeRecursively$8(NodeTestTask.java:141) ~[junit-platform-engine-1.10.1.jar:1.10.1]
	at org.junit.platform.engine.support.hierarchical.Node.around(Node.java:137) ~[junit-platform-engine-1.10.1.jar:1.10.1]
	at org.junit.platform.engine.support.hierarchical.NodeTestTask.lambda$executeRecursively$9(NodeTestTask.java:139) ~[junit-platform-engine-1.10.1.jar:1.10.1]
	at org.junit.platform.engine.support.hierarchical.ThrowableCollector.execute(ThrowableCollector.java:73) ~[junit-platform-engine-1.10.1.jar:1.10.1]
	at org.junit.platform.engine.support.hierarchical.NodeTestTask.executeRecursively(NodeTestTask.java:138) ~[junit-platform-engine-1.10.1.jar:1.10.1]
	at org.junit.platform.engine.support.hierarchical.NodeTestTask.execute(NodeTestTask.java:95) ~[junit-platform-engine-1.10.1.jar:1.10.1]
	at org.junit.platform.engine.support.hierarchical.SameThreadHierarchicalTestExecutorService.submit(SameThreadHierarchicalTestExecutorService.java:35) ~[junit-platform-engine-1.10.1.jar:1.10.1]
	at org.junit.platform.engine.support.hierarchical.HierarchicalTestExecutor.execute(HierarchicalTestExecutor.java:57) ~[junit-platform-engine-1.10.1.jar:1.10.1]
	at org.junit.platform.engine.support.hierarchical.HierarchicalTestEngine.execute(HierarchicalTestEngine.java:54) ~[junit-platform-engine-1.10.1.jar:1.10.1]
	at org.junit.platform.launcher.core.EngineExecutionOrchestrator.execute(EngineExecutionOrchestrator.java:198) ~[junit-platform-launcher-1.10.1.jar:1.10.1]
	at org.junit.platform.launcher.core.EngineExecutionOrchestrator.execute(EngineExecutionOrchestrator.java:169) ~[junit-platform-launcher-1.10.1.jar:1.10.1]
	at org.junit.platform.launcher.core.EngineExecutionOrchestrator.execute(EngineExecutionOrchestrator.java:93) ~[junit-platform-launcher-1.10.1.jar:1.10.1]
	at org.junit.platform.launcher.core.EngineExecutionOrchestrator.lambda$execute$0(EngineExecutionOrchestrator.java:58) ~[junit-platform-launcher-1.10.1.jar:1.10.1]
	at org.junit.platform.launcher.core.EngineExecutionOrchestrator.withInterceptedStreams(EngineExecutionOrchestrator.java:141) ~[junit-platform-launcher-1.10.1.jar:1.10.1]
	at org.junit.platform.launcher.core.EngineExecutionOrchestrator.execute(EngineExecutionOrchestrator.java:57) ~[junit-platform-launcher-1.10.1.jar:1.10.1]
	at org.junit.platform.launcher.core.DefaultLauncher.execute(DefaultLauncher.java:103) ~[junit-platform-launcher-1.10.1.jar:1.10.1]
	at org.junit.platform.launcher.core.DefaultLauncher.execute(DefaultLauncher.java:85) ~[junit-platform-launcher-1.10.1.jar:1.10.1]
	at org.junit.platform.launcher.core.DelegatingLauncher.execute(DelegatingLauncher.java:47) ~[junit-platform-launcher-1.10.1.jar:1.10.1]
	at org.apache.maven.surefire.junitplatform.LazyLauncher.execute(LazyLauncher.java:56) ~[surefire-junit-platform-3.2.5.jar:3.2.5]
	at org.apache.maven.surefire.junitplatform.JUnitPlatformProvider.execute(JUnitPlatformProvider.java:184) ~[surefire-junit-platform-3.2.5.jar:3.2.5]
	at org.apache.maven.surefire.junitplatform.JUnitPlatformProvider.invokeAllTests(JUnitPlatformProvider.java:148) ~[surefire-junit-platform-3.2.5.jar:3.2.5]
	at org.apache.maven.surefire.junitplatform.JUnitPlatformProvider.invoke(JUnitPlatformProvider.java:122) ~[surefire-junit-platform-3.2.5.jar:3.2.5]
	at org.apache.maven.surefire.booter.ForkedBooter.runSuitesInProcess(ForkedBooter.java:385) ~[surefire-booter-3.2.5.jar:3.2.5]
	at org.apache.maven.surefire.booter.ForkedBooter.execute(ForkedBooter.java:162) ~[surefire-booter-3.2.5.jar:3.2.5]
	at org.apache.maven.surefire.booter.ForkedBooter.run(ForkedBooter.java:507) ~[surefire-booter-3.2.5.jar:3.2.5]
	at org.apache.maven.surefire.booter.ForkedBooter.main(ForkedBooter.java:495) ~[surefire-booter-3.2.5.jar:3.2.5]
2026-06-24 09:59:41 [main] ERROR c.f.order.service.OrderService - Notification dispatch failed: Notification service down
2026-06-24 09:59:42 [main] INFO  c.f.order.service.OrderService - Order (from entity) saved with id: 1 for userId: 1
2026-06-24 09:59:42 [main] INFO  c.f.order.service.OrderService - Triggered publish for OrderCreatedEvent, orderId: 1
2026-06-24 09:59:42 [main] ERROR c.f.order.service.OrderService - Failed to start saga for orderId: 1: Cannot invoke "com.fooddelivery.order.saga.OrderSagaOrchestrator.startSaga(com.fooddelivery.order.entity.Order)" because "<local3>.sagaOrchestrator" is null
java.lang.NullPointerException: Cannot invoke "com.fooddelivery.order.saga.OrderSagaOrchestrator.startSaga(com.fooddelivery.order.entity.Order)" because "<local3>.sagaOrchestrator" is null
	at com.fooddelivery.order.service.OrderService.createOrderFromEntity(OrderService.java:102) ~[classes/:na]
	at com.fooddelivery.order.service.OrderServiceTest.createOrderFromEntity_NotificationFails_ShouldStillCreateOrder(OrderServiceTest.java:413) ~[test-classes/:na]
	at java.base/jdk.internal.reflect.NativeMethodAccessorImpl.invoke0(Native Method) ~[na:na]
	at java.base/jdk.internal.reflect.NativeMethodAccessorImpl.invoke(NativeMethodAccessorImpl.java:77) ~[na:na]
	at java.base/jdk.internal.reflect.DelegatingMethodAccessorImpl.invoke(DelegatingMethodAccessorImpl.java:43) ~[na:na]
	at java.base/java.lang.reflect.Method.invoke(Method.java:569) ~[na:na]
	at org.junit.platform.commons.util.ReflectionUtils.invokeMethod(ReflectionUtils.java:728) ~[junit-platform-commons-1.10.1.jar:1.10.1]
	at org.junit.jupiter.engine.execution.MethodInvocation.proceed(MethodInvocation.java:60) ~[junit-jupiter-engine-5.10.1.jar:5.10.1]
	at org.junit.jupiter.engine.execution.InvocationInterceptorChain$ValidatingInvocation.proceed(InvocationInterceptorChain.java:131) ~[junit-jupiter-engine-5.10.1.jar:5.10.1]
	at org.junit.jupiter.engine.extension.TimeoutExtension.intercept(TimeoutExtension.java:156) ~[junit-jupiter-engine-5.10.1.jar:5.10.1]
	at org.junit.jupiter.engine.extension.TimeoutExtension.interceptTestableMethod(TimeoutExtension.java:147) ~[junit-jupiter-engine-5.10.1.jar:5.10.1]
	at org.junit.jupiter.engine.extension.TimeoutExtension.interceptTestMethod(TimeoutExtension.java:86) ~[junit-jupiter-engine-5.10.1.jar:5.10.1]
	at org.junit.jupiter.engine.execution.InterceptingExecutableInvoker$ReflectiveInterceptorCall.lambda$ofVoidMethod$0(InterceptingExecutableInvoker.java:103) ~[junit-jupiter-engine-5.10.1.jar:5.10.1]
	at org.junit.jupiter.engine.execution.InterceptingExecutableInvoker.lambda$invoke$0(InterceptingExecutableInvoker.java:93) ~[junit-jupiter-engine-5.10.1.jar:5.10.1]
	at org.junit.jupiter.engine.execution.InvocationInterceptorChain$InterceptedInvocation.proceed(InvocationInterceptorChain.java:106) ~[junit-jupiter-engine-5.10.1.jar:5.10.1]
	at org.junit.jupiter.engine.execution.InvocationInterceptorChain.proceed(InvocationInterceptorChain.java:64) ~[junit-jupiter-engine-5.10.1.jar:5.10.1]
	at org.junit.jupiter.engine.execution.InvocationInterceptorChain.chainAndInvoke(InvocationInterceptorChain.java:45) ~[junit-jupiter-engine-5.10.1.jar:5.10.1]
	at org.junit.jupiter.engine.execution.InvocationInterceptorChain.invoke(InvocationInterceptorChain.java:37) ~[junit-jupiter-engine-5.10.1.jar:5.10.1]
	at org.junit.jupiter.engine.execution.InterceptingExecutableInvoker.invoke(InterceptingExecutableInvoker.java:92) ~[junit-jupiter-engine-5.10.1.jar:5.10.1]
	at org.junit.jupiter.engine.execution.InterceptingExecutableInvoker.invoke(InterceptingExecutableInvoker.java:86) ~[junit-jupiter-engine-5.10.1.jar:5.10.1]
	at org.junit.jupiter.engine.descriptor.TestMethodTestDescriptor.lambda$invokeTestMethod$7(TestMethodTestDescriptor.java:218) ~[junit-jupiter-engine-5.10.1.jar:5.10.1]
	at org.junit.platform.engine.support.hierarchical.ThrowableCollector.execute(ThrowableCollector.java:73) ~[junit-platform-engine-1.10.1.jar:1.10.1]
	at org.junit.jupiter.engine.descriptor.TestMethodTestDescriptor.invokeTestMethod(TestMethodTestDescriptor.java:214) ~[junit-jupiter-engine-5.10.1.jar:5.10.1]
	at org.junit.jupiter.engine.descriptor.TestMethodTestDescriptor.execute(TestMethodTestDescriptor.java:139) ~[junit-jupiter-engine-5.10.1.jar:5.10.1]
	at org.junit.jupiter.engine.descriptor.TestMethodTestDescriptor.execute(TestMethodTestDescriptor.java:69) ~[junit-jupiter-engine-5.10.1.jar:5.10.1]
	at org.junit.platform.engine.support.hierarchical.NodeTestTask.lambda$executeRecursively$6(NodeTestTask.java:151) ~[junit-platform-engine-1.10.1.jar:1.10.1]
	at org.junit.platform.engine.support.hierarchical.ThrowableCollector.execute(ThrowableCollector.java:73) ~[junit-platform-engine-1.10.1.jar:1.10.1]
	at org.junit.platform.engine.support.hierarchical.NodeTestTask.lambda$executeRecursively$8(NodeTestTask.java:141) ~[junit-platform-engine-1.10.1.jar:1.10.1]
	at org.junit.platform.engine.support.hierarchical.Node.around(Node.java:137) ~[junit-platform-engine-1.10.1.jar:1.10.1]
	at org.junit.platform.engine.support.hierarchical.NodeTestTask.lambda$executeRecursively$9(NodeTestTask.java:139) ~[junit-platform-engine-1.10.1.jar:1.10.1]
	at org.junit.platform.engine.support.hierarchical.ThrowableCollector.execute(ThrowableCollector.java:73) ~[junit-platform-engine-1.10.1.jar:1.10.1]
	at org.junit.platform.engine.support.hierarchical.NodeTestTask.executeRecursively(NodeTestTask.java:138) ~[junit-platform-engine-1.10.1.jar:1.10.1]
	at org.junit.platform.engine.support.hierarchical.NodeTestTask.execute(NodeTestTask.java:95) ~[junit-platform-engine-1.10.1.jar:1.10.1]
	at java.base/java.util.ArrayList.forEach(ArrayList.java:1511) ~[na:na]
	at org.junit.platform.engine.support.hierarchical.SameThreadHierarchicalTestExecutorService.invokeAll(SameThreadHierarchicalTestExecutorService.java:41) ~[junit-platform-engine-1.10.1.jar:1.10.1]
	at org.junit.platform.engine.support.hierarchical.NodeTestTask.lambda$executeRecursively$6(NodeTestTask.java:155) ~[junit-platform-engine-1.10.1.jar:1.10.1]
	at org.junit.platform.engine.support.hierarchical.ThrowableCollector.execute(ThrowableCollector.java:73) ~[junit-platform-engine-1.10.1.jar:1.10.1]
	at org.junit.platform.engine.support.hierarchical.NodeTestTask.lambda$executeRecursively$8(NodeTestTask.java:141) ~[junit-platform-engine-1.10.1.jar:1.10.1]
	at org.junit.platform.engine.support.hierarchical.Node.around(Node.java:137) ~[junit-platform-engine-1.10.1.jar:1.10.1]
	at org.junit.platform.engine.support.hierarchical.NodeTestTask.lambda$executeRecursively$9(NodeTestTask.java:139) ~[junit-platform-engine-1.10.1.jar:1.10.1]
	at org.junit.platform.engine.support.hierarchical.ThrowableCollector.execute(ThrowableCollector.java:73) ~[junit-platform-engine-1.10.1.jar:1.10.1]
	at org.junit.platform.engine.support.hierarchical.NodeTestTask.executeRecursively(NodeTestTask.java:138) ~[junit-platform-engine-1.10.1.jar:1.10.1]
	at org.junit.platform.engine.support.hierarchical.NodeTestTask.execute(NodeTestTask.java:95) ~[junit-platform-engine-1.10.1.jar:1.10.1]
	at java.base/java.util.ArrayList.forEach(ArrayList.java:1511) ~[na:na]
	at org.junit.platform.engine.support.hierarchical.SameThreadHierarchicalTestExecutorService.invokeAll(SameThreadHierarchicalTestExecutorService.java:41) ~[junit-platform-engine-1.10.1.jar:1.10.1]
	at org.junit.platform.engine.support.hierarchical.NodeTestTask.lambda$executeRecursively$6(NodeTestTask.java:155) ~[junit-platform-engine-1.10.1.jar:1.10.1]
	at org.junit.platform.engine.support.hierarchical.ThrowableCollector.execute(ThrowableCollector.java:73) ~[junit-platform-engine-1.10.1.jar:1.10.1]
	at org.junit.platform.engine.support.hierarchical.NodeTestTask.lambda$executeRecursively$8(NodeTestTask.java:141) ~[junit-platform-engine-1.10.1.jar:1.10.1]
	at org.junit.platform.engine.support.hierarchical.Node.around(Node.java:137) ~[junit-platform-engine-1.10.1.jar:1.10.1]
	at org.junit.platform.engine.support.hierarchical.NodeTestTask.lambda$executeRecursively$9(NodeTestTask.java:139) ~[junit-platform-engine-1.10.1.jar:1.10.1]
	at org.junit.platform.engine.support.hierarchical.ThrowableCollector.execute(ThrowableCollector.java:73) ~[junit-platform-engine-1.10.1.jar:1.10.1]
	at org.junit.platform.engine.support.hierarchical.NodeTestTask.executeRecursively(NodeTestTask.java:138) ~[junit-platform-engine-1.10.1.jar:1.10.1]
	at org.junit.platform.engine.support.hierarchical.NodeTestTask.execute(NodeTestTask.java:95) ~[junit-platform-engine-1.10.1.jar:1.10.1]
	at org.junit.platform.engine.support.hierarchical.SameThreadHierarchicalTestExecutorService.submit(SameThreadHierarchicalTestExecutorService.java:35) ~[junit-platform-engine-1.10.1.jar:1.10.1]
	at org.junit.platform.engine.support.hierarchical.HierarchicalTestExecutor.execute(HierarchicalTestExecutor.java:57) ~[junit-platform-engine-1.10.1.jar:1.10.1]
	at org.junit.platform.engine.support.hierarchical.HierarchicalTestEngine.execute(HierarchicalTestEngine.java:54) ~[junit-platform-engine-1.10.1.jar:1.10.1]
	at org.junit.platform.launcher.core.EngineExecutionOrchestrator.execute(EngineExecutionOrchestrator.java:198) ~[junit-platform-launcher-1.10.1.jar:1.10.1]
	at org.junit.platform.launcher.core.EngineExecutionOrchestrator.execute(EngineExecutionOrchestrator.java:169) ~[junit-platform-launcher-1.10.1.jar:1.10.1]
	at org.junit.platform.launcher.core.EngineExecutionOrchestrator.execute(EngineExecutionOrchestrator.java:93) ~[junit-platform-launcher-1.10.1.jar:1.10.1]
	at org.junit.platform.launcher.core.EngineExecutionOrchestrator.lambda$execute$0(EngineExecutionOrchestrator.java:58) ~[junit-platform-launcher-1.10.1.jar:1.10.1]
	at org.junit.platform.launcher.core.EngineExecutionOrchestrator.withInterceptedStreams(EngineExecutionOrchestrator.java:141) ~[junit-platform-launcher-1.10.1.jar:1.10.1]
	at org.junit.platform.launcher.core.EngineExecutionOrchestrator.execute(EngineExecutionOrchestrator.java:57) ~[junit-platform-launcher-1.10.1.jar:1.10.1]
	at org.junit.platform.launcher.core.DefaultLauncher.execute(DefaultLauncher.java:103) ~[junit-platform-launcher-1.10.1.jar:1.10.1]
	at org.junit.platform.launcher.core.DefaultLauncher.execute(DefaultLauncher.java:85) ~[junit-platform-launcher-1.10.1.jar:1.10.1]
	at org.junit.platform.launcher.core.DelegatingLauncher.execute(DelegatingLauncher.java:47) ~[junit-platform-launcher-1.10.1.jar:1.10.1]
	at org.apache.maven.surefire.junitplatform.LazyLauncher.execute(LazyLauncher.java:56) ~[surefire-junit-platform-3.2.5.jar:3.2.5]
	at org.apache.maven.surefire.junitplatform.JUnitPlatformProvider.execute(JUnitPlatformProvider.java:184) ~[surefire-junit-platform-3.2.5.jar:3.2.5]
	at org.apache.maven.surefire.junitplatform.JUnitPlatformProvider.invokeAllTests(JUnitPlatformProvider.java:148) ~[surefire-junit-platform-3.2.5.jar:3.2.5]
	at org.apache.maven.surefire.junitplatform.JUnitPlatformProvider.invoke(JUnitPlatformProvider.java:122) ~[surefire-junit-platform-3.2.5.jar:3.2.5]
	at org.apache.maven.surefire.booter.ForkedBooter.runSuitesInProcess(ForkedBooter.java:385) ~[surefire-booter-3.2.5.jar:3.2.5]
	at org.apache.maven.surefire.booter.ForkedBooter.execute(ForkedBooter.java:162) ~[surefire-booter-3.2.5.jar:3.2.5]
	at org.apache.maven.surefire.booter.ForkedBooter.run(ForkedBooter.java:507) ~[surefire-booter-3.2.5.jar:3.2.5]
	at org.apache.maven.surefire.booter.ForkedBooter.main(ForkedBooter.java:495) ~[surefire-booter-3.2.5.jar:3.2.5]
2026-06-24 09:59:42 [main] WARN  c.f.order.service.OrderService - Restaurant call failed, using fallback price for menuItemId: 1
2026-06-24 09:59:42 [main] INFO  c.f.order.service.OrderService - Order saved with id: 1 for userId: 1
2026-06-24 09:59:42 [main] INFO  c.f.order.service.OrderService - Triggered publish for OrderCreatedEvent, orderId: 1
2026-06-24 09:59:42 [main] ERROR c.f.order.service.OrderService - Failed to start saga for orderId: 1: Cannot invoke "com.fooddelivery.order.saga.OrderSagaOrchestrator.startSaga(com.fooddelivery.order.entity.Order)" because "<local3>.sagaOrchestrator" is null
java.lang.NullPointerException: Cannot invoke "com.fooddelivery.order.saga.OrderSagaOrchestrator.startSaga(com.fooddelivery.order.entity.Order)" because "<local3>.sagaOrchestrator" is null
	at com.fooddelivery.order.service.OrderService.createOrder(OrderService.java:80) ~[classes/:na]
	at com.fooddelivery.order.service.OrderServiceTest.createOrderItem_MenuItemAvailableExceptionWithNullMessage_ShouldUseFallback(OrderServiceTest.java:551) ~[test-classes/:na]
	at java.base/jdk.internal.reflect.NativeMethodAccessorImpl.invoke0(Native Method) ~[na:na]
	at java.base/jdk.internal.reflect.NativeMethodAccessorImpl.invoke(NativeMethodAccessorImpl.java:77) ~[na:na]
	at java.base/jdk.internal.reflect.DelegatingMethodAccessorImpl.invoke(DelegatingMethodAccessorImpl.java:43) ~[na:na]
	at java.base/java.lang.reflect.Method.invoke(Method.java:569) ~[na:na]
	at org.junit.platform.commons.util.ReflectionUtils.invokeMethod(ReflectionUtils.java:728) ~[junit-platform-commons-1.10.1.jar:1.10.1]
	at org.junit.jupiter.engine.execution.MethodInvocation.proceed(MethodInvocation.java:60) ~[junit-jupiter-engine-5.10.1.jar:5.10.1]
	at org.junit.jupiter.engine.execution.InvocationInterceptorChain$ValidatingInvocation.proceed(InvocationInterceptorChain.java:131) ~[junit-jupiter-engine-5.10.1.jar:5.10.1]
	at org.junit.jupiter.engine.extension.TimeoutExtension.intercept(TimeoutExtension.java:156) ~[junit-jupiter-engine-5.10.1.jar:5.10.1]
	at org.junit.jupiter.engine.extension.TimeoutExtension.interceptTestableMethod(TimeoutExtension.java:147) ~[junit-jupiter-engine-5.10.1.jar:5.10.1]
	at org.junit.jupiter.engine.extension.TimeoutExtension.interceptTestMethod(TimeoutExtension.java:86) ~[junit-jupiter-engine-5.10.1.jar:5.10.1]
	at org.junit.jupiter.engine.execution.InterceptingExecutableInvoker$ReflectiveInterceptorCall.lambda$ofVoidMethod$0(InterceptingExecutableInvoker.java:103) ~[junit-jupiter-engine-5.10.1.jar:5.10.1]
	at org.junit.jupiter.engine.execution.InterceptingExecutableInvoker.lambda$invoke$0(InterceptingExecutableInvoker.java:93) ~[junit-jupiter-engine-5.10.1.jar:5.10.1]
	at org.junit.jupiter.engine.execution.InvocationInterceptorChain$InterceptedInvocation.proceed(InvocationInterceptorChain.java:106) ~[junit-jupiter-engine-5.10.1.jar:5.10.1]
	at org.junit.jupiter.engine.execution.InvocationInterceptorChain.proceed(InvocationInterceptorChain.java:64) ~[junit-jupiter-engine-5.10.1.jar:5.10.1]
	at org.junit.jupiter.engine.execution.InvocationInterceptorChain.chainAndInvoke(InvocationInterceptorChain.java:45) ~[junit-jupiter-engine-5.10.1.jar:5.10.1]
	at org.junit.jupiter.engine.execution.InvocationInterceptorChain.invoke(InvocationInterceptorChain.java:37) ~[junit-jupiter-engine-5.10.1.jar:5.10.1]
	at org.junit.jupiter.engine.execution.InterceptingExecutableInvoker.invoke(InterceptingExecutableInvoker.java:92) ~[junit-jupiter-engine-5.10.1.jar:5.10.1]
	at org.junit.jupiter.engine.execution.InterceptingExecutableInvoker.invoke(InterceptingExecutableInvoker.java:86) ~[junit-jupiter-engine-5.10.1.jar:5.10.1]
	at org.junit.jupiter.engine.descriptor.TestMethodTestDescriptor.lambda$invokeTestMethod$7(TestMethodTestDescriptor.java:218) ~[junit-jupiter-engine-5.10.1.jar:5.10.1]
	at org.junit.platform.engine.support.hierarchical.ThrowableCollector.execute(ThrowableCollector.java:73) ~[junit-platform-engine-1.10.1.jar:1.10.1]
	at org.junit.jupiter.engine.descriptor.TestMethodTestDescriptor.invokeTestMethod(TestMethodTestDescriptor.java:214) ~[junit-jupiter-engine-5.10.1.jar:5.10.1]
	at org.junit.jupiter.engine.descriptor.TestMethodTestDescriptor.execute(TestMethodTestDescriptor.java:139) ~[junit-jupiter-engine-5.10.1.jar:5.10.1]
	at org.junit.jupiter.engine.descriptor.TestMethodTestDescriptor.execute(TestMethodTestDescriptor.java:69) ~[junit-jupiter-engine-5.10.1.jar:5.10.1]
	at org.junit.platform.engine.support.hierarchical.NodeTestTask.lambda$executeRecursively$6(NodeTestTask.java:151) ~[junit-platform-engine-1.10.1.jar:1.10.1]
	at org.junit.platform.engine.support.hierarchical.ThrowableCollector.execute(ThrowableCollector.java:73) ~[junit-platform-engine-1.10.1.jar:1.10.1]
	at org.junit.platform.engine.support.hierarchical.NodeTestTask.lambda$executeRecursively$8(NodeTestTask.java:141) ~[junit-platform-engine-1.10.1.jar:1.10.1]
	at org.junit.platform.engine.support.hierarchical.Node.around(Node.java:137) ~[junit-platform-engine-1.10.1.jar:1.10.1]
	at org.junit.platform.engine.support.hierarchical.NodeTestTask.lambda$executeRecursively$9(NodeTestTask.java:139) ~[junit-platform-engine-1.10.1.jar:1.10.1]
	at org.junit.platform.engine.support.hierarchical.ThrowableCollector.execute(ThrowableCollector.java:73) ~[junit-platform-engine-1.10.1.jar:1.10.1]
	at org.junit.platform.engine.support.hierarchical.NodeTestTask.executeRecursively(NodeTestTask.java:138) ~[junit-platform-engine-1.10.1.jar:1.10.1]
	at org.junit.platform.engine.support.hierarchical.NodeTestTask.execute(NodeTestTask.java:95) ~[junit-platform-engine-1.10.1.jar:1.10.1]
	at java.base/java.util.ArrayList.forEach(ArrayList.java:1511) ~[na:na]
	at org.junit.platform.engine.support.hierarchical.SameThreadHierarchicalTestExecutorService.invokeAll(SameThreadHierarchicalTestExecutorService.java:41) ~[junit-platform-engine-1.10.1.jar:1.10.1]
	at org.junit.platform.engine.support.hierarchical.NodeTestTask.lambda$executeRecursively$6(NodeTestTask.java:155) ~[junit-platform-engine-1.10.1.jar:1.10.1]
	at org.junit.platform.engine.support.hierarchical.ThrowableCollector.execute(ThrowableCollector.java:73) ~[junit-platform-engine-1.10.1.jar:1.10.1]
	at org.junit.platform.engine.support.hierarchical.NodeTestTask.lambda$executeRecursively$8(NodeTestTask.java:141) ~[junit-platform-engine-1.10.1.jar:1.10.1]
	at org.junit.platform.engine.support.hierarchical.Node.around(Node.java:137) ~[junit-platform-engine-1.10.1.jar:1.10.1]
	at org.junit.platform.engine.support.hierarchical.NodeTestTask.lambda$executeRecursively$9(NodeTestTask.java:139) ~[junit-platform-engine-1.10.1.jar:1.10.1]
	at org.junit.platform.engine.support.hierarchical.ThrowableCollector.execute(ThrowableCollector.java:73) ~[junit-platform-engine-1.10.1.jar:1.10.1]
	at org.junit.platform.engine.support.hierarchical.NodeTestTask.executeRecursively(NodeTestTask.java:138) ~[junit-platform-engine-1.10.1.jar:1.10.1]
	at org.junit.platform.engine.support.hierarchical.NodeTestTask.execute(NodeTestTask.java:95) ~[junit-platform-engine-1.10.1.jar:1.10.1]
	at java.base/java.util.ArrayList.forEach(ArrayList.java:1511) ~[na:na]
	at org.junit.platform.engine.support.hierarchical.SameThreadHierarchicalTestExecutorService.invokeAll(SameThreadHierarchicalTestExecutorService.java:41) ~[junit-platform-engine-1.10.1.jar:1.10.1]
	at org.junit.platform.engine.support.hierarchical.NodeTestTask.lambda$executeRecursively$6(NodeTestTask.java:155) ~[junit-platform-engine-1.10.1.jar:1.10.1]
	at org.junit.platform.engine.support.hierarchical.ThrowableCollector.execute(ThrowableCollector.java:73) ~[junit-platform-engine-1.10.1.jar:1.10.1]
	at org.junit.platform.engine.support.hierarchical.NodeTestTask.lambda$executeRecursively$8(NodeTestTask.java:141) ~[junit-platform-engine-1.10.1.jar:1.10.1]
	at org.junit.platform.engine.support.hierarchical.Node.around(Node.java:137) ~[junit-platform-engine-1.10.1.jar:1.10.1]
	at org.junit.platform.engine.support.hierarchical.NodeTestTask.lambda$executeRecursively$9(NodeTestTask.java:139) ~[junit-platform-engine-1.10.1.jar:1.10.1]
	at org.junit.platform.engine.support.hierarchical.ThrowableCollector.execute(ThrowableCollector.java:73) ~[junit-platform-engine-1.10.1.jar:1.10.1]
	at org.junit.platform.engine.support.hierarchical.NodeTestTask.executeRecursively(NodeTestTask.java:138) ~[junit-platform-engine-1.10.1.jar:1.10.1]
	at org.junit.platform.engine.support.hierarchical.NodeTestTask.execute(NodeTestTask.java:95) ~[junit-platform-engine-1.10.1.jar:1.10.1]
	at org.junit.platform.engine.support.hierarchical.SameThreadHierarchicalTestExecutorService.submit(SameThreadHierarchicalTestExecutorService.java:35) ~[junit-platform-engine-1.10.1.jar:1.10.1]
	at org.junit.platform.engine.support.hierarchical.HierarchicalTestExecutor.execute(HierarchicalTestExecutor.java:57) ~[junit-platform-engine-1.10.1.jar:1.10.1]
	at org.junit.platform.engine.support.hierarchical.HierarchicalTestEngine.execute(HierarchicalTestEngine.java:54) ~[junit-platform-engine-1.10.1.jar:1.10.1]
	at org.junit.platform.launcher.core.EngineExecutionOrchestrator.execute(EngineExecutionOrchestrator.java:198) ~[junit-platform-launcher-1.10.1.jar:1.10.1]
	at org.junit.platform.launcher.core.EngineExecutionOrchestrator.execute(EngineExecutionOrchestrator.java:169) ~[junit-platform-launcher-1.10.1.jar:1.10.1]
	at org.junit.platform.launcher.core.EngineExecutionOrchestrator.execute(EngineExecutionOrchestrator.java:93) ~[junit-platform-launcher-1.10.1.jar:1.10.1]
	at org.junit.platform.launcher.core.EngineExecutionOrchestrator.lambda$execute$0(EngineExecutionOrchestrator.java:58) ~[junit-platform-launcher-1.10.1.jar:1.10.1]
	at org.junit.platform.launcher.core.EngineExecutionOrchestrator.withInterceptedStreams(EngineExecutionOrchestrator.java:141) ~[junit-platform-launcher-1.10.1.jar:1.10.1]
	at org.junit.platform.launcher.core.EngineExecutionOrchestrator.execute(EngineExecutionOrchestrator.java:57) ~[junit-platform-launcher-1.10.1.jar:1.10.1]
	at org.junit.platform.launcher.core.DefaultLauncher.execute(DefaultLauncher.java:103) ~[junit-platform-launcher-1.10.1.jar:1.10.1]
	at org.junit.platform.launcher.core.DefaultLauncher.execute(DefaultLauncher.java:85) ~[junit-platform-launcher-1.10.1.jar:1.10.1]
	at org.junit.platform.launcher.core.DelegatingLauncher.execute(DelegatingLauncher.java:47) ~[junit-platform-launcher-1.10.1.jar:1.10.1]
	at org.apache.maven.surefire.junitplatform.LazyLauncher.execute(LazyLauncher.java:56) ~[surefire-junit-platform-3.2.5.jar:3.2.5]
	at org.apache.maven.surefire.junitplatform.JUnitPlatformProvider.execute(JUnitPlatformProvider.java:184) ~[surefire-junit-platform-3.2.5.jar:3.2.5]
	at org.apache.maven.surefire.junitplatform.JUnitPlatformProvider.invokeAllTests(JUnitPlatformProvider.java:148) ~[surefire-junit-platform-3.2.5.jar:3.2.5]
	at org.apache.maven.surefire.junitplatform.JUnitPlatformProvider.invoke(JUnitPlatformProvider.java:122) ~[surefire-junit-platform-3.2.5.jar:3.2.5]
	at org.apache.maven.surefire.booter.ForkedBooter.runSuitesInProcess(ForkedBooter.java:385) ~[surefire-booter-3.2.5.jar:3.2.5]
	at org.apache.maven.surefire.booter.ForkedBooter.execute(ForkedBooter.java:162) ~[surefire-booter-3.2.5.jar:3.2.5]
	at org.apache.maven.surefire.booter.ForkedBooter.run(ForkedBooter.java:507) ~[surefire-booter-3.2.5.jar:3.2.5]
	at org.apache.maven.surefire.booter.ForkedBooter.main(ForkedBooter.java:495) ~[surefire-booter-3.2.5.jar:3.2.5]
2026-06-24 09:59:44 [org.springframework.amqp.rabbit.RabbitListenerEndpointContainer#0-2] INFO  o.s.a.r.l.SimpleMessageListenerContainer - Waiting for workers to finish.
2026-06-24 09:59:44 [org.springframework.amqp.rabbit.RabbitListenerEndpointContainer#1-2] INFO  o.s.a.r.l.SimpleMessageListenerContainer - Waiting for workers to finish.
2026-06-24 09:59:44 [org.springframework.amqp.rabbit.RabbitListenerEndpointContainer#2-2] INFO  o.s.a.r.l.SimpleMessageListenerContainer - Waiting for workers to finish.
2026-06-24 09:59:44 [org.springframework.amqp.rabbit.RabbitListenerEndpointContainer#3-2] INFO  o.s.a.r.l.SimpleMessageListenerContainer - Waiting for workers to finish.
2026-06-24 09:59:45 [org.springframework.amqp.rabbit.RabbitListenerEndpointContainer#0-2] INFO  o.s.a.r.l.SimpleMessageListenerContainer - Successfully waited for workers to finish.
2026-06-24 09:59:45 [org.springframework.amqp.rabbit.RabbitListenerEndpointContainer#1-2] INFO  o.s.a.r.l.SimpleMessageListenerContainer - Successfully waited for workers to finish.
2026-06-24 09:59:45 [org.springframework.amqp.rabbit.RabbitListenerEndpointContainer#3-2] INFO  o.s.a.r.l.SimpleMessageListenerContainer - Successfully waited for workers to finish.
2026-06-24 09:59:45 [org.springframework.amqp.rabbit.RabbitListenerEndpointContainer#2-2] INFO  o.s.a.r.l.SimpleMessageListenerContainer - Successfully waited for workers to finish.
2026-06-24 09:59:45 [scheduling-1] DEBUG org.hibernate.SQL - 
    /* <criteria> */ select
        oe1_0.id,
        oe1_0.created_at,
        oe1_0.event_id,
        oe1_0.event_type,
        oe1_0.exchange,
        oe1_0.payload,
        oe1_0.published_at,
        oe1_0.retry_count,
        oe1_0.routing_key,
        oe1_0.status 
    from
        outbox_events oe1_0 
    where
        oe1_0.status=? 
        and oe1_0.retry_count<?
2026-06-24 09:59:46 [SpringApplicationShutdownHook] INFO  o.s.o.j.LocalContainerEntityManagerFactoryBean - Closing JPA EntityManagerFactory for persistence unit 'default'
2026-06-24 09:59:46 [SpringApplicationShutdownHook] DEBUG org.hibernate.SQL - 
    drop table if exists order_items cascade 
2026-06-24 09:59:46 [SpringApplicationShutdownHook] DEBUG org.hibernate.SQL - 
    drop table if exists orders cascade 
2026-06-24 09:59:46 [SpringApplicationShutdownHook] DEBUG org.hibernate.SQL - 
    drop table if exists outbox_events cascade 
2026-06-24 09:59:46 [SpringApplicationShutdownHook] DEBUG org.hibernate.SQL - 
    drop table if exists processed_events cascade 
2026-06-24 09:59:46 [SpringApplicationShutdownHook] DEBUG org.hibernate.SQL - 
    drop table if exists saga_states cascade 
2026-06-24 09:59:46 [SpringApplicationShutdownHook] INFO  com.zaxxer.hikari.HikariDataSource - OrderServiceHikariPool - Shutdown initiated...
2026-06-24 09:59:46 [SpringApplicationShutdownHook] INFO  com.zaxxer.hikari.HikariDataSource - OrderServiceHikariPool - Shutdown completed.
2026-06-24 09:59:46 [org.springframework.amqp.rabbit.RabbitListenerEndpointContainer#0-2] INFO  o.s.a.r.l.SimpleMessageListenerContainer - Waiting for workers to finish.
2026-06-24 09:59:46 [org.springframework.amqp.rabbit.RabbitListenerEndpointContainer#1-2] INFO  o.s.a.r.l.SimpleMessageListenerContainer - Waiting for workers to finish.
2026-06-24 09:59:46 [org.springframework.amqp.rabbit.RabbitListenerEndpointContainer#2-2] INFO  o.s.a.r.l.SimpleMessageListenerContainer - Waiting for workers to finish.
2026-06-24 09:59:46 [org.springframework.amqp.rabbit.RabbitListenerEndpointContainer#3-2] INFO  o.s.a.r.l.SimpleMessageListenerContainer - Waiting for workers to finish.
2026-06-24 09:59:46 [org.springframework.amqp.rabbit.RabbitListenerEndpointContainer#0-2] INFO  o.s.a.r.l.SimpleMessageListenerContainer - Successfully waited for workers to finish.
2026-06-24 09:59:46 [org.springframework.amqp.rabbit.RabbitListenerEndpointContainer#1-2] INFO  o.s.a.r.l.SimpleMessageListenerContainer - Successfully waited for workers to finish.
2026-06-24 09:59:46 [org.springframework.amqp.rabbit.RabbitListenerEndpointContainer#2-2] INFO  o.s.a.r.l.SimpleMessageListenerContainer - Successfully waited for workers to finish.
2026-06-24 09:59:46 [org.springframework.amqp.rabbit.RabbitListenerEndpointContainer#3-2] INFO  o.s.a.r.l.SimpleMessageListenerContainer - Successfully waited for workers to finish.
2026-06-24 09:59:46 [SpringApplicationShutdownHook] INFO  o.s.o.j.LocalContainerEntityManagerFactoryBean - Closing JPA EntityManagerFactory for persistence unit 'default'
2026-06-24 09:59:46 [SpringApplicationShutdownHook] DEBUG org.hibernate.SQL - 
    drop table if exists order_items cascade 
2026-06-24 09:59:46 [SpringApplicationShutdownHook] DEBUG org.hibernate.SQL - 
    drop table if exists orders cascade 
2026-06-24 09:59:46 [SpringApplicationShutdownHook] DEBUG org.hibernate.SQL - 
    drop table if exists outbox_events cascade 
2026-06-24 09:59:46 [SpringApplicationShutdownHook] DEBUG org.hibernate.SQL - 
    drop table if exists processed_events cascade 
2026-06-24 09:59:46 [SpringApplicationShutdownHook] DEBUG org.hibernate.SQL - 
    drop table if exists saga_states cascade 
2026-06-24 09:59:46 [SpringApplicationShutdownHook] INFO  com.zaxxer.hikari.HikariDataSource - OrderServiceHikariPool - Shutdown initiated...
2026-06-24 09:59:46 [SpringApplicationShutdownHook] INFO  com.zaxxer.hikari.HikariDataSource - OrderServiceHikariPool - Shutdown completed.
2026-06-24 10:01:03 [main] INFO  c.f.order.OrderServiceApplication - Starting OrderServiceApplication using Java 17.0.18 with PID 16228 (C:\Users\avilakad\OneDrive - Publicis Groupe\Documents\Food-Delivery-main\order-service\target\classes started by avilakad in C:\Users\avilakad\OneDrive - Publicis Groupe\Documents\Food-Delivery-main\order-service)
2026-06-24 10:01:03 [main] DEBUG c.f.order.OrderServiceApplication - Running with Spring Boot v3.2.0, Spring v6.1.1
2026-06-24 10:01:03 [main] INFO  c.f.order.OrderServiceApplication - No active profile set, falling back to 1 default profile: "default"
2026-06-24 10:01:04 [main] INFO  o.s.c.c.c.ConfigServerConfigDataLoader - Fetching config from server at : http://localhost:8888
2026-06-24 10:01:04 [main] INFO  o.s.c.c.c.ConfigServerConfigDataLoader - Located environment: name=order-service, profiles=[default], label=null, version=127b1adee530cd27467179f9b7c7520365be625a, state=null
2026-06-24 10:01:05 [main] INFO  o.s.d.r.c.RepositoryConfigurationDelegate - Bootstrapping Spring Data JPA repositories in DEFAULT mode.
2026-06-24 10:01:06 [main] INFO  o.s.d.r.c.RepositoryConfigurationDelegate - Finished Spring Data repository scanning in 236 ms. Found 5 JPA repository interfaces.
2026-06-24 10:01:06 [main] INFO  o.s.cloud.context.scope.GenericScope - BeanFactory id=dfe94a4e-cb97-318f-a433-c84f4dcf15e6
2026-06-24 10:01:07 [main] WARN  o.s.c.s.PostProcessorRegistrationDelegate$BeanPostProcessorChecker - Bean 'org.springframework.cloud.client.loadbalancer.LoadBalancerAutoConfiguration$RetryInterceptorAutoConfiguration' of type [org.springframework.cloud.client.loadbalancer.LoadBalancerAutoConfiguration$RetryInterceptorAutoConfiguration] is not eligible for getting processed by all BeanPostProcessors (for example: not eligible for auto-proxying). The currently created BeanPostProcessor [lbRestClientPostProcessor] is declared through a non-static factory method on that class; consider declaring it as static instead.
2026-06-24 10:01:07 [main] WARN  o.s.c.s.PostProcessorRegistrationDelegate$BeanPostProcessorChecker - Bean 'org.springframework.cloud.loadbalancer.config.BlockingLoadBalancerClientAutoConfiguration' of type [org.springframework.cloud.loadbalancer.config.BlockingLoadBalancerClientAutoConfiguration] is not eligible for getting processed by all BeanPostProcessors (for example: not eligible for auto-proxying). Is this bean getting eagerly injected into a currently created BeanPostProcessor [lbRestClientPostProcessor]? Check the corresponding BeanPostProcessor declaration and its dependencies.
2026-06-24 10:01:07 [main] WARN  o.s.c.s.PostProcessorRegistrationDelegate$BeanPostProcessorChecker - Bean 'org.springframework.cloud.loadbalancer.config.LoadBalancerAutoConfiguration' of type [org.springframework.cloud.loadbalancer.config.LoadBalancerAutoConfiguration] is not eligible for getting processed by all BeanPostProcessors (for example: not eligible for auto-proxying). Is this bean getting eagerly injected into a currently created BeanPostProcessor [lbRestClientPostProcessor]? Check the corresponding BeanPostProcessor declaration and its dependencies.
2026-06-24 10:01:07 [main] WARN  o.s.c.s.PostProcessorRegistrationDelegate$BeanPostProcessorChecker - Bean 'org.springframework.cloud.commons.config.CommonsConfigAutoConfiguration' of type [org.springframework.cloud.commons.config.CommonsConfigAutoConfiguration] is not eligible for getting processed by all BeanPostProcessors (for example: not eligible for auto-proxying). Is this bean getting eagerly injected into a currently created BeanPostProcessor [lbRestClientPostProcessor]? Check the corresponding BeanPostProcessor declaration and its dependencies.
2026-06-24 10:01:07 [main] WARN  o.s.c.s.PostProcessorRegistrationDelegate$BeanPostProcessorChecker - Bean 'org.springframework.cloud.client.loadbalancer.LoadBalancerDefaultMappingsProviderAutoConfiguration' of type [org.springframework.cloud.client.loadbalancer.LoadBalancerDefaultMappingsProviderAutoConfiguration] is not eligible for getting processed by all BeanPostProcessors (for example: not eligible for auto-proxying). Is this bean getting eagerly injected into a currently created BeanPostProcessor [lbRestClientPostProcessor]? Check the corresponding BeanPostProcessor declaration and its dependencies.
2026-06-24 10:01:07 [main] WARN  o.s.c.s.PostProcessorRegistrationDelegate$BeanPostProcessorChecker - Bean 'loadBalancerClientsDefaultsMappingsProvider' of type [org.springframework.cloud.client.loadbalancer.LoadBalancerDefaultMappingsProviderAutoConfiguration$$Lambda$683/0x0000024f6255eec0] is not eligible for getting processed by all BeanPostProcessors (for example: not eligible for auto-proxying). Is this bean getting eagerly injected into a currently created BeanPostProcessor [lbRestClientPostProcessor]? Check the corresponding BeanPostProcessor declaration and its dependencies.
2026-06-24 10:01:07 [main] WARN  o.s.c.s.PostProcessorRegistrationDelegate$BeanPostProcessorChecker - Bean 'defaultsBindHandlerAdvisor' of type [org.springframework.cloud.commons.config.DefaultsBindHandlerAdvisor] is not eligible for getting processed by all BeanPostProcessors (for example: not eligible for auto-proxying). Is this bean getting eagerly injected into a currently created BeanPostProcessor [lbRestClientPostProcessor]? Check the corresponding BeanPostProcessor declaration and its dependencies.
2026-06-24 10:01:07 [main] WARN  o.s.c.s.PostProcessorRegistrationDelegate$BeanPostProcessorChecker - Bean 'spring.cloud.loadbalancer-org.springframework.cloud.client.loadbalancer.LoadBalancerClientsProperties' of type [org.springframework.cloud.client.loadbalancer.LoadBalancerClientsProperties] is not eligible for getting processed by all BeanPostProcessors (for example: not eligible for auto-proxying). Is this bean getting eagerly injected into a currently created BeanPostProcessor [lbRestClientPostProcessor]? Check the corresponding BeanPostProcessor declaration and its dependencies.
2026-06-24 10:01:07 [main] WARN  o.s.c.s.PostProcessorRegistrationDelegate$BeanPostProcessorChecker - Bean 'default.org.springframework.cloud.loadbalancer.config.LoadBalancerAutoConfiguration.LoadBalancerClientSpecification' of type [org.springframework.cloud.loadbalancer.annotation.LoadBalancerClientSpecification] is not eligible for getting processed by all BeanPostProcessors (for example: not eligible for auto-proxying). Is this bean getting eagerly injected into a currently created BeanPostProcessor [lbRestClientPostProcessor]? Check the corresponding BeanPostProcessor declaration and its dependencies.
2026-06-24 10:01:07 [main] WARN  o.s.c.s.PostProcessorRegistrationDelegate$BeanPostProcessorChecker - Bean 'default.org.springframework.cloud.loadbalancer.config.BlockingLoadBalancerClientAutoConfiguration.LoadBalancerClientSpecification' of type [org.springframework.cloud.loadbalancer.annotation.LoadBalancerClientSpecification] is not eligible for getting processed by all BeanPostProcessors (for example: not eligible for auto-proxying). Is this bean getting eagerly injected into a currently created BeanPostProcessor [lbRestClientPostProcessor]? Check the corresponding BeanPostProcessor declaration and its dependencies.
2026-06-24 10:01:07 [main] WARN  o.s.c.s.PostProcessorRegistrationDelegate$BeanPostProcessorChecker - Bean 'default.org.springframework.cloud.netflix.eureka.loadbalancer.LoadBalancerEurekaAutoConfiguration.LoadBalancerClientSpecification' of type [org.springframework.cloud.loadbalancer.annotation.LoadBalancerClientSpecification] is not eligible for getting processed by all BeanPostProcessors (for example: not eligible for auto-proxying). Is this bean getting eagerly injected into a currently created BeanPostProcessor [lbRestClientPostProcessor]? Check the corresponding BeanPostProcessor declaration and its dependencies.
2026-06-24 10:01:07 [main] WARN  o.s.c.s.PostProcessorRegistrationDelegate$BeanPostProcessorChecker - Bean 'loadBalancerClientFactory' of type [org.springframework.cloud.loadbalancer.support.LoadBalancerClientFactory] is not eligible for getting processed by all BeanPostProcessors (for example: not eligible for auto-proxying). Is this bean getting eagerly injected into a currently created BeanPostProcessor [lbRestClientPostProcessor]? Check the corresponding BeanPostProcessor declaration and its dependencies.
2026-06-24 10:01:07 [main] WARN  o.s.c.s.PostProcessorRegistrationDelegate$BeanPostProcessorChecker - Bean 'blockingLoadBalancerClient' of type [org.springframework.cloud.loadbalancer.blocking.client.BlockingLoadBalancerClient] is not eligible for getting processed by all BeanPostProcessors (for example: not eligible for auto-proxying). Is this bean getting eagerly injected into a currently created BeanPostProcessor [lbRestClientPostProcessor]? Check the corresponding BeanPostProcessor declaration and its dependencies.
2026-06-24 10:01:07 [main] WARN  o.s.c.s.PostProcessorRegistrationDelegate$BeanPostProcessorChecker - Bean 'loadBalancerServiceInstanceCookieTransformer' of type [org.springframework.cloud.loadbalancer.core.LoadBalancerServiceInstanceCookieTransformer] is not eligible for getting processed by all BeanPostProcessors (for example: not eligible for auto-proxying). Is this bean getting eagerly injected into a currently created BeanPostProcessor [lbRestClientPostProcessor]? Check the corresponding BeanPostProcessor declaration and its dependencies.
2026-06-24 10:01:07 [main] WARN  o.s.c.s.PostProcessorRegistrationDelegate$BeanPostProcessorChecker - Bean 'xForwarderHeadersTransformer' of type [org.springframework.cloud.loadbalancer.blocking.XForwardedHeadersTransformer] is not eligible for getting processed by all BeanPostProcessors (for example: not eligible for auto-proxying). Is this bean getting eagerly injected into a currently created BeanPostProcessor [lbRestClientPostProcessor]? Check the corresponding BeanPostProcessor declaration and its dependencies.
2026-06-24 10:01:07 [main] WARN  o.s.c.s.PostProcessorRegistrationDelegate$BeanPostProcessorChecker - Bean 'org.springframework.cloud.client.loadbalancer.LoadBalancerAutoConfiguration' of type [org.springframework.cloud.client.loadbalancer.LoadBalancerAutoConfiguration] is not eligible for getting processed by all BeanPostProcessors (for example: not eligible for auto-proxying). Is this bean getting eagerly injected into a currently created BeanPostProcessor [lbRestClientPostProcessor]? Check the corresponding BeanPostProcessor declaration and its dependencies.
2026-06-24 10:01:07 [main] WARN  o.s.c.s.PostProcessorRegistrationDelegate$BeanPostProcessorChecker - Bean 'loadBalancerRequestFactory' of type [org.springframework.cloud.client.loadbalancer.LoadBalancerRequestFactory] is not eligible for getting processed by all BeanPostProcessors (for example: not eligible for auto-proxying). Is this bean getting eagerly injected into a currently created BeanPostProcessor [lbRestClientPostProcessor]? Check the corresponding BeanPostProcessor declaration and its dependencies.
2026-06-24 10:01:07 [main] WARN  o.s.c.s.PostProcessorRegistrationDelegate$BeanPostProcessorChecker - Bean 'org.springframework.cloud.loadbalancer.config.BlockingLoadBalancerClientAutoConfiguration$BlockingLoadBalancerRetryConfig' of type [org.springframework.cloud.loadbalancer.config.BlockingLoadBalancerClientAutoConfiguration$BlockingLoadBalancerRetryConfig$$SpringCGLIB$$0] is not eligible for getting processed by all BeanPostProcessors (for example: not eligible for auto-proxying). Is this bean getting eagerly injected into a currently created BeanPostProcessor [lbRestClientPostProcessor]? Check the corresponding BeanPostProcessor declaration and its dependencies.
2026-06-24 10:01:07 [main] WARN  o.s.c.s.PostProcessorRegistrationDelegate$BeanPostProcessorChecker - Bean 'loadBalancedRetryFactory' of type [org.springframework.cloud.loadbalancer.blocking.retry.BlockingLoadBalancedRetryFactory] is not eligible for getting processed by all BeanPostProcessors (for example: not eligible for auto-proxying). Is this bean getting eagerly injected into a currently created BeanPostProcessor [lbRestClientPostProcessor]? Check the corresponding BeanPostProcessor declaration and its dependencies.
2026-06-24 10:01:07 [main] WARN  o.s.c.s.PostProcessorRegistrationDelegate$BeanPostProcessorChecker - Bean 'loadBalancerInterceptor' of type [org.springframework.cloud.client.loadbalancer.RetryLoadBalancerInterceptor] is not eligible for getting processed by all BeanPostProcessors (for example: not eligible for auto-proxying). Is this bean getting eagerly injected into a currently created BeanPostProcessor [lbRestClientPostProcessor]? Check the corresponding BeanPostProcessor declaration and its dependencies.
2026-06-24 10:01:08 [main] INFO  o.s.b.w.e.tomcat.TomcatWebServer - Tomcat initialized with port 8083 (http)
2026-06-24 10:01:08 [main] INFO  o.a.catalina.core.StandardService - Starting service [Tomcat]
2026-06-24 10:01:08 [main] INFO  o.a.catalina.core.StandardEngine - Starting Servlet engine: [Apache Tomcat/10.1.16]
2026-06-24 10:01:08 [main] INFO  o.a.c.c.C.[Tomcat].[localhost].[/] - Initializing Spring embedded WebApplicationContext
2026-06-24 10:01:08 [main] INFO  o.s.b.w.s.c.ServletWebServerApplicationContext - Root WebApplicationContext: initialization completed in 4461 ms
2026-06-24 10:01:09 [main] DEBUG c.f.o.s.JwtAuthenticationFilter - Filter 'jwtAuthenticationFilter' configured for use
2026-06-24 10:01:09 [main] INFO  o.h.jpa.internal.util.LogHelper - HHH000204: Processing PersistenceUnitInfo [name: default]
2026-06-24 10:01:09 [main] INFO  org.hibernate.Version - HHH000412: Hibernate ORM core version 6.3.1.Final
2026-06-24 10:01:10 [main] INFO  o.h.c.i.RegionFactoryInitiator - HHH000026: Second-level cache disabled
2026-06-24 10:01:10 [main] INFO  o.s.o.j.p.SpringPersistenceUnitInfo - No LoadTimeWeaver setup: ignoring JPA class transformer
2026-06-24 10:01:10 [main] INFO  com.zaxxer.hikari.HikariDataSource - OrderServiceHikariPool - Starting...
2026-06-24 10:01:10 [main] INFO  com.zaxxer.hikari.pool.HikariPool - OrderServiceHikariPool - Added connection org.postgresql.jdbc.PgConnection@752e50c6
2026-06-24 10:01:10 [main] INFO  com.zaxxer.hikari.HikariDataSource - OrderServiceHikariPool - Start completed.
2026-06-24 10:01:12 [main] INFO  o.h.e.t.j.p.i.JtaPlatformInitiator - HHH000489: No JTA platform available (set 'hibernate.transaction.jta.platform' to enable JTA platform integration)
2026-06-24 10:01:12 [main] INFO  o.s.o.j.LocalContainerEntityManagerFactoryBean - Initialized JPA EntityManagerFactory for persistence unit 'default'
2026-06-24 10:01:12 [main] INFO  o.s.d.j.r.query.QueryEnhancerFactory - Hibernate is in classpath; If applicable, HQL parser will be used.
2026-06-24 10:01:13 [main] INFO  o.s.c.o.FeignClientFactoryBean - For 'restaurant-service' URL not provided. Will try picking an instance via load-balancing.
2026-06-24 10:01:13 [main] INFO  o.s.c.o.FeignClientFactoryBean - For 'payment-service' URL not provided. Will try picking an instance via load-balancing.
2026-06-24 10:01:13 [main] INFO  o.s.c.o.FeignClientFactoryBean - For 'notification-service' URL not provided. Will try picking an instance via load-balancing.
2026-06-24 10:01:15 [main] WARN  o.s.b.a.s.s.UserDetailsServiceAutoConfiguration - 

Using generated security password: 25d7d3d0-ef93-4157-8995-d23f6a2d2779

This generated password is for development use only. Your security configuration must be updated before running your application in production.

2026-06-24 10:01:17 [main] INFO  o.s.b.a.e.web.EndpointLinksResolver - Exposing 10 endpoint(s) beneath base path '/actuator'
2026-06-24 10:01:17 [main] INFO  o.s.s.web.DefaultSecurityFilterChain - Will secure any request with [org.springframework.security.web.session.DisableEncodeUrlFilter@1ee590b7, org.springframework.security.web.context.request.async.WebAsyncManagerIntegrationFilter@6eeb6ef7, org.springframework.security.web.context.SecurityContextHolderFilter@5e3e27af, org.springframework.security.web.header.HeaderWriterFilter@5dd43e12, org.springframework.web.filter.CorsFilter@67aa004d, org.springframework.security.web.authentication.logout.LogoutFilter@730632bb, com.fooddelivery.order.security.JwtAuthenticationFilter@341df373, org.springframework.security.web.savedrequest.RequestCacheAwareFilter@45153059, org.springframework.security.web.servletapi.SecurityContextHolderAwareRequestFilter@4a0afaa4, org.springframework.security.web.authentication.AnonymousAuthenticationFilter@76a7f2fa, org.springframework.security.web.session.SessionManagementFilter@5982f78, org.springframework.security.web.access.ExceptionTranslationFilter@13c4af55, org.springframework.security.web.access.intercept.AuthorizationFilter@4de20c29]
2026-06-24 10:01:20 [main] INFO  o.s.c.n.e.c.DiscoveryClientOptionalArgsConfiguration - Eureka HTTP Client uses RestTemplate.
2026-06-24 10:01:20 [main] WARN  o.s.c.l.c.LoadBalancerCacheAutoConfiguration$LoadBalancerCaffeineWarnLogger - Spring Cloud LoadBalancer is currently working with the default cache. While this cache implementation is useful for development and tests, it's recommended to use Caffeine cache in production.You can switch to using Caffeine cache, by adding it and org.springframework.cache.caffeine.CaffeineCacheManager to the classpath.
2026-06-24 10:01:20 [main] INFO  o.s.c.n.eureka.InstanceInfoFactory - Setting initial instance status as: STARTING
2026-06-24 10:01:20 [main] INFO  c.netflix.discovery.DiscoveryClient - Initializing Eureka in region us-east-1
2026-06-24 10:01:20 [main] INFO  c.n.d.s.r.aws.ConfigClusterResolver - Resolving eureka endpoints via configuration
2026-06-24 10:01:20 [main] INFO  c.netflix.discovery.DiscoveryClient - Disable delta property : false
2026-06-24 10:01:20 [main] INFO  c.netflix.discovery.DiscoveryClient - Single vip registry refresh property : null
2026-06-24 10:01:20 [main] INFO  c.netflix.discovery.DiscoveryClient - Force full registry fetch : false
2026-06-24 10:01:20 [main] INFO  c.netflix.discovery.DiscoveryClient - Application is null : false
2026-06-24 10:01:20 [main] INFO  c.netflix.discovery.DiscoveryClient - Registered Applications size is zero : true
2026-06-24 10:01:20 [main] INFO  c.netflix.discovery.DiscoveryClient - Application version is -1: true
2026-06-24 10:01:20 [main] INFO  c.netflix.discovery.DiscoveryClient - Getting all instance registry info from the eureka server
2026-06-24 10:01:20 [main] INFO  c.netflix.discovery.DiscoveryClient - The response status is 200
2026-06-24 10:01:20 [main] INFO  c.netflix.discovery.DiscoveryClient - Starting heartbeat executor: renew interval is: 10
2026-06-24 10:01:20 [main] INFO  c.n.discovery.InstanceInfoReplicator - InstanceInfoReplicator onDemand update allowed rate per min is 4
2026-06-24 10:01:20 [main] INFO  c.netflix.discovery.DiscoveryClient - Discovery Client initialized at timestamp 1782275480809 with initial instances count: 4
2026-06-24 10:01:20 [main] INFO  o.s.c.n.e.s.EurekaServiceRegistry - Registering application ORDER-SERVICE with eureka with status UP
2026-06-24 10:01:20 [main] INFO  c.netflix.discovery.DiscoveryClient - Saw local status change event StatusChangeEvent [timestamp=1782275480831, current=UP, previous=STARTING]
2026-06-24 10:01:20 [DiscoveryClient-InstanceInfoReplicator-0] INFO  c.netflix.discovery.DiscoveryClient - DiscoveryClient_ORDER-SERVICE/order-service:6205002202b88216ca59493665e3fdc9: registering service...
2026-06-24 10:01:20 [main] INFO  o.s.b.w.e.tomcat.TomcatWebServer - Tomcat started on port 8083 (http) with context path ''
2026-06-24 10:01:20 [main] INFO  o.s.c.n.e.s.EurekaAutoServiceRegistration - Updating port to 8083
2026-06-24 10:01:20 [DiscoveryClient-InstanceInfoReplicator-0] INFO  c.netflix.discovery.DiscoveryClient - DiscoveryClient_ORDER-SERVICE/order-service:6205002202b88216ca59493665e3fdc9 - registration status: 204
2026-06-24 10:01:21 [main] INFO  o.s.a.r.c.CachingConnectionFactory - Attempting to connect to: [localhost:5672]
2026-06-24 10:01:21 [main] INFO  o.s.a.r.c.CachingConnectionFactory - Created new connection: rabbitConnectionFactory#2e042c93:0/SimpleConnection@2a2883f [delegate=amqp://guest@127.0.0.1:5672/, localPort=55856]
2026-06-24 10:01:21 [main] INFO  o.s.amqp.rabbit.core.RabbitAdmin - Auto-declaring a non-durable or auto-delete Exchange (order.exchange) durable:false, auto-delete:false. It will be deleted by the broker if it shuts down, and can be redeclared by closing and reopening the connection.
2026-06-24 10:01:21 [main] INFO  o.s.amqp.rabbit.core.RabbitAdmin - Auto-declaring a non-durable or auto-delete Exchange (payment.exchange) durable:false, auto-delete:false. It will be deleted by the broker if it shuts down, and can be redeclared by closing and reopening the connection.
2026-06-24 10:01:21 [main] INFO  o.s.amqp.rabbit.core.RabbitAdmin - Auto-declaring a non-durable or auto-delete Exchange (restaurant.exchange) durable:false, auto-delete:false. It will be deleted by the broker if it shuts down, and can be redeclared by closing and reopening the connection.
2026-06-24 10:01:21 [main] INFO  o.s.amqp.rabbit.core.RabbitAdmin - Auto-declaring a non-durable or auto-delete Exchange (notification.exchange) durable:false, auto-delete:false. It will be deleted by the broker if it shuts down, and can be redeclared by closing and reopening the connection.
2026-06-24 10:01:21 [main] INFO  o.s.amqp.rabbit.core.RabbitAdmin - Auto-declaring a non-durable or auto-delete Exchange (dlx.exchange) durable:false, auto-delete:false. It will be deleted by the broker if it shuts down, and can be redeclared by closing and reopening the connection.
2026-06-24 10:01:21 [main] INFO  o.s.amqp.rabbit.core.RabbitAdmin - Auto-declaring a non-durable, auto-delete, or exclusive Queue (order.created.queue) durable:false, auto-delete:false, exclusive:false. It will be redeclared if the broker stops and is restarted while the connection factory is alive, but all messages will be lost.
2026-06-24 10:01:21 [main] INFO  o.s.amqp.rabbit.core.RabbitAdmin - Auto-declaring a non-durable, auto-delete, or exclusive Queue (order.confirmed.queue) durable:false, auto-delete:false, exclusive:false. It will be redeclared if the broker stops and is restarted while the connection factory is alive, but all messages will be lost.
2026-06-24 10:01:21 [main] INFO  o.s.amqp.rabbit.core.RabbitAdmin - Auto-declaring a non-durable, auto-delete, or exclusive Queue (order.cancelled.queue) durable:false, auto-delete:false, exclusive:false. It will be redeclared if the broker stops and is restarted while the connection factory is alive, but all messages will be lost.
2026-06-24 10:01:21 [main] INFO  o.s.amqp.rabbit.core.RabbitAdmin - Auto-declaring a non-durable, auto-delete, or exclusive Queue (payment.success.queue) durable:false, auto-delete:false, exclusive:false. It will be redeclared if the broker stops and is restarted while the connection factory is alive, but all messages will be lost.
2026-06-24 10:01:21 [main] INFO  o.s.amqp.rabbit.core.RabbitAdmin - Auto-declaring a non-durable, auto-delete, or exclusive Queue (payment.failed.queue) durable:false, auto-delete:false, exclusive:false. It will be redeclared if the broker stops and is restarted while the connection factory is alive, but all messages will be lost.
2026-06-24 10:01:21 [main] INFO  o.s.amqp.rabbit.core.RabbitAdmin - Auto-declaring a non-durable, auto-delete, or exclusive Queue (payment.refund.queue) durable:false, auto-delete:false, exclusive:false. It will be redeclared if the broker stops and is restarted while the connection factory is alive, but all messages will be lost.
2026-06-24 10:01:21 [main] INFO  o.s.amqp.rabbit.core.RabbitAdmin - Auto-declaring a non-durable, auto-delete, or exclusive Queue (restaurant.accepted.queue) durable:false, auto-delete:false, exclusive:false. It will be redeclared if the broker stops and is restarted while the connection factory is alive, but all messages will be lost.
2026-06-24 10:01:21 [main] INFO  o.s.amqp.rabbit.core.RabbitAdmin - Auto-declaring a non-durable, auto-delete, or exclusive Queue (restaurant.rejected.queue) durable:false, auto-delete:false, exclusive:false. It will be redeclared if the broker stops and is restarted while the connection factory is alive, but all messages will be lost.
2026-06-24 10:01:22 [main] INFO  c.f.order.OrderServiceApplication - Started OrderServiceApplication in 20.53 seconds (process running for 21.871)
2026-06-24 10:01:22 [scheduling-1] DEBUG org.hibernate.SQL - 
    /* <criteria> */ select
        oe1_0.id,
        oe1_0.created_at,
        oe1_0.event_id,
        oe1_0.event_type,
        oe1_0.exchange,
        oe1_0.payload,
        oe1_0.published_at,
        oe1_0.retry_count,
        oe1_0.routing_key,
        oe1_0.status 
    from
        outbox_events oe1_0 
    where
        oe1_0.status=? 
        and oe1_0.retry_count<?
2026-06-24 10:01:24 [http-nio-8083-exec-1] INFO  o.a.c.c.C.[Tomcat].[localhost].[/] - Initializing Spring DispatcherServlet 'dispatcherServlet'
2026-06-24 10:01:24 [http-nio-8083-exec-1] INFO  o.s.web.servlet.DispatcherServlet - Initializing Servlet 'dispatcherServlet'
2026-06-24 10:01:24 [http-nio-8083-exec-1] INFO  o.s.web.servlet.DispatcherServlet - Completed initialization in 2 ms
2026-06-24 10:01:24 [http-nio-8083-exec-1] WARN  o.s.w.s.h.HandlerMappingIntrospector - Cache miss for REQUEST dispatch to '/actuator/prometheus' (previous null). Performing MatchableHandlerMapping lookup. This is logged once only at WARN level, and every time at TRACE.
2026-06-24 10:01:27 [scheduling-1] DEBUG org.hibernate.SQL - 
    /* <criteria> */ select
        oe1_0.id,
        oe1_0.created_at,
        oe1_0.event_id,
        oe1_0.event_type,
        oe1_0.exchange,
        oe1_0.payload,
        oe1_0.published_at,
        oe1_0.retry_count,
        oe1_0.routing_key,
        oe1_0.status 
    from
        outbox_events oe1_0 
    where
        oe1_0.status=? 
        and oe1_0.retry_count<?
2026-06-24 10:01:32 [scheduling-1] DEBUG org.hibernate.SQL - 
    /* <criteria> */ select
        oe1_0.id,
        oe1_0.created_at,
        oe1_0.event_id,
        oe1_0.event_type,
        oe1_0.exchange,
        oe1_0.payload,
        oe1_0.published_at,
        oe1_0.retry_count,
        oe1_0.routing_key,
        oe1_0.status 
    from
        outbox_events oe1_0 
    where
        oe1_0.status=? 
        and oe1_0.retry_count<?
2026-06-24 10:01:37 [scheduling-1] DEBUG org.hibernate.SQL - 
    /* <criteria> */ select
        oe1_0.id,
        oe1_0.created_at,
        oe1_0.event_id,
        oe1_0.event_type,
        oe1_0.exchange,
        oe1_0.payload,
        oe1_0.published_at,
        oe1_0.retry_count,
        oe1_0.routing_key,
        oe1_0.status 
    from
        outbox_events oe1_0 
    where
        oe1_0.status=? 
        and oe1_0.retry_count<?
2026-06-24 10:01:42 [scheduling-1] DEBUG org.hibernate.SQL - 
    /* <criteria> */ select
        oe1_0.id,
        oe1_0.created_at,
        oe1_0.event_id,
        oe1_0.event_type,
        oe1_0.exchange,
        oe1_0.payload,
        oe1_0.published_at,
        oe1_0.retry_count,
        oe1_0.routing_key,
        oe1_0.status 
    from
        outbox_events oe1_0 
    where
        oe1_0.status=? 
        and oe1_0.retry_count<?
2026-06-24 10:01:47 [scheduling-1] DEBUG org.hibernate.SQL - 
    /* <criteria> */ select
        oe1_0.id,
        oe1_0.created_at,
        oe1_0.event_id,
        oe1_0.event_type,
        oe1_0.exchange,
        oe1_0.payload,
        oe1_0.published_at,
        oe1_0.retry_count,
        oe1_0.routing_key,
        oe1_0.status 
    from
        outbox_events oe1_0 
    where
        oe1_0.status=? 
        and oe1_0.retry_count<?
2026-06-24 10:01:52 [scheduling-1] DEBUG org.hibernate.SQL - 
    /* <criteria> */ select
        oe1_0.id,
        oe1_0.created_at,
        oe1_0.event_id,
        oe1_0.event_type,
        oe1_0.exchange,
        oe1_0.payload,
        oe1_0.published_at,
        oe1_0.retry_count,
        oe1_0.routing_key,
        oe1_0.status 
    from
        outbox_events oe1_0 
    where
        oe1_0.status=? 
        and oe1_0.retry_count<?
2026-06-24 10:01:57 [scheduling-1] DEBUG org.hibernate.SQL - 
    /* <criteria> */ select
        oe1_0.id,
        oe1_0.created_at,
        oe1_0.event_id,
        oe1_0.event_type,
        oe1_0.exchange,
        oe1_0.payload,
        oe1_0.published_at,
        oe1_0.retry_count,
        oe1_0.routing_key,
        oe1_0.status 
    from
        outbox_events oe1_0 
    where
        oe1_0.status=? 
        and oe1_0.retry_count<?
2026-06-24 10:02:02 [scheduling-1] DEBUG org.hibernate.SQL - 
    /* <criteria> */ select
        oe1_0.id,
        oe1_0.created_at,
        oe1_0.event_id,
        oe1_0.event_type,
        oe1_0.exchange,
        oe1_0.payload,
        oe1_0.published_at,
        oe1_0.retry_count,
        oe1_0.routing_key,
        oe1_0.status 
    from
        outbox_events oe1_0 
    where
        oe1_0.status=? 
        and oe1_0.retry_count<?
2026-06-24 10:02:07 [scheduling-1] DEBUG org.hibernate.SQL - 
    /* <criteria> */ select
        oe1_0.id,
        oe1_0.created_at,
        oe1_0.event_id,
        oe1_0.event_type,
        oe1_0.exchange,
        oe1_0.payload,
        oe1_0.published_at,
        oe1_0.retry_count,
        oe1_0.routing_key,
        oe1_0.status 
    from
        outbox_events oe1_0 
    where
        oe1_0.status=? 
        and oe1_0.retry_count<?
2026-06-24 10:02:12 [scheduling-1] DEBUG org.hibernate.SQL - 
    /* <criteria> */ select
        oe1_0.id,
        oe1_0.created_at,
        oe1_0.event_id,
        oe1_0.event_type,
        oe1_0.exchange,
        oe1_0.payload,
        oe1_0.published_at,
        oe1_0.retry_count,
        oe1_0.routing_key,
        oe1_0.status 
    from
        outbox_events oe1_0 
    where
        oe1_0.status=? 
        and oe1_0.retry_count<?
2026-06-24 10:02:17 [scheduling-1] DEBUG org.hibernate.SQL - 
    /* <criteria> */ select
        oe1_0.id,
        oe1_0.created_at,
        oe1_0.event_id,
        oe1_0.event_type,
        oe1_0.exchange,
        oe1_0.payload,
        oe1_0.published_at,
        oe1_0.retry_count,
        oe1_0.routing_key,
        oe1_0.status 
    from
        outbox_events oe1_0 
    where
        oe1_0.status=? 
        and oe1_0.retry_count<?
2026-06-24 10:02:22 [scheduling-1] DEBUG org.hibernate.SQL - 
    /* <criteria> */ select
        oe1_0.id,
        oe1_0.created_at,
        oe1_0.event_id,
        oe1_0.event_type,
        oe1_0.exchange,
        oe1_0.payload,
        oe1_0.published_at,
        oe1_0.retry_count,
        oe1_0.routing_key,
        oe1_0.status 
    from
        outbox_events oe1_0 
    where
        oe1_0.status=? 
        and oe1_0.retry_count<?
2026-06-24 10:02:27 [scheduling-1] DEBUG org.hibernate.SQL - 
    /* <criteria> */ select
        oe1_0.id,
        oe1_0.created_at,
        oe1_0.event_id,
        oe1_0.event_type,
        oe1_0.exchange,
        oe1_0.payload,
        oe1_0.published_at,
        oe1_0.retry_count,
        oe1_0.routing_key,
        oe1_0.status 
    from
        outbox_events oe1_0 
    where
        oe1_0.status=? 
        and oe1_0.retry_count<?
2026-06-24 10:02:32 [scheduling-1] DEBUG org.hibernate.SQL - 
    /* <criteria> */ select
        oe1_0.id,
        oe1_0.created_at,
        oe1_0.event_id,
        oe1_0.event_type,
        oe1_0.exchange,
        oe1_0.payload,
        oe1_0.published_at,
        oe1_0.retry_count,
        oe1_0.routing_key,
        oe1_0.status 
    from
        outbox_events oe1_0 
    where
        oe1_0.status=? 
        and oe1_0.retry_count<?
2026-06-24 10:02:37 [scheduling-1] DEBUG org.hibernate.SQL - 
    /* <criteria> */ select
        oe1_0.id,
        oe1_0.created_at,
        oe1_0.event_id,
        oe1_0.event_type,
        oe1_0.exchange,
        oe1_0.payload,
        oe1_0.published_at,
        oe1_0.retry_count,
        oe1_0.routing_key,
        oe1_0.status 
    from
        outbox_events oe1_0 
    where
        oe1_0.status=? 
        and oe1_0.retry_count<?
2026-06-24 10:02:42 [scheduling-1] DEBUG org.hibernate.SQL - 
    /* <criteria> */ select
        oe1_0.id,
        oe1_0.created_at,
        oe1_0.event_id,
        oe1_0.event_type,
        oe1_0.exchange,
        oe1_0.payload,
        oe1_0.published_at,
        oe1_0.retry_count,
        oe1_0.routing_key,
        oe1_0.status 
    from
        outbox_events oe1_0 
    where
        oe1_0.status=? 
        and oe1_0.retry_count<?
2026-06-24 10:02:47 [scheduling-1] DEBUG org.hibernate.SQL - 
    /* <criteria> */ select
        oe1_0.id,
        oe1_0.created_at,
        oe1_0.event_id,
        oe1_0.event_type,
        oe1_0.exchange,
        oe1_0.payload,
        oe1_0.published_at,
        oe1_0.retry_count,
        oe1_0.routing_key,
        oe1_0.status 
    from
        outbox_events oe1_0 
    where
        oe1_0.status=? 
        and oe1_0.retry_count<?
2026-06-24 10:02:52 [scheduling-1] DEBUG org.hibernate.SQL - 
    /* <criteria> */ select
        oe1_0.id,
        oe1_0.created_at,
        oe1_0.event_id,
        oe1_0.event_type,
        oe1_0.exchange,
        oe1_0.payload,
        oe1_0.published_at,
        oe1_0.retry_count,
        oe1_0.routing_key,
        oe1_0.status 
    from
        outbox_events oe1_0 
    where
        oe1_0.status=? 
        and oe1_0.retry_count<?
2026-06-24 10:02:57 [scheduling-1] DEBUG org.hibernate.SQL - 
    /* <criteria> */ select
        oe1_0.id,
        oe1_0.created_at,
        oe1_0.event_id,
        oe1_0.event_type,
        oe1_0.exchange,
        oe1_0.payload,
        oe1_0.published_at,
        oe1_0.retry_count,
        oe1_0.routing_key,
        oe1_0.status 
    from
        outbox_events oe1_0 
    where
        oe1_0.status=? 
        and oe1_0.retry_count<?
2026-06-24 10:03:02 [scheduling-1] DEBUG org.hibernate.SQL - 
    /* <criteria> */ select
        oe1_0.id,
        oe1_0.created_at,
        oe1_0.event_id,
        oe1_0.event_type,
        oe1_0.exchange,
        oe1_0.payload,
        oe1_0.published_at,
        oe1_0.retry_count,
        oe1_0.routing_key,
        oe1_0.status 
    from
        outbox_events oe1_0 
    where
        oe1_0.status=? 
        and oe1_0.retry_count<?
2026-06-24 10:03:07 [scheduling-1] DEBUG org.hibernate.SQL - 
    /* <criteria> */ select
        oe1_0.id,
        oe1_0.created_at,
        oe1_0.event_id,
        oe1_0.event_type,
        oe1_0.exchange,
        oe1_0.payload,
        oe1_0.published_at,
        oe1_0.retry_count,
        oe1_0.routing_key,
        oe1_0.status 
    from
        outbox_events oe1_0 
    where
        oe1_0.status=? 
        and oe1_0.retry_count<?
2026-06-24 10:03:12 [scheduling-1] DEBUG org.hibernate.SQL - 
    /* <criteria> */ select
        oe1_0.id,
        oe1_0.created_at,
        oe1_0.event_id,
        oe1_0.event_type,
        oe1_0.exchange,
        oe1_0.payload,
        oe1_0.published_at,
        oe1_0.retry_count,
        oe1_0.routing_key,
        oe1_0.status 
    from
        outbox_events oe1_0 
    where
        oe1_0.status=? 
        and oe1_0.retry_count<?
2026-06-24 10:03:17 [scheduling-1] DEBUG org.hibernate.SQL - 
    /* <criteria> */ select
        oe1_0.id,
        oe1_0.created_at,
        oe1_0.event_id,
        oe1_0.event_type,
        oe1_0.exchange,
        oe1_0.payload,
        oe1_0.published_at,
        oe1_0.retry_count,
        oe1_0.routing_key,
        oe1_0.status 
    from
        outbox_events oe1_0 
    where
        oe1_0.status=? 
        and oe1_0.retry_count<?
2026-06-24 10:03:22 [scheduling-1] DEBUG org.hibernate.SQL - 
    /* <criteria> */ select
        oe1_0.id,
        oe1_0.created_at,
        oe1_0.event_id,
        oe1_0.event_type,
        oe1_0.exchange,
        oe1_0.payload,
        oe1_0.published_at,
        oe1_0.retry_count,
        oe1_0.routing_key,
        oe1_0.status 
    from
        outbox_events oe1_0 
    where
        oe1_0.status=? 
        and oe1_0.retry_count<?
2026-06-24 10:03:27 [scheduling-1] DEBUG org.hibernate.SQL - 
    /* <criteria> */ select
        oe1_0.id,
        oe1_0.created_at,
        oe1_0.event_id,
        oe1_0.event_type,
        oe1_0.exchange,
        oe1_0.payload,
        oe1_0.published_at,
        oe1_0.retry_count,
        oe1_0.routing_key,
        oe1_0.status 
    from
        outbox_events oe1_0 
    where
        oe1_0.status=? 
        and oe1_0.retry_count<?
2026-06-24 10:03:32 [scheduling-1] DEBUG org.hibernate.SQL - 
    /* <criteria> */ select
        oe1_0.id,
        oe1_0.created_at,
        oe1_0.event_id,
        oe1_0.event_type,
        oe1_0.exchange,
        oe1_0.payload,
        oe1_0.published_at,
        oe1_0.retry_count,
        oe1_0.routing_key,
        oe1_0.status 
    from
        outbox_events oe1_0 
    where
        oe1_0.status=? 
        and oe1_0.retry_count<?
2026-06-24 10:03:37 [scheduling-1] DEBUG org.hibernate.SQL - 
    /* <criteria> */ select
        oe1_0.id,
        oe1_0.created_at,
        oe1_0.event_id,
        oe1_0.event_type,
        oe1_0.exchange,
        oe1_0.payload,
        oe1_0.published_at,
        oe1_0.retry_count,
        oe1_0.routing_key,
        oe1_0.status 
    from
        outbox_events oe1_0 
    where
        oe1_0.status=? 
        and oe1_0.retry_count<?
2026-06-24 10:03:42 [scheduling-1] DEBUG org.hibernate.SQL - 
    /* <criteria> */ select
        oe1_0.id,
        oe1_0.created_at,
        oe1_0.event_id,
        oe1_0.event_type,
        oe1_0.exchange,
        oe1_0.payload,
        oe1_0.published_at,
        oe1_0.retry_count,
        oe1_0.routing_key,
        oe1_0.status 
    from
        outbox_events oe1_0 
    where
        oe1_0.status=? 
        and oe1_0.retry_count<?
2026-06-24 10:03:48 [scheduling-1] DEBUG org.hibernate.SQL - 
    /* <criteria> */ select
        oe1_0.id,
        oe1_0.created_at,
        oe1_0.event_id,
        oe1_0.event_type,
        oe1_0.exchange,
        oe1_0.payload,
        oe1_0.published_at,
        oe1_0.retry_count,
        oe1_0.routing_key,
        oe1_0.status 
    from
        outbox_events oe1_0 
    where
        oe1_0.status=? 
        and oe1_0.retry_count<?
2026-06-24 10:03:53 [scheduling-1] DEBUG org.hibernate.SQL - 
    /* <criteria> */ select
        oe1_0.id,
        oe1_0.created_at,
        oe1_0.event_id,
        oe1_0.event_type,
        oe1_0.exchange,
        oe1_0.payload,
        oe1_0.published_at,
        oe1_0.retry_count,
        oe1_0.routing_key,
        oe1_0.status 
    from
        outbox_events oe1_0 
    where
        oe1_0.status=? 
        and oe1_0.retry_count<?
2026-06-24 10:03:58 [scheduling-1] DEBUG org.hibernate.SQL - 
    /* <criteria> */ select
        oe1_0.id,
        oe1_0.created_at,
        oe1_0.event_id,
        oe1_0.event_type,
        oe1_0.exchange,
        oe1_0.payload,
        oe1_0.published_at,
        oe1_0.retry_count,
        oe1_0.routing_key,
        oe1_0.status 
    from
        outbox_events oe1_0 
    where
        oe1_0.status=? 
        and oe1_0.retry_count<?
2026-06-24 10:04:03 [scheduling-1] DEBUG org.hibernate.SQL - 
    /* <criteria> */ select
        oe1_0.id,
        oe1_0.created_at,
        oe1_0.event_id,
        oe1_0.event_type,
        oe1_0.exchange,
        oe1_0.payload,
        oe1_0.published_at,
        oe1_0.retry_count,
        oe1_0.routing_key,
        oe1_0.status 
    from
        outbox_events oe1_0 
    where
        oe1_0.status=? 
        and oe1_0.retry_count<?
2026-06-24 10:04:08 [scheduling-1] DEBUG org.hibernate.SQL - 
    /* <criteria> */ select
        oe1_0.id,
        oe1_0.created_at,
        oe1_0.event_id,
        oe1_0.event_type,
        oe1_0.exchange,
        oe1_0.payload,
        oe1_0.published_at,
        oe1_0.retry_count,
        oe1_0.routing_key,
        oe1_0.status 
    from
        outbox_events oe1_0 
    where
        oe1_0.status=? 
        and oe1_0.retry_count<?
2026-06-24 10:04:13 [scheduling-1] DEBUG org.hibernate.SQL - 
    /* <criteria> */ select
        oe1_0.id,
        oe1_0.created_at,
        oe1_0.event_id,
        oe1_0.event_type,
        oe1_0.exchange,
        oe1_0.payload,
        oe1_0.published_at,
        oe1_0.retry_count,
        oe1_0.routing_key,
        oe1_0.status 
    from
        outbox_events oe1_0 
    where
        oe1_0.status=? 
        and oe1_0.retry_count<?
2026-06-24 10:04:18 [scheduling-1] DEBUG org.hibernate.SQL - 
    /* <criteria> */ select
        oe1_0.id,
        oe1_0.created_at,
        oe1_0.event_id,
        oe1_0.event_type,
        oe1_0.exchange,
        oe1_0.payload,
        oe1_0.published_at,
        oe1_0.retry_count,
        oe1_0.routing_key,
        oe1_0.status 
    from
        outbox_events oe1_0 
    where
        oe1_0.status=? 
        and oe1_0.retry_count<?
2026-06-24 10:04:23 [scheduling-1] DEBUG org.hibernate.SQL - 
    /* <criteria> */ select
        oe1_0.id,
        oe1_0.created_at,
        oe1_0.event_id,
        oe1_0.event_type,
        oe1_0.exchange,
        oe1_0.payload,
        oe1_0.published_at,
        oe1_0.retry_count,
        oe1_0.routing_key,
        oe1_0.status 
    from
        outbox_events oe1_0 
    where
        oe1_0.status=? 
        and oe1_0.retry_count<?
2026-06-24 10:04:28 [scheduling-1] DEBUG org.hibernate.SQL - 
    /* <criteria> */ select
        oe1_0.id,
        oe1_0.created_at,
        oe1_0.event_id,
        oe1_0.event_type,
        oe1_0.exchange,
        oe1_0.payload,
        oe1_0.published_at,
        oe1_0.retry_count,
        oe1_0.routing_key,
        oe1_0.status 
    from
        outbox_events oe1_0 
    where
        oe1_0.status=? 
        and oe1_0.retry_count<?
2026-06-24 10:04:33 [scheduling-1] DEBUG org.hibernate.SQL - 
    /* <criteria> */ select
        oe1_0.id,
        oe1_0.created_at,
        oe1_0.event_id,
        oe1_0.event_type,
        oe1_0.exchange,
        oe1_0.payload,
        oe1_0.published_at,
        oe1_0.retry_count,
        oe1_0.routing_key,
        oe1_0.status 
    from
        outbox_events oe1_0 
    where
        oe1_0.status=? 
        and oe1_0.retry_count<?
2026-06-24 10:04:38 [scheduling-1] DEBUG org.hibernate.SQL - 
    /* <criteria> */ select
        oe1_0.id,
        oe1_0.created_at,
        oe1_0.event_id,
        oe1_0.event_type,
        oe1_0.exchange,
        oe1_0.payload,
        oe1_0.published_at,
        oe1_0.retry_count,
        oe1_0.routing_key,
        oe1_0.status 
    from
        outbox_events oe1_0 
    where
        oe1_0.status=? 
        and oe1_0.retry_count<?
2026-06-24 10:04:43 [scheduling-1] DEBUG org.hibernate.SQL - 
    /* <criteria> */ select
        oe1_0.id,
        oe1_0.created_at,
        oe1_0.event_id,
        oe1_0.event_type,
        oe1_0.exchange,
        oe1_0.payload,
        oe1_0.published_at,
        oe1_0.retry_count,
        oe1_0.routing_key,
        oe1_0.status 
    from
        outbox_events oe1_0 
    where
        oe1_0.status=? 
        and oe1_0.retry_count<?
2026-06-24 10:04:48 [scheduling-1] DEBUG org.hibernate.SQL - 
    /* <criteria> */ select
        oe1_0.id,
        oe1_0.created_at,
        oe1_0.event_id,
        oe1_0.event_type,
        oe1_0.exchange,
        oe1_0.payload,
        oe1_0.published_at,
        oe1_0.retry_count,
        oe1_0.routing_key,
        oe1_0.status 
    from
        outbox_events oe1_0 
    where
        oe1_0.status=? 
        and oe1_0.retry_count<?
2026-06-24 10:04:53 [scheduling-1] DEBUG org.hibernate.SQL - 
    /* <criteria> */ select
        oe1_0.id,
        oe1_0.created_at,
        oe1_0.event_id,
        oe1_0.event_type,
        oe1_0.exchange,
        oe1_0.payload,
        oe1_0.published_at,
        oe1_0.retry_count,
        oe1_0.routing_key,
        oe1_0.status 
    from
        outbox_events oe1_0 
    where
        oe1_0.status=? 
        and oe1_0.retry_count<?
2026-06-24 10:04:58 [scheduling-1] DEBUG org.hibernate.SQL - 
    /* <criteria> */ select
        oe1_0.id,
        oe1_0.created_at,
        oe1_0.event_id,
        oe1_0.event_type,
        oe1_0.exchange,
        oe1_0.payload,
        oe1_0.published_at,
        oe1_0.retry_count,
        oe1_0.routing_key,
        oe1_0.status 
    from
        outbox_events oe1_0 
    where
        oe1_0.status=? 
        and oe1_0.retry_count<?
2026-06-24 10:05:03 [scheduling-1] DEBUG org.hibernate.SQL - 
    /* <criteria> */ select
        oe1_0.id,
        oe1_0.created_at,
        oe1_0.event_id,
        oe1_0.event_type,
        oe1_0.exchange,
        oe1_0.payload,
        oe1_0.published_at,
        oe1_0.retry_count,
        oe1_0.routing_key,
        oe1_0.status 
    from
        outbox_events oe1_0 
    where
        oe1_0.status=? 
        and oe1_0.retry_count<?
2026-06-24 10:05:08 [scheduling-1] DEBUG org.hibernate.SQL - 
    /* <criteria> */ select
        oe1_0.id,
        oe1_0.created_at,
        oe1_0.event_id,
        oe1_0.event_type,
        oe1_0.exchange,
        oe1_0.payload,
        oe1_0.published_at,
        oe1_0.retry_count,
        oe1_0.routing_key,
        oe1_0.status 
    from
        outbox_events oe1_0 
    where
        oe1_0.status=? 
        and oe1_0.retry_count<?
2026-06-24 10:05:13 [scheduling-1] DEBUG org.hibernate.SQL - 
    /* <criteria> */ select
        oe1_0.id,
        oe1_0.created_at,
        oe1_0.event_id,
        oe1_0.event_type,
        oe1_0.exchange,
        oe1_0.payload,
        oe1_0.published_at,
        oe1_0.retry_count,
        oe1_0.routing_key,
        oe1_0.status 
    from
        outbox_events oe1_0 
    where
        oe1_0.status=? 
        and oe1_0.retry_count<?
2026-06-24 10:05:18 [scheduling-1] DEBUG org.hibernate.SQL - 
    /* <criteria> */ select
        oe1_0.id,
        oe1_0.created_at,
        oe1_0.event_id,
        oe1_0.event_type,
        oe1_0.exchange,
        oe1_0.payload,
        oe1_0.published_at,
        oe1_0.retry_count,
        oe1_0.routing_key,
        oe1_0.status 
    from
        outbox_events oe1_0 
    where
        oe1_0.status=? 
        and oe1_0.retry_count<?
2026-06-24 10:05:23 [scheduling-1] DEBUG org.hibernate.SQL - 
    /* <criteria> */ select
        oe1_0.id,
        oe1_0.created_at,
        oe1_0.event_id,
        oe1_0.event_type,
        oe1_0.exchange,
        oe1_0.payload,
        oe1_0.published_at,
        oe1_0.retry_count,
        oe1_0.routing_key,
        oe1_0.status 
    from
        outbox_events oe1_0 
    where
        oe1_0.status=? 
        and oe1_0.retry_count<?
2026-06-24 10:05:28 [scheduling-1] DEBUG org.hibernate.SQL - 
    /* <criteria> */ select
        oe1_0.id,
        oe1_0.created_at,
        oe1_0.event_id,
        oe1_0.event_type,
        oe1_0.exchange,
        oe1_0.payload,
        oe1_0.published_at,
        oe1_0.retry_count,
        oe1_0.routing_key,
        oe1_0.status 
    from
        outbox_events oe1_0 
    where
        oe1_0.status=? 
        and oe1_0.retry_count<?
2026-06-24 10:05:33 [scheduling-1] DEBUG org.hibernate.SQL - 
    /* <criteria> */ select
        oe1_0.id,
        oe1_0.created_at,
        oe1_0.event_id,
        oe1_0.event_type,
        oe1_0.exchange,
        oe1_0.payload,
        oe1_0.published_at,
        oe1_0.retry_count,
        oe1_0.routing_key,
        oe1_0.status 
    from
        outbox_events oe1_0 
    where
        oe1_0.status=? 
        and oe1_0.retry_count<?
2026-06-24 10:05:38 [scheduling-1] DEBUG org.hibernate.SQL - 
    /* <criteria> */ select
        oe1_0.id,
        oe1_0.created_at,
        oe1_0.event_id,
        oe1_0.event_type,
        oe1_0.exchange,
        oe1_0.payload,
        oe1_0.published_at,
        oe1_0.retry_count,
        oe1_0.routing_key,
        oe1_0.status 
    from
        outbox_events oe1_0 
    where
        oe1_0.status=? 
        and oe1_0.retry_count<?
2026-06-24 10:05:43 [scheduling-1] DEBUG org.hibernate.SQL - 
    /* <criteria> */ select
        oe1_0.id,
        oe1_0.created_at,
        oe1_0.event_id,
        oe1_0.event_type,
        oe1_0.exchange,
        oe1_0.payload,
        oe1_0.published_at,
        oe1_0.retry_count,
        oe1_0.routing_key,
        oe1_0.status 
    from
        outbox_events oe1_0 
    where
        oe1_0.status=? 
        and oe1_0.retry_count<?
2026-06-24 10:05:48 [scheduling-1] DEBUG org.hibernate.SQL - 
    /* <criteria> */ select
        oe1_0.id,
        oe1_0.created_at,
        oe1_0.event_id,
        oe1_0.event_type,
        oe1_0.exchange,
        oe1_0.payload,
        oe1_0.published_at,
        oe1_0.retry_count,
        oe1_0.routing_key,
        oe1_0.status 
    from
        outbox_events oe1_0 
    where
        oe1_0.status=? 
        and oe1_0.retry_count<?
2026-06-24 10:05:53 [scheduling-1] DEBUG org.hibernate.SQL - 
    /* <criteria> */ select
        oe1_0.id,
        oe1_0.created_at,
        oe1_0.event_id,
        oe1_0.event_type,
        oe1_0.exchange,
        oe1_0.payload,
        oe1_0.published_at,
        oe1_0.retry_count,
        oe1_0.routing_key,
        oe1_0.status 
    from
        outbox_events oe1_0 
    where
        oe1_0.status=? 
        and oe1_0.retry_count<?
2026-06-24 10:05:58 [scheduling-1] DEBUG org.hibernate.SQL - 
    /* <criteria> */ select
        oe1_0.id,
        oe1_0.created_at,
        oe1_0.event_id,
        oe1_0.event_type,
        oe1_0.exchange,
        oe1_0.payload,
        oe1_0.published_at,
        oe1_0.retry_count,
        oe1_0.routing_key,
        oe1_0.status 
    from
        outbox_events oe1_0 
    where
        oe1_0.status=? 
        and oe1_0.retry_count<?
2026-06-24 10:06:03 [scheduling-1] DEBUG org.hibernate.SQL - 
    /* <criteria> */ select
        oe1_0.id,
        oe1_0.created_at,
        oe1_0.event_id,
        oe1_0.event_type,
        oe1_0.exchange,
        oe1_0.payload,
        oe1_0.published_at,
        oe1_0.retry_count,
        oe1_0.routing_key,
        oe1_0.status 
    from
        outbox_events oe1_0 
    where
        oe1_0.status=? 
        and oe1_0.retry_count<?
2026-06-24 10:06:08 [scheduling-1] DEBUG org.hibernate.SQL - 
    /* <criteria> */ select
        oe1_0.id,
        oe1_0.created_at,
        oe1_0.event_id,
        oe1_0.event_type,
        oe1_0.exchange,
        oe1_0.payload,
        oe1_0.published_at,
        oe1_0.retry_count,
        oe1_0.routing_key,
        oe1_0.status 
    from
        outbox_events oe1_0 
    where
        oe1_0.status=? 
        and oe1_0.retry_count<?
2026-06-24 10:06:13 [scheduling-1] DEBUG org.hibernate.SQL - 
    /* <criteria> */ select
        oe1_0.id,
        oe1_0.created_at,
        oe1_0.event_id,
        oe1_0.event_type,
        oe1_0.exchange,
        oe1_0.payload,
        oe1_0.published_at,
        oe1_0.retry_count,
        oe1_0.routing_key,
        oe1_0.status 
    from
        outbox_events oe1_0 
    where
        oe1_0.status=? 
        and oe1_0.retry_count<?
2026-06-24 10:06:18 [scheduling-1] DEBUG org.hibernate.SQL - 
    /* <criteria> */ select
        oe1_0.id,
        oe1_0.created_at,
        oe1_0.event_id,
        oe1_0.event_type,
        oe1_0.exchange,
        oe1_0.payload,
        oe1_0.published_at,
        oe1_0.retry_count,
        oe1_0.routing_key,
        oe1_0.status 
    from
        outbox_events oe1_0 
    where
        oe1_0.status=? 
        and oe1_0.retry_count<?
2026-06-24 10:06:20 [AsyncResolver-bootstrap-executor-0] INFO  c.n.d.s.r.aws.ConfigClusterResolver - Resolving eureka endpoints via configuration
2026-06-24 10:06:23 [scheduling-1] DEBUG org.hibernate.SQL - 
    /* <criteria> */ select
        oe1_0.id,
        oe1_0.created_at,
        oe1_0.event_id,
        oe1_0.event_type,
        oe1_0.exchange,
        oe1_0.payload,
        oe1_0.published_at,
        oe1_0.retry_count,
        oe1_0.routing_key,
        oe1_0.status 
    from
        outbox_events oe1_0 
    where
        oe1_0.status=? 
        and oe1_0.retry_count<?
2026-06-24 10:06:28 [scheduling-1] DEBUG org.hibernate.SQL - 
    /* <criteria> */ select
        oe1_0.id,
        oe1_0.created_at,
        oe1_0.event_id,
        oe1_0.event_type,
        oe1_0.exchange,
        oe1_0.payload,
        oe1_0.published_at,
        oe1_0.retry_count,
        oe1_0.routing_key,
        oe1_0.status 
    from
        outbox_events oe1_0 
    where
        oe1_0.status=? 
        and oe1_0.retry_count<?
2026-06-24 10:06:33 [scheduling-1] DEBUG org.hibernate.SQL - 
    /* <criteria> */ select
        oe1_0.id,
        oe1_0.created_at,
        oe1_0.event_id,
        oe1_0.event_type,
        oe1_0.exchange,
        oe1_0.payload,
        oe1_0.published_at,
        oe1_0.retry_count,
        oe1_0.routing_key,
        oe1_0.status 
    from
        outbox_events oe1_0 
    where
        oe1_0.status=? 
        and oe1_0.retry_count<?
2026-06-24 10:06:38 [scheduling-1] DEBUG org.hibernate.SQL - 
    /* <criteria> */ select
        oe1_0.id,
        oe1_0.created_at,
        oe1_0.event_id,
        oe1_0.event_type,
        oe1_0.exchange,
        oe1_0.payload,
        oe1_0.published_at,
        oe1_0.retry_count,
        oe1_0.routing_key,
        oe1_0.status 
    from
        outbox_events oe1_0 
    where
        oe1_0.status=? 
        and oe1_0.retry_count<?
2026-06-24 10:06:43 [scheduling-1] DEBUG org.hibernate.SQL - 
    /* <criteria> */ select
        oe1_0.id,
        oe1_0.created_at,
        oe1_0.event_id,
        oe1_0.event_type,
        oe1_0.exchange,
        oe1_0.payload,
        oe1_0.published_at,
        oe1_0.retry_count,
        oe1_0.routing_key,
        oe1_0.status 
    from
        outbox_events oe1_0 
    where
        oe1_0.status=? 
        and oe1_0.retry_count<?
2026-06-24 10:06:48 [scheduling-1] DEBUG org.hibernate.SQL - 
    /* <criteria> */ select
        oe1_0.id,
        oe1_0.created_at,
        oe1_0.event_id,
        oe1_0.event_type,
        oe1_0.exchange,
        oe1_0.payload,
        oe1_0.published_at,
        oe1_0.retry_count,
        oe1_0.routing_key,
        oe1_0.status 
    from
        outbox_events oe1_0 
    where
        oe1_0.status=? 
        and oe1_0.retry_count<?
2026-06-24 10:06:53 [scheduling-1] DEBUG org.hibernate.SQL - 
    /* <criteria> */ select
        oe1_0.id,
        oe1_0.created_at,
        oe1_0.event_id,
        oe1_0.event_type,
        oe1_0.exchange,
        oe1_0.payload,
        oe1_0.published_at,
        oe1_0.retry_count,
        oe1_0.routing_key,
        oe1_0.status 
    from
        outbox_events oe1_0 
    where
        oe1_0.status=? 
        and oe1_0.retry_count<?
2026-06-24 10:06:58 [scheduling-1] DEBUG org.hibernate.SQL - 
    /* <criteria> */ select
        oe1_0.id,
        oe1_0.created_at,
        oe1_0.event_id,
        oe1_0.event_type,
        oe1_0.exchange,
        oe1_0.payload,
        oe1_0.published_at,
        oe1_0.retry_count,
        oe1_0.routing_key,
        oe1_0.status 
    from
        outbox_events oe1_0 
    where
        oe1_0.status=? 
        and oe1_0.retry_count<?
2026-06-24 10:07:03 [scheduling-1] DEBUG org.hibernate.SQL - 
    /* <criteria> */ select
        oe1_0.id,
        oe1_0.created_at,
        oe1_0.event_id,
        oe1_0.event_type,
        oe1_0.exchange,
        oe1_0.payload,
        oe1_0.published_at,
        oe1_0.retry_count,
        oe1_0.routing_key,
        oe1_0.status 
    from
        outbox_events oe1_0 
    where
        oe1_0.status=? 
        and oe1_0.retry_count<?
2026-06-24 10:07:08 [scheduling-1] DEBUG org.hibernate.SQL - 
    /* <criteria> */ select
        oe1_0.id,
        oe1_0.created_at,
        oe1_0.event_id,
        oe1_0.event_type,
        oe1_0.exchange,
        oe1_0.payload,
        oe1_0.published_at,
        oe1_0.retry_count,
        oe1_0.routing_key,
        oe1_0.status 
    from
        outbox_events oe1_0 
    where
        oe1_0.status=? 
        and oe1_0.retry_count<?
2026-06-24 10:07:13 [scheduling-1] DEBUG org.hibernate.SQL - 
    /* <criteria> */ select
        oe1_0.id,
        oe1_0.created_at,
        oe1_0.event_id,
        oe1_0.event_type,
        oe1_0.exchange,
        oe1_0.payload,
        oe1_0.published_at,
        oe1_0.retry_count,
        oe1_0.routing_key,
        oe1_0.status 
    from
        outbox_events oe1_0 
    where
        oe1_0.status=? 
        and oe1_0.retry_count<?
2026-06-24 10:07:18 [scheduling-1] DEBUG org.hibernate.SQL - 
    /* <criteria> */ select
        oe1_0.id,
        oe1_0.created_at,
        oe1_0.event_id,
        oe1_0.event_type,
        oe1_0.exchange,
        oe1_0.payload,
        oe1_0.published_at,
        oe1_0.retry_count,
        oe1_0.routing_key,
        oe1_0.status 
    from
        outbox_events oe1_0 
    where
        oe1_0.status=? 
        and oe1_0.retry_count<?
2026-06-24 10:07:23 [scheduling-1] DEBUG org.hibernate.SQL - 
    /* <criteria> */ select
        oe1_0.id,
        oe1_0.created_at,
        oe1_0.event_id,
        oe1_0.event_type,
        oe1_0.exchange,
        oe1_0.payload,
        oe1_0.published_at,
        oe1_0.retry_count,
        oe1_0.routing_key,
        oe1_0.status 
    from
        outbox_events oe1_0 
    where
        oe1_0.status=? 
        and oe1_0.retry_count<?
2026-06-24 10:07:28 [scheduling-1] DEBUG org.hibernate.SQL - 
    /* <criteria> */ select
        oe1_0.id,
        oe1_0.created_at,
        oe1_0.event_id,
        oe1_0.event_type,
        oe1_0.exchange,
        oe1_0.payload,
        oe1_0.published_at,
        oe1_0.retry_count,
        oe1_0.routing_key,
        oe1_0.status 
    from
        outbox_events oe1_0 
    where
        oe1_0.status=? 
        and oe1_0.retry_count<?
2026-06-24 10:07:33 [scheduling-1] DEBUG org.hibernate.SQL - 
    /* <criteria> */ select
        oe1_0.id,
        oe1_0.created_at,
        oe1_0.event_id,
        oe1_0.event_type,
        oe1_0.exchange,
        oe1_0.payload,
        oe1_0.published_at,
        oe1_0.retry_count,
        oe1_0.routing_key,
        oe1_0.status 
    from
        outbox_events oe1_0 
    where
        oe1_0.status=? 
        and oe1_0.retry_count<?
2026-06-24 10:07:38 [scheduling-1] DEBUG org.hibernate.SQL - 
    /* <criteria> */ select
        oe1_0.id,
        oe1_0.created_at,
        oe1_0.event_id,
        oe1_0.event_type,
        oe1_0.exchange,
        oe1_0.payload,
        oe1_0.published_at,
        oe1_0.retry_count,
        oe1_0.routing_key,
        oe1_0.status 
    from
        outbox_events oe1_0 
    where
        oe1_0.status=? 
        and oe1_0.retry_count<?
2026-06-24 10:07:43 [scheduling-1] DEBUG org.hibernate.SQL - 
    /* <criteria> */ select
        oe1_0.id,
        oe1_0.created_at,
        oe1_0.event_id,
        oe1_0.event_type,
        oe1_0.exchange,
        oe1_0.payload,
        oe1_0.published_at,
        oe1_0.retry_count,
        oe1_0.routing_key,
        oe1_0.status 
    from
        outbox_events oe1_0 
    where
        oe1_0.status=? 
        and oe1_0.retry_count<?
2026-06-24 10:07:48 [scheduling-1] DEBUG org.hibernate.SQL - 
    /* <criteria> */ select
        oe1_0.id,
        oe1_0.created_at,
        oe1_0.event_id,
        oe1_0.event_type,
        oe1_0.exchange,
        oe1_0.payload,
        oe1_0.published_at,
        oe1_0.retry_count,
        oe1_0.routing_key,
        oe1_0.status 
    from
        outbox_events oe1_0 
    where
        oe1_0.status=? 
        and oe1_0.retry_count<?
2026-06-24 10:07:53 [scheduling-1] DEBUG org.hibernate.SQL - 
    /* <criteria> */ select
        oe1_0.id,
        oe1_0.created_at,
        oe1_0.event_id,
        oe1_0.event_type,
        oe1_0.exchange,
        oe1_0.payload,
        oe1_0.published_at,
        oe1_0.retry_count,
        oe1_0.routing_key,
        oe1_0.status 
    from
        outbox_events oe1_0 
    where
        oe1_0.status=? 
        and oe1_0.retry_count<?
2026-06-24 10:07:58 [scheduling-1] DEBUG org.hibernate.SQL - 
    /* <criteria> */ select
        oe1_0.id,
        oe1_0.created_at,
        oe1_0.event_id,
        oe1_0.event_type,
        oe1_0.exchange,
        oe1_0.payload,
        oe1_0.published_at,
        oe1_0.retry_count,
        oe1_0.routing_key,
        oe1_0.status 
    from
        outbox_events oe1_0 
    where
        oe1_0.status=? 
        and oe1_0.retry_count<?
2026-06-24 10:08:03 [scheduling-1] DEBUG org.hibernate.SQL - 
    /* <criteria> */ select
        oe1_0.id,
        oe1_0.created_at,
        oe1_0.event_id,
        oe1_0.event_type,
        oe1_0.exchange,
        oe1_0.payload,
        oe1_0.published_at,
        oe1_0.retry_count,
        oe1_0.routing_key,
        oe1_0.status 
    from
        outbox_events oe1_0 
    where
        oe1_0.status=? 
        and oe1_0.retry_count<?
2026-06-24 10:08:08 [scheduling-1] DEBUG org.hibernate.SQL - 
    /* <criteria> */ select
        oe1_0.id,
        oe1_0.created_at,
        oe1_0.event_id,
        oe1_0.event_type,
        oe1_0.exchange,
        oe1_0.payload,
        oe1_0.published_at,
        oe1_0.retry_count,
        oe1_0.routing_key,
        oe1_0.status 
    from
        outbox_events oe1_0 
    where
        oe1_0.status=? 
        and oe1_0.retry_count<?
2026-06-24 10:08:14 [scheduling-1] DEBUG org.hibernate.SQL - 
    /* <criteria> */ select
        oe1_0.id,
        oe1_0.created_at,
        oe1_0.event_id,
        oe1_0.event_type,
        oe1_0.exchange,
        oe1_0.payload,
        oe1_0.published_at,
        oe1_0.retry_count,
        oe1_0.routing_key,
        oe1_0.status 
    from
        outbox_events oe1_0 
    where
        oe1_0.status=? 
        and oe1_0.retry_count<?
2026-06-24 10:08:19 [scheduling-1] DEBUG org.hibernate.SQL - 
    /* <criteria> */ select
        oe1_0.id,
        oe1_0.created_at,
        oe1_0.event_id,
        oe1_0.event_type,
        oe1_0.exchange,
        oe1_0.payload,
        oe1_0.published_at,
        oe1_0.retry_count,
        oe1_0.routing_key,
        oe1_0.status 
    from
        outbox_events oe1_0 
    where
        oe1_0.status=? 
        and oe1_0.retry_count<?
2026-06-24 10:08:24 [scheduling-1] DEBUG org.hibernate.SQL - 
    /* <criteria> */ select
        oe1_0.id,
        oe1_0.created_at,
        oe1_0.event_id,
        oe1_0.event_type,
        oe1_0.exchange,
        oe1_0.payload,
        oe1_0.published_at,
        oe1_0.retry_count,
        oe1_0.routing_key,
        oe1_0.status 
    from
        outbox_events oe1_0 
    where
        oe1_0.status=? 
        and oe1_0.retry_count<?
2026-06-24 10:08:29 [scheduling-1] DEBUG org.hibernate.SQL - 
    /* <criteria> */ select
        oe1_0.id,
        oe1_0.created_at,
        oe1_0.event_id,
        oe1_0.event_type,
        oe1_0.exchange,
        oe1_0.payload,
        oe1_0.published_at,
        oe1_0.retry_count,
        oe1_0.routing_key,
        oe1_0.status 
    from
        outbox_events oe1_0 
    where
        oe1_0.status=? 
        and oe1_0.retry_count<?
2026-06-24 10:08:34 [scheduling-1] DEBUG org.hibernate.SQL - 
    /* <criteria> */ select
        oe1_0.id,
        oe1_0.created_at,
        oe1_0.event_id,
        oe1_0.event_type,
        oe1_0.exchange,
        oe1_0.payload,
        oe1_0.published_at,
        oe1_0.retry_count,
        oe1_0.routing_key,
        oe1_0.status 
    from
        outbox_events oe1_0 
    where
        oe1_0.status=? 
        and oe1_0.retry_count<?
2026-06-24 10:08:39 [scheduling-1] DEBUG org.hibernate.SQL - 
    /* <criteria> */ select
        oe1_0.id,
        oe1_0.created_at,
        oe1_0.event_id,
        oe1_0.event_type,
        oe1_0.exchange,
        oe1_0.payload,
        oe1_0.published_at,
        oe1_0.retry_count,
        oe1_0.routing_key,
        oe1_0.status 
    from
        outbox_events oe1_0 
    where
        oe1_0.status=? 
        and oe1_0.retry_count<?
2026-06-24 10:08:44 [scheduling-1] DEBUG org.hibernate.SQL - 
    /* <criteria> */ select
        oe1_0.id,
        oe1_0.created_at,
        oe1_0.event_id,
        oe1_0.event_type,
        oe1_0.exchange,
        oe1_0.payload,
        oe1_0.published_at,
        oe1_0.retry_count,
        oe1_0.routing_key,
        oe1_0.status 
    from
        outbox_events oe1_0 
    where
        oe1_0.status=? 
        and oe1_0.retry_count<?
2026-06-24 10:08:49 [scheduling-1] DEBUG org.hibernate.SQL - 
    /* <criteria> */ select
        oe1_0.id,
        oe1_0.created_at,
        oe1_0.event_id,
        oe1_0.event_type,
        oe1_0.exchange,
        oe1_0.payload,
        oe1_0.published_at,
        oe1_0.retry_count,
        oe1_0.routing_key,
        oe1_0.status 
    from
        outbox_events oe1_0 
    where
        oe1_0.status=? 
        and oe1_0.retry_count<?
2026-06-24 10:08:54 [scheduling-1] DEBUG org.hibernate.SQL - 
    /* <criteria> */ select
        oe1_0.id,
        oe1_0.created_at,
        oe1_0.event_id,
        oe1_0.event_type,
        oe1_0.exchange,
        oe1_0.payload,
        oe1_0.published_at,
        oe1_0.retry_count,
        oe1_0.routing_key,
        oe1_0.status 
    from
        outbox_events oe1_0 
    where
        oe1_0.status=? 
        and oe1_0.retry_count<?
2026-06-24 10:08:59 [scheduling-1] DEBUG org.hibernate.SQL - 
    /* <criteria> */ select
        oe1_0.id,
        oe1_0.created_at,
        oe1_0.event_id,
        oe1_0.event_type,
        oe1_0.exchange,
        oe1_0.payload,
        oe1_0.published_at,
        oe1_0.retry_count,
        oe1_0.routing_key,
        oe1_0.status 
    from
        outbox_events oe1_0 
    where
        oe1_0.status=? 
        and oe1_0.retry_count<?
2026-06-24 10:09:04 [scheduling-1] DEBUG org.hibernate.SQL - 
    /* <criteria> */ select
        oe1_0.id,
        oe1_0.created_at,
        oe1_0.event_id,
        oe1_0.event_type,
        oe1_0.exchange,
        oe1_0.payload,
        oe1_0.published_at,
        oe1_0.retry_count,
        oe1_0.routing_key,
        oe1_0.status 
    from
        outbox_events oe1_0 
    where
        oe1_0.status=? 
        and oe1_0.retry_count<?
2026-06-24 10:09:09 [scheduling-1] DEBUG org.hibernate.SQL - 
    /* <criteria> */ select
        oe1_0.id,
        oe1_0.created_at,
        oe1_0.event_id,
        oe1_0.event_type,
        oe1_0.exchange,
        oe1_0.payload,
        oe1_0.published_at,
        oe1_0.retry_count,
        oe1_0.routing_key,
        oe1_0.status 
    from
        outbox_events oe1_0 
    where
        oe1_0.status=? 
        and oe1_0.retry_count<?
2026-06-24 10:09:14 [scheduling-1] DEBUG org.hibernate.SQL - 
    /* <criteria> */ select
        oe1_0.id,
        oe1_0.created_at,
        oe1_0.event_id,
        oe1_0.event_type,
        oe1_0.exchange,
        oe1_0.payload,
        oe1_0.published_at,
        oe1_0.retry_count,
        oe1_0.routing_key,
        oe1_0.status 
    from
        outbox_events oe1_0 
    where
        oe1_0.status=? 
        and oe1_0.retry_count<?
2026-06-24 10:09:19 [scheduling-1] DEBUG org.hibernate.SQL - 
    /* <criteria> */ select
        oe1_0.id,
        oe1_0.created_at,
        oe1_0.event_id,
        oe1_0.event_type,
        oe1_0.exchange,
        oe1_0.payload,
        oe1_0.published_at,
        oe1_0.retry_count,
        oe1_0.routing_key,
        oe1_0.status 
    from
        outbox_events oe1_0 
    where
        oe1_0.status=? 
        and oe1_0.retry_count<?
2026-06-24 10:09:24 [scheduling-1] DEBUG org.hibernate.SQL - 
    /* <criteria> */ select
        oe1_0.id,
        oe1_0.created_at,
        oe1_0.event_id,
        oe1_0.event_type,
        oe1_0.exchange,
        oe1_0.payload,
        oe1_0.published_at,
        oe1_0.retry_count,
        oe1_0.routing_key,
        oe1_0.status 
    from
        outbox_events oe1_0 
    where
        oe1_0.status=? 
        and oe1_0.retry_count<?
2026-06-24 10:09:29 [scheduling-1] DEBUG org.hibernate.SQL - 
    /* <criteria> */ select
        oe1_0.id,
        oe1_0.created_at,
        oe1_0.event_id,
        oe1_0.event_type,
        oe1_0.exchange,
        oe1_0.payload,
        oe1_0.published_at,
        oe1_0.retry_count,
        oe1_0.routing_key,
        oe1_0.status 
    from
        outbox_events oe1_0 
    where
        oe1_0.status=? 
        and oe1_0.retry_count<?
2026-06-24 10:09:34 [scheduling-1] DEBUG org.hibernate.SQL - 
    /* <criteria> */ select
        oe1_0.id,
        oe1_0.created_at,
        oe1_0.event_id,
        oe1_0.event_type,
        oe1_0.exchange,
        oe1_0.payload,
        oe1_0.published_at,
        oe1_0.retry_count,
        oe1_0.routing_key,
        oe1_0.status 
    from
        outbox_events oe1_0 
    where
        oe1_0.status=? 
        and oe1_0.retry_count<?
2026-06-24 10:09:39 [scheduling-1] DEBUG org.hibernate.SQL - 
    /* <criteria> */ select
        oe1_0.id,
        oe1_0.created_at,
        oe1_0.event_id,
        oe1_0.event_type,
        oe1_0.exchange,
        oe1_0.payload,
        oe1_0.published_at,
        oe1_0.retry_count,
        oe1_0.routing_key,
        oe1_0.status 
    from
        outbox_events oe1_0 
    where
        oe1_0.status=? 
        and oe1_0.retry_count<?
2026-06-24 10:09:44 [scheduling-1] DEBUG org.hibernate.SQL - 
    /* <criteria> */ select
        oe1_0.id,
        oe1_0.created_at,
        oe1_0.event_id,
        oe1_0.event_type,
        oe1_0.exchange,
        oe1_0.payload,
        oe1_0.published_at,
        oe1_0.retry_count,
        oe1_0.routing_key,
        oe1_0.status 
    from
        outbox_events oe1_0 
    where
        oe1_0.status=? 
        and oe1_0.retry_count<?
2026-06-24 10:09:49 [scheduling-1] DEBUG org.hibernate.SQL - 
    /* <criteria> */ select
        oe1_0.id,
        oe1_0.created_at,
        oe1_0.event_id,
        oe1_0.event_type,
        oe1_0.exchange,
        oe1_0.payload,
        oe1_0.published_at,
        oe1_0.retry_count,
        oe1_0.routing_key,
        oe1_0.status 
    from
        outbox_events oe1_0 
    where
        oe1_0.status=? 
        and oe1_0.retry_count<?
2026-06-24 10:09:54 [scheduling-1] DEBUG org.hibernate.SQL - 
    /* <criteria> */ select
        oe1_0.id,
        oe1_0.created_at,
        oe1_0.event_id,
        oe1_0.event_type,
        oe1_0.exchange,
        oe1_0.payload,
        oe1_0.published_at,
        oe1_0.retry_count,
        oe1_0.routing_key,
        oe1_0.status 
    from
        outbox_events oe1_0 
    where
        oe1_0.status=? 
        and oe1_0.retry_count<?
2026-06-24 10:09:59 [scheduling-1] DEBUG org.hibernate.SQL - 
    /* <criteria> */ select
        oe1_0.id,
        oe1_0.created_at,
        oe1_0.event_id,
        oe1_0.event_type,
        oe1_0.exchange,
        oe1_0.payload,
        oe1_0.published_at,
        oe1_0.retry_count,
        oe1_0.routing_key,
        oe1_0.status 
    from
        outbox_events oe1_0 
    where
        oe1_0.status=? 
        and oe1_0.retry_count<?
2026-06-24 10:10:04 [scheduling-1] DEBUG org.hibernate.SQL - 
    /* <criteria> */ select
        oe1_0.id,
        oe1_0.created_at,
        oe1_0.event_id,
        oe1_0.event_type,
        oe1_0.exchange,
        oe1_0.payload,
        oe1_0.published_at,
        oe1_0.retry_count,
        oe1_0.routing_key,
        oe1_0.status 
    from
        outbox_events oe1_0 
    where
        oe1_0.status=? 
        and oe1_0.retry_count<?
2026-06-24 10:10:09 [scheduling-1] DEBUG org.hibernate.SQL - 
    /* <criteria> */ select
        oe1_0.id,
        oe1_0.created_at,
        oe1_0.event_id,
        oe1_0.event_type,
        oe1_0.exchange,
        oe1_0.payload,
        oe1_0.published_at,
        oe1_0.retry_count,
        oe1_0.routing_key,
        oe1_0.status 
    from
        outbox_events oe1_0 
    where
        oe1_0.status=? 
        and oe1_0.retry_count<?
2026-06-24 10:10:14 [scheduling-1] DEBUG org.hibernate.SQL - 
    /* <criteria> */ select
        oe1_0.id,
        oe1_0.created_at,
        oe1_0.event_id,
        oe1_0.event_type,
        oe1_0.exchange,
        oe1_0.payload,
        oe1_0.published_at,
        oe1_0.retry_count,
        oe1_0.routing_key,
        oe1_0.status 
    from
        outbox_events oe1_0 
    where
        oe1_0.status=? 
        and oe1_0.retry_count<?
2026-06-24 10:10:19 [scheduling-1] DEBUG org.hibernate.SQL - 
    /* <criteria> */ select
        oe1_0.id,
        oe1_0.created_at,
        oe1_0.event_id,
        oe1_0.event_type,
        oe1_0.exchange,
        oe1_0.payload,
        oe1_0.published_at,
        oe1_0.retry_count,
        oe1_0.routing_key,
        oe1_0.status 
    from
        outbox_events oe1_0 
    where
        oe1_0.status=? 
        and oe1_0.retry_count<?
2026-06-24 10:10:24 [scheduling-1] DEBUG org.hibernate.SQL - 
    /* <criteria> */ select
        oe1_0.id,
        oe1_0.created_at,
        oe1_0.event_id,
        oe1_0.event_type,
        oe1_0.exchange,
        oe1_0.payload,
        oe1_0.published_at,
        oe1_0.retry_count,
        oe1_0.routing_key,
        oe1_0.status 
    from
        outbox_events oe1_0 
    where
        oe1_0.status=? 
        and oe1_0.retry_count<?
2026-06-24 10:10:29 [scheduling-1] DEBUG org.hibernate.SQL - 
    /* <criteria> */ select
        oe1_0.id,
        oe1_0.created_at,
        oe1_0.event_id,
        oe1_0.event_type,
        oe1_0.exchange,
        oe1_0.payload,
        oe1_0.published_at,
        oe1_0.retry_count,
        oe1_0.routing_key,
        oe1_0.status 
    from
        outbox_events oe1_0 
    where
        oe1_0.status=? 
        and oe1_0.retry_count<?
2026-06-24 10:10:34 [scheduling-1] DEBUG org.hibernate.SQL - 
    /* <criteria> */ select
        oe1_0.id,
        oe1_0.created_at,
        oe1_0.event_id,
        oe1_0.event_type,
        oe1_0.exchange,
        oe1_0.payload,
        oe1_0.published_at,
        oe1_0.retry_count,
        oe1_0.routing_key,
        oe1_0.status 
    from
        outbox_events oe1_0 
    where
        oe1_0.status=? 
        and oe1_0.retry_count<?
2026-06-24 10:10:39 [scheduling-1] DEBUG org.hibernate.SQL - 
    /* <criteria> */ select
        oe1_0.id,
        oe1_0.created_at,
        oe1_0.event_id,
        oe1_0.event_type,
        oe1_0.exchange,
        oe1_0.payload,
        oe1_0.published_at,
        oe1_0.retry_count,
        oe1_0.routing_key,
        oe1_0.status 
    from
        outbox_events oe1_0 
    where
        oe1_0.status=? 
        and oe1_0.retry_count<?
2026-06-24 10:10:44 [scheduling-1] DEBUG org.hibernate.SQL - 
    /* <criteria> */ select
        oe1_0.id,
        oe1_0.created_at,
        oe1_0.event_id,
        oe1_0.event_type,
        oe1_0.exchange,
        oe1_0.payload,
        oe1_0.published_at,
        oe1_0.retry_count,
        oe1_0.routing_key,
        oe1_0.status 
    from
        outbox_events oe1_0 
    where
        oe1_0.status=? 
        and oe1_0.retry_count<?
2026-06-24 10:10:49 [scheduling-1] DEBUG org.hibernate.SQL - 
    /* <criteria> */ select
        oe1_0.id,
        oe1_0.created_at,
        oe1_0.event_id,
        oe1_0.event_type,
        oe1_0.exchange,
        oe1_0.payload,
        oe1_0.published_at,
        oe1_0.retry_count,
        oe1_0.routing_key,
        oe1_0.status 
    from
        outbox_events oe1_0 
    where
        oe1_0.status=? 
        and oe1_0.retry_count<?
2026-06-24 10:10:54 [scheduling-1] DEBUG org.hibernate.SQL - 
    /* <criteria> */ select
        oe1_0.id,
        oe1_0.created_at,
        oe1_0.event_id,
        oe1_0.event_type,
        oe1_0.exchange,
        oe1_0.payload,
        oe1_0.published_at,
        oe1_0.retry_count,
        oe1_0.routing_key,
        oe1_0.status 
    from
        outbox_events oe1_0 
    where
        oe1_0.status=? 
        and oe1_0.retry_count<?
2026-06-24 10:10:59 [scheduling-1] DEBUG org.hibernate.SQL - 
    /* <criteria> */ select
        oe1_0.id,
        oe1_0.created_at,
        oe1_0.event_id,
        oe1_0.event_type,
        oe1_0.exchange,
        oe1_0.payload,
        oe1_0.published_at,
        oe1_0.retry_count,
        oe1_0.routing_key,
        oe1_0.status 
    from
        outbox_events oe1_0 
    where
        oe1_0.status=? 
        and oe1_0.retry_count<?
2026-06-24 10:11:04 [scheduling-1] DEBUG org.hibernate.SQL - 
    /* <criteria> */ select
        oe1_0.id,
        oe1_0.created_at,
        oe1_0.event_id,
        oe1_0.event_type,
        oe1_0.exchange,
        oe1_0.payload,
        oe1_0.published_at,
        oe1_0.retry_count,
        oe1_0.routing_key,
        oe1_0.status 
    from
        outbox_events oe1_0 
    where
        oe1_0.status=? 
        and oe1_0.retry_count<?
2026-06-24 10:11:09 [scheduling-1] DEBUG org.hibernate.SQL - 
    /* <criteria> */ select
        oe1_0.id,
        oe1_0.created_at,
        oe1_0.event_id,
        oe1_0.event_type,
        oe1_0.exchange,
        oe1_0.payload,
        oe1_0.published_at,
        oe1_0.retry_count,
        oe1_0.routing_key,
        oe1_0.status 
    from
        outbox_events oe1_0 
    where
        oe1_0.status=? 
        and oe1_0.retry_count<?
2026-06-24 10:11:14 [scheduling-1] DEBUG org.hibernate.SQL - 
    /* <criteria> */ select
        oe1_0.id,
        oe1_0.created_at,
        oe1_0.event_id,
        oe1_0.event_type,
        oe1_0.exchange,
        oe1_0.payload,
        oe1_0.published_at,
        oe1_0.retry_count,
        oe1_0.routing_key,
        oe1_0.status 
    from
        outbox_events oe1_0 
    where
        oe1_0.status=? 
        and oe1_0.retry_count<?
2026-06-24 10:11:19 [scheduling-1] DEBUG org.hibernate.SQL - 
    /* <criteria> */ select
        oe1_0.id,
        oe1_0.created_at,
        oe1_0.event_id,
        oe1_0.event_type,
        oe1_0.exchange,
        oe1_0.payload,
        oe1_0.published_at,
        oe1_0.retry_count,
        oe1_0.routing_key,
        oe1_0.status 
    from
        outbox_events oe1_0 
    where
        oe1_0.status=? 
        and oe1_0.retry_count<?
2026-06-24 10:11:20 [AsyncResolver-bootstrap-executor-0] INFO  c.n.d.s.r.aws.ConfigClusterResolver - Resolving eureka endpoints via configuration
2026-06-24 10:11:24 [scheduling-1] DEBUG org.hibernate.SQL - 
    /* <criteria> */ select
        oe1_0.id,
        oe1_0.created_at,
        oe1_0.event_id,
        oe1_0.event_type,
        oe1_0.exchange,
        oe1_0.payload,
        oe1_0.published_at,
        oe1_0.retry_count,
        oe1_0.routing_key,
        oe1_0.status 
    from
        outbox_events oe1_0 
    where
        oe1_0.status=? 
        and oe1_0.retry_count<?
2026-06-24 10:11:29 [scheduling-1] DEBUG org.hibernate.SQL - 
    /* <criteria> */ select
        oe1_0.id,
        oe1_0.created_at,
        oe1_0.event_id,
        oe1_0.event_type,
        oe1_0.exchange,
        oe1_0.payload,
        oe1_0.published_at,
        oe1_0.retry_count,
        oe1_0.routing_key,
        oe1_0.status 
    from
        outbox_events oe1_0 
    where
        oe1_0.status=? 
        and oe1_0.retry_count<?
2026-06-24 10:11:34 [scheduling-1] DEBUG org.hibernate.SQL - 
    /* <criteria> */ select
        oe1_0.id,
        oe1_0.created_at,
        oe1_0.event_id,
        oe1_0.event_type,
        oe1_0.exchange,
        oe1_0.payload,
        oe1_0.published_at,
        oe1_0.retry_count,
        oe1_0.routing_key,
        oe1_0.status 
    from
        outbox_events oe1_0 
    where
        oe1_0.status=? 
        and oe1_0.retry_count<?
2026-06-24 10:11:40 [scheduling-1] DEBUG org.hibernate.SQL - 
    /* <criteria> */ select
        oe1_0.id,
        oe1_0.created_at,
        oe1_0.event_id,
        oe1_0.event_type,
        oe1_0.exchange,
        oe1_0.payload,
        oe1_0.published_at,
        oe1_0.retry_count,
        oe1_0.routing_key,
        oe1_0.status 
    from
        outbox_events oe1_0 
    where
        oe1_0.status=? 
        and oe1_0.retry_count<?
2026-06-24 10:11:45 [scheduling-1] DEBUG org.hibernate.SQL - 
    /* <criteria> */ select
        oe1_0.id,
        oe1_0.created_at,
        oe1_0.event_id,
        oe1_0.event_type,
        oe1_0.exchange,
        oe1_0.payload,
        oe1_0.published_at,
        oe1_0.retry_count,
        oe1_0.routing_key,
        oe1_0.status 
    from
        outbox_events oe1_0 
    where
        oe1_0.status=? 
        and oe1_0.retry_count<?
2026-06-24 10:11:50 [scheduling-1] DEBUG org.hibernate.SQL - 
    /* <criteria> */ select
        oe1_0.id,
        oe1_0.created_at,
        oe1_0.event_id,
        oe1_0.event_type,
        oe1_0.exchange,
        oe1_0.payload,
        oe1_0.published_at,
        oe1_0.retry_count,
        oe1_0.routing_key,
        oe1_0.status 
    from
        outbox_events oe1_0 
    where
        oe1_0.status=? 
        and oe1_0.retry_count<?
2026-06-24 10:11:55 [scheduling-1] DEBUG org.hibernate.SQL - 
    /* <criteria> */ select
        oe1_0.id,
        oe1_0.created_at,
        oe1_0.event_id,
        oe1_0.event_type,
        oe1_0.exchange,
        oe1_0.payload,
        oe1_0.published_at,
        oe1_0.retry_count,
        oe1_0.routing_key,
        oe1_0.status 
    from
        outbox_events oe1_0 
    where
        oe1_0.status=? 
        and oe1_0.retry_count<?
2026-06-24 10:12:00 [scheduling-1] DEBUG org.hibernate.SQL - 
    /* <criteria> */ select
        oe1_0.id,
        oe1_0.created_at,
        oe1_0.event_id,
        oe1_0.event_type,
        oe1_0.exchange,
        oe1_0.payload,
        oe1_0.published_at,
        oe1_0.retry_count,
        oe1_0.routing_key,
        oe1_0.status 
    from
        outbox_events oe1_0 
    where
        oe1_0.status=? 
        and oe1_0.retry_count<?
2026-06-24 10:12:05 [scheduling-1] DEBUG org.hibernate.SQL - 
    /* <criteria> */ select
        oe1_0.id,
        oe1_0.created_at,
        oe1_0.event_id,
        oe1_0.event_type,
        oe1_0.exchange,
        oe1_0.payload,
        oe1_0.published_at,
        oe1_0.retry_count,
        oe1_0.routing_key,
        oe1_0.status 
    from
        outbox_events oe1_0 
    where
        oe1_0.status=? 
        and oe1_0.retry_count<?
2026-06-24 10:12:10 [scheduling-1] DEBUG org.hibernate.SQL - 
    /* <criteria> */ select
        oe1_0.id,
        oe1_0.created_at,
        oe1_0.event_id,
        oe1_0.event_type,
        oe1_0.exchange,
        oe1_0.payload,
        oe1_0.published_at,
        oe1_0.retry_count,
        oe1_0.routing_key,
        oe1_0.status 
    from
        outbox_events oe1_0 
    where
        oe1_0.status=? 
        and oe1_0.retry_count<?
2026-06-24 10:12:15 [scheduling-1] DEBUG org.hibernate.SQL - 
    /* <criteria> */ select
        oe1_0.id,
        oe1_0.created_at,
        oe1_0.event_id,
        oe1_0.event_type,
        oe1_0.exchange,
        oe1_0.payload,
        oe1_0.published_at,
        oe1_0.retry_count,
        oe1_0.routing_key,
        oe1_0.status 
    from
        outbox_events oe1_0 
    where
        oe1_0.status=? 
        and oe1_0.retry_count<?
2026-06-24 10:12:20 [scheduling-1] DEBUG org.hibernate.SQL - 
    /* <criteria> */ select
        oe1_0.id,
        oe1_0.created_at,
        oe1_0.event_id,
        oe1_0.event_type,
        oe1_0.exchange,
        oe1_0.payload,
        oe1_0.published_at,
        oe1_0.retry_count,
        oe1_0.routing_key,
        oe1_0.status 
    from
        outbox_events oe1_0 
    where
        oe1_0.status=? 
        and oe1_0.retry_count<?
2026-06-24 10:12:25 [scheduling-1] DEBUG org.hibernate.SQL - 
    /* <criteria> */ select
        oe1_0.id,
        oe1_0.created_at,
        oe1_0.event_id,
        oe1_0.event_type,
        oe1_0.exchange,
        oe1_0.payload,
        oe1_0.published_at,
        oe1_0.retry_count,
        oe1_0.routing_key,
        oe1_0.status 
    from
        outbox_events oe1_0 
    where
        oe1_0.status=? 
        and oe1_0.retry_count<?
2026-06-24 10:12:30 [scheduling-1] DEBUG org.hibernate.SQL - 
    /* <criteria> */ select
        oe1_0.id,
        oe1_0.created_at,
        oe1_0.event_id,
        oe1_0.event_type,
        oe1_0.exchange,
        oe1_0.payload,
        oe1_0.published_at,
        oe1_0.retry_count,
        oe1_0.routing_key,
        oe1_0.status 
    from
        outbox_events oe1_0 
    where
        oe1_0.status=? 
        and oe1_0.retry_count<?
2026-06-24 10:12:35 [scheduling-1] DEBUG org.hibernate.SQL - 
    /* <criteria> */ select
        oe1_0.id,
        oe1_0.created_at,
        oe1_0.event_id,
        oe1_0.event_type,
        oe1_0.exchange,
        oe1_0.payload,
        oe1_0.published_at,
        oe1_0.retry_count,
        oe1_0.routing_key,
        oe1_0.status 
    from
        outbox_events oe1_0 
    where
        oe1_0.status=? 
        and oe1_0.retry_count<?
2026-06-24 10:12:40 [scheduling-1] DEBUG org.hibernate.SQL - 
    /* <criteria> */ select
        oe1_0.id,
        oe1_0.created_at,
        oe1_0.event_id,
        oe1_0.event_type,
        oe1_0.exchange,
        oe1_0.payload,
        oe1_0.published_at,
        oe1_0.retry_count,
        oe1_0.routing_key,
        oe1_0.status 
    from
        outbox_events oe1_0 
    where
        oe1_0.status=? 
        and oe1_0.retry_count<?
2026-06-24 10:12:45 [scheduling-1] DEBUG org.hibernate.SQL - 
    /* <criteria> */ select
        oe1_0.id,
        oe1_0.created_at,
        oe1_0.event_id,
        oe1_0.event_type,
        oe1_0.exchange,
        oe1_0.payload,
        oe1_0.published_at,
        oe1_0.retry_count,
        oe1_0.routing_key,
        oe1_0.status 
    from
        outbox_events oe1_0 
    where
        oe1_0.status=? 
        and oe1_0.retry_count<?
2026-06-24 10:12:50 [scheduling-1] DEBUG org.hibernate.SQL - 
    /* <criteria> */ select
        oe1_0.id,
        oe1_0.created_at,
        oe1_0.event_id,
        oe1_0.event_type,
        oe1_0.exchange,
        oe1_0.payload,
        oe1_0.published_at,
        oe1_0.retry_count,
        oe1_0.routing_key,
        oe1_0.status 
    from
        outbox_events oe1_0 
    where
        oe1_0.status=? 
        and oe1_0.retry_count<?
2026-06-24 10:12:55 [scheduling-1] DEBUG org.hibernate.SQL - 
    /* <criteria> */ select
        oe1_0.id,
        oe1_0.created_at,
        oe1_0.event_id,
        oe1_0.event_type,
        oe1_0.exchange,
        oe1_0.payload,
        oe1_0.published_at,
        oe1_0.retry_count,
        oe1_0.routing_key,
        oe1_0.status 
    from
        outbox_events oe1_0 
    where
        oe1_0.status=? 
        and oe1_0.retry_count<?
2026-06-24 10:13:00 [scheduling-1] DEBUG org.hibernate.SQL - 
    /* <criteria> */ select
        oe1_0.id,
        oe1_0.created_at,
        oe1_0.event_id,
        oe1_0.event_type,
        oe1_0.exchange,
        oe1_0.payload,
        oe1_0.published_at,
        oe1_0.retry_count,
        oe1_0.routing_key,
        oe1_0.status 
    from
        outbox_events oe1_0 
    where
        oe1_0.status=? 
        and oe1_0.retry_count<?
2026-06-24 10:13:05 [scheduling-1] DEBUG org.hibernate.SQL - 
    /* <criteria> */ select
        oe1_0.id,
        oe1_0.created_at,
        oe1_0.event_id,
        oe1_0.event_type,
        oe1_0.exchange,
        oe1_0.payload,
        oe1_0.published_at,
        oe1_0.retry_count,
        oe1_0.routing_key,
        oe1_0.status 
    from
        outbox_events oe1_0 
    where
        oe1_0.status=? 
        and oe1_0.retry_count<?
2026-06-24 10:13:10 [scheduling-1] DEBUG org.hibernate.SQL - 
    /* <criteria> */ select
        oe1_0.id,
        oe1_0.created_at,
        oe1_0.event_id,
        oe1_0.event_type,
        oe1_0.exchange,
        oe1_0.payload,
        oe1_0.published_at,
        oe1_0.retry_count,
        oe1_0.routing_key,
        oe1_0.status 
    from
        outbox_events oe1_0 
    where
        oe1_0.status=? 
        and oe1_0.retry_count<?
2026-06-24 10:13:15 [scheduling-1] DEBUG org.hibernate.SQL - 
    /* <criteria> */ select
        oe1_0.id,
        oe1_0.created_at,
        oe1_0.event_id,
        oe1_0.event_type,
        oe1_0.exchange,
        oe1_0.payload,
        oe1_0.published_at,
        oe1_0.retry_count,
        oe1_0.routing_key,
        oe1_0.status 
    from
        outbox_events oe1_0 
    where
        oe1_0.status=? 
        and oe1_0.retry_count<?
2026-06-24 10:13:20 [scheduling-1] DEBUG org.hibernate.SQL - 
    /* <criteria> */ select
        oe1_0.id,
        oe1_0.created_at,
        oe1_0.event_id,
        oe1_0.event_type,
        oe1_0.exchange,
        oe1_0.payload,
        oe1_0.published_at,
        oe1_0.retry_count,
        oe1_0.routing_key,
        oe1_0.status 
    from
        outbox_events oe1_0 
    where
        oe1_0.status=? 
        and oe1_0.retry_count<?
2026-06-24 10:13:25 [scheduling-1] DEBUG org.hibernate.SQL - 
    /* <criteria> */ select
        oe1_0.id,
        oe1_0.created_at,
        oe1_0.event_id,
        oe1_0.event_type,
        oe1_0.exchange,
        oe1_0.payload,
        oe1_0.published_at,
        oe1_0.retry_count,
        oe1_0.routing_key,
        oe1_0.status 
    from
        outbox_events oe1_0 
    where
        oe1_0.status=? 
        and oe1_0.retry_count<?
2026-06-24 10:13:30 [scheduling-1] DEBUG org.hibernate.SQL - 
    /* <criteria> */ select
        oe1_0.id,
        oe1_0.created_at,
        oe1_0.event_id,
        oe1_0.event_type,
        oe1_0.exchange,
        oe1_0.payload,
        oe1_0.published_at,
        oe1_0.retry_count,
        oe1_0.routing_key,
        oe1_0.status 
    from
        outbox_events oe1_0 
    where
        oe1_0.status=? 
        and oe1_0.retry_count<?
2026-06-24 10:13:35 [scheduling-1] DEBUG org.hibernate.SQL - 
    /* <criteria> */ select
        oe1_0.id,
        oe1_0.created_at,
        oe1_0.event_id,
        oe1_0.event_type,
        oe1_0.exchange,
        oe1_0.payload,
        oe1_0.published_at,
        oe1_0.retry_count,
        oe1_0.routing_key,
        oe1_0.status 
    from
        outbox_events oe1_0 
    where
        oe1_0.status=? 
        and oe1_0.retry_count<?
2026-06-24 10:13:40 [scheduling-1] DEBUG org.hibernate.SQL - 
    /* <criteria> */ select
        oe1_0.id,
        oe1_0.created_at,
        oe1_0.event_id,
        oe1_0.event_type,
        oe1_0.exchange,
        oe1_0.payload,
        oe1_0.published_at,
        oe1_0.retry_count,
        oe1_0.routing_key,
        oe1_0.status 
    from
        outbox_events oe1_0 
    where
        oe1_0.status=? 
        and oe1_0.retry_count<?
2026-06-24 10:13:45 [scheduling-1] DEBUG org.hibernate.SQL - 
    /* <criteria> */ select
        oe1_0.id,
        oe1_0.created_at,
        oe1_0.event_id,
        oe1_0.event_type,
        oe1_0.exchange,
        oe1_0.payload,
        oe1_0.published_at,
        oe1_0.retry_count,
        oe1_0.routing_key,
        oe1_0.status 
    from
        outbox_events oe1_0 
    where
        oe1_0.status=? 
        and oe1_0.retry_count<?
2026-06-24 10:13:50 [scheduling-1] DEBUG org.hibernate.SQL - 
    /* <criteria> */ select
        oe1_0.id,
        oe1_0.created_at,
        oe1_0.event_id,
        oe1_0.event_type,
        oe1_0.exchange,
        oe1_0.payload,
        oe1_0.published_at,
        oe1_0.retry_count,
        oe1_0.routing_key,
        oe1_0.status 
    from
        outbox_events oe1_0 
    where
        oe1_0.status=? 
        and oe1_0.retry_count<?
2026-06-24 10:13:55 [scheduling-1] DEBUG org.hibernate.SQL - 
    /* <criteria> */ select
        oe1_0.id,
        oe1_0.created_at,
        oe1_0.event_id,
        oe1_0.event_type,
        oe1_0.exchange,
        oe1_0.payload,
        oe1_0.published_at,
        oe1_0.retry_count,
        oe1_0.routing_key,
        oe1_0.status 
    from
        outbox_events oe1_0 
    where
        oe1_0.status=? 
        and oe1_0.retry_count<?
2026-06-24 10:14:00 [scheduling-1] DEBUG org.hibernate.SQL - 
    /* <criteria> */ select
        oe1_0.id,
        oe1_0.created_at,
        oe1_0.event_id,
        oe1_0.event_type,
        oe1_0.exchange,
        oe1_0.payload,
        oe1_0.published_at,
        oe1_0.retry_count,
        oe1_0.routing_key,
        oe1_0.status 
    from
        outbox_events oe1_0 
    where
        oe1_0.status=? 
        and oe1_0.retry_count<?
2026-06-24 10:14:05 [scheduling-1] DEBUG org.hibernate.SQL - 
    /* <criteria> */ select
        oe1_0.id,
        oe1_0.created_at,
        oe1_0.event_id,
        oe1_0.event_type,
        oe1_0.exchange,
        oe1_0.payload,
        oe1_0.published_at,
        oe1_0.retry_count,
        oe1_0.routing_key,
        oe1_0.status 
    from
        outbox_events oe1_0 
    where
        oe1_0.status=? 
        and oe1_0.retry_count<?
2026-06-24 10:14:10 [scheduling-1] DEBUG org.hibernate.SQL - 
    /* <criteria> */ select
        oe1_0.id,
        oe1_0.created_at,
        oe1_0.event_id,
        oe1_0.event_type,
        oe1_0.exchange,
        oe1_0.payload,
        oe1_0.published_at,
        oe1_0.retry_count,
        oe1_0.routing_key,
        oe1_0.status 
    from
        outbox_events oe1_0 
    where
        oe1_0.status=? 
        and oe1_0.retry_count<?
2026-06-24 10:14:15 [scheduling-1] DEBUG org.hibernate.SQL - 
    /* <criteria> */ select
        oe1_0.id,
        oe1_0.created_at,
        oe1_0.event_id,
        oe1_0.event_type,
        oe1_0.exchange,
        oe1_0.payload,
        oe1_0.published_at,
        oe1_0.retry_count,
        oe1_0.routing_key,
        oe1_0.status 
    from
        outbox_events oe1_0 
    where
        oe1_0.status=? 
        and oe1_0.retry_count<?
2026-06-24 10:14:20 [scheduling-1] DEBUG org.hibernate.SQL - 
    /* <criteria> */ select
        oe1_0.id,
        oe1_0.created_at,
        oe1_0.event_id,
        oe1_0.event_type,
        oe1_0.exchange,
        oe1_0.payload,
        oe1_0.published_at,
        oe1_0.retry_count,
        oe1_0.routing_key,
        oe1_0.status 
    from
        outbox_events oe1_0 
    where
        oe1_0.status=? 
        and oe1_0.retry_count<?
2026-06-24 10:14:25 [scheduling-1] DEBUG org.hibernate.SQL - 
    /* <criteria> */ select
        oe1_0.id,
        oe1_0.created_at,
        oe1_0.event_id,
        oe1_0.event_type,
        oe1_0.exchange,
        oe1_0.payload,
        oe1_0.published_at,
        oe1_0.retry_count,
        oe1_0.routing_key,
        oe1_0.status 
    from
        outbox_events oe1_0 
    where
        oe1_0.status=? 
        and oe1_0.retry_count<?
2026-06-24 10:14:30 [scheduling-1] DEBUG org.hibernate.SQL - 
    /* <criteria> */ select
        oe1_0.id,
        oe1_0.created_at,
        oe1_0.event_id,
        oe1_0.event_type,
        oe1_0.exchange,
        oe1_0.payload,
        oe1_0.published_at,
        oe1_0.retry_count,
        oe1_0.routing_key,
        oe1_0.status 
    from
        outbox_events oe1_0 
    where
        oe1_0.status=? 
        and oe1_0.retry_count<?
2026-06-24 10:14:35 [scheduling-1] DEBUG org.hibernate.SQL - 
    /* <criteria> */ select
        oe1_0.id,
        oe1_0.created_at,
        oe1_0.event_id,
        oe1_0.event_type,
        oe1_0.exchange,
        oe1_0.payload,
        oe1_0.published_at,
        oe1_0.retry_count,
        oe1_0.routing_key,
        oe1_0.status 
    from
        outbox_events oe1_0 
    where
        oe1_0.status=? 
        and oe1_0.retry_count<?
2026-06-24 10:14:40 [scheduling-1] DEBUG org.hibernate.SQL - 
    /* <criteria> */ select
        oe1_0.id,
        oe1_0.created_at,
        oe1_0.event_id,
        oe1_0.event_type,
        oe1_0.exchange,
        oe1_0.payload,
        oe1_0.published_at,
        oe1_0.retry_count,
        oe1_0.routing_key,
        oe1_0.status 
    from
        outbox_events oe1_0 
    where
        oe1_0.status=? 
        and oe1_0.retry_count<?
2026-06-24 10:14:45 [scheduling-1] DEBUG org.hibernate.SQL - 
    /* <criteria> */ select
        oe1_0.id,
        oe1_0.created_at,
        oe1_0.event_id,
        oe1_0.event_type,
        oe1_0.exchange,
        oe1_0.payload,
        oe1_0.published_at,
        oe1_0.retry_count,
        oe1_0.routing_key,
        oe1_0.status 
    from
        outbox_events oe1_0 
    where
        oe1_0.status=? 
        and oe1_0.retry_count<?
2026-06-24 10:14:50 [scheduling-1] DEBUG org.hibernate.SQL - 
    /* <criteria> */ select
        oe1_0.id,
        oe1_0.created_at,
        oe1_0.event_id,
        oe1_0.event_type,
        oe1_0.exchange,
        oe1_0.payload,
        oe1_0.published_at,
        oe1_0.retry_count,
        oe1_0.routing_key,
        oe1_0.status 
    from
        outbox_events oe1_0 
    where
        oe1_0.status=? 
        and oe1_0.retry_count<?
2026-06-24 10:14:55 [scheduling-1] DEBUG org.hibernate.SQL - 
    /* <criteria> */ select
        oe1_0.id,
        oe1_0.created_at,
        oe1_0.event_id,
        oe1_0.event_type,
        oe1_0.exchange,
        oe1_0.payload,
        oe1_0.published_at,
        oe1_0.retry_count,
        oe1_0.routing_key,
        oe1_0.status 
    from
        outbox_events oe1_0 
    where
        oe1_0.status=? 
        and oe1_0.retry_count<?
2026-06-24 10:15:00 [scheduling-1] DEBUG org.hibernate.SQL - 
    /* <criteria> */ select
        oe1_0.id,
        oe1_0.created_at,
        oe1_0.event_id,
        oe1_0.event_type,
        oe1_0.exchange,
        oe1_0.payload,
        oe1_0.published_at,
        oe1_0.retry_count,
        oe1_0.routing_key,
        oe1_0.status 
    from
        outbox_events oe1_0 
    where
        oe1_0.status=? 
        and oe1_0.retry_count<?
2026-06-24 10:15:05 [scheduling-1] DEBUG org.hibernate.SQL - 
    /* <criteria> */ select
        oe1_0.id,
        oe1_0.created_at,
        oe1_0.event_id,
        oe1_0.event_type,
        oe1_0.exchange,
        oe1_0.payload,
        oe1_0.published_at,
        oe1_0.retry_count,
        oe1_0.routing_key,
        oe1_0.status 
    from
        outbox_events oe1_0 
    where
        oe1_0.status=? 
        and oe1_0.retry_count<?
2026-06-24 10:15:10 [scheduling-1] DEBUG org.hibernate.SQL - 
    /* <criteria> */ select
        oe1_0.id,
        oe1_0.created_at,
        oe1_0.event_id,
        oe1_0.event_type,
        oe1_0.exchange,
        oe1_0.payload,
        oe1_0.published_at,
        oe1_0.retry_count,
        oe1_0.routing_key,
        oe1_0.status 
    from
        outbox_events oe1_0 
    where
        oe1_0.status=? 
        and oe1_0.retry_count<?
2026-06-24 10:15:15 [scheduling-1] DEBUG org.hibernate.SQL - 
    /* <criteria> */ select
        oe1_0.id,
        oe1_0.created_at,
        oe1_0.event_id,
        oe1_0.event_type,
        oe1_0.exchange,
        oe1_0.payload,
        oe1_0.published_at,
        oe1_0.retry_count,
        oe1_0.routing_key,
        oe1_0.status 
    from
        outbox_events oe1_0 
    where
        oe1_0.status=? 
        and oe1_0.retry_count<?
2026-06-24 10:15:20 [scheduling-1] DEBUG org.hibernate.SQL - 
    /* <criteria> */ select
        oe1_0.id,
        oe1_0.created_at,
        oe1_0.event_id,
        oe1_0.event_type,
        oe1_0.exchange,
        oe1_0.payload,
        oe1_0.published_at,
        oe1_0.retry_count,
        oe1_0.routing_key,
        oe1_0.status 
    from
        outbox_events oe1_0 
    where
        oe1_0.status=? 
        and oe1_0.retry_count<?
2026-06-24 10:15:25 [scheduling-1] DEBUG org.hibernate.SQL - 
    /* <criteria> */ select
        oe1_0.id,
        oe1_0.created_at,
        oe1_0.event_id,
        oe1_0.event_type,
        oe1_0.exchange,
        oe1_0.payload,
        oe1_0.published_at,
        oe1_0.retry_count,
        oe1_0.routing_key,
        oe1_0.status 
    from
        outbox_events oe1_0 
    where
        oe1_0.status=? 
        and oe1_0.retry_count<?
2026-06-24 10:15:30 [scheduling-1] DEBUG org.hibernate.SQL - 
    /* <criteria> */ select
        oe1_0.id,
        oe1_0.created_at,
        oe1_0.event_id,
        oe1_0.event_type,
        oe1_0.exchange,
        oe1_0.payload,
        oe1_0.published_at,
        oe1_0.retry_count,
        oe1_0.routing_key,
        oe1_0.status 
    from
        outbox_events oe1_0 
    where
        oe1_0.status=? 
        and oe1_0.retry_count<?
2026-06-24 10:15:35 [scheduling-1] DEBUG org.hibernate.SQL - 
    /* <criteria> */ select
        oe1_0.id,
        oe1_0.created_at,
        oe1_0.event_id,
        oe1_0.event_type,
        oe1_0.exchange,
        oe1_0.payload,
        oe1_0.published_at,
        oe1_0.retry_count,
        oe1_0.routing_key,
        oe1_0.status 
    from
        outbox_events oe1_0 
    where
        oe1_0.status=? 
        and oe1_0.retry_count<?
2026-06-24 10:15:40 [scheduling-1] DEBUG org.hibernate.SQL - 
    /* <criteria> */ select
        oe1_0.id,
        oe1_0.created_at,
        oe1_0.event_id,
        oe1_0.event_type,
        oe1_0.exchange,
        oe1_0.payload,
        oe1_0.published_at,
        oe1_0.retry_count,
        oe1_0.routing_key,
        oe1_0.status 
    from
        outbox_events oe1_0 
    where
        oe1_0.status=? 
        and oe1_0.retry_count<?
2026-06-24 10:15:45 [scheduling-1] DEBUG org.hibernate.SQL - 
    /* <criteria> */ select
        oe1_0.id,
        oe1_0.created_at,
        oe1_0.event_id,
        oe1_0.event_type,
        oe1_0.exchange,
        oe1_0.payload,
        oe1_0.published_at,
        oe1_0.retry_count,
        oe1_0.routing_key,
        oe1_0.status 
    from
        outbox_events oe1_0 
    where
        oe1_0.status=? 
        and oe1_0.retry_count<?
2026-06-24 10:15:51 [scheduling-1] DEBUG org.hibernate.SQL - 
    /* <criteria> */ select
        oe1_0.id,
        oe1_0.created_at,
        oe1_0.event_id,
        oe1_0.event_type,
        oe1_0.exchange,
        oe1_0.payload,
        oe1_0.published_at,
        oe1_0.retry_count,
        oe1_0.routing_key,
        oe1_0.status 
    from
        outbox_events oe1_0 
    where
        oe1_0.status=? 
        and oe1_0.retry_count<?
2026-06-24 10:15:56 [scheduling-1] DEBUG org.hibernate.SQL - 
    /* <criteria> */ select
        oe1_0.id,
        oe1_0.created_at,
        oe1_0.event_id,
        oe1_0.event_type,
        oe1_0.exchange,
        oe1_0.payload,
        oe1_0.published_at,
        oe1_0.retry_count,
        oe1_0.routing_key,
        oe1_0.status 
    from
        outbox_events oe1_0 
    where
        oe1_0.status=? 
        and oe1_0.retry_count<?
2026-06-24 10:16:01 [scheduling-1] DEBUG org.hibernate.SQL - 
    /* <criteria> */ select
        oe1_0.id,
        oe1_0.created_at,
        oe1_0.event_id,
        oe1_0.event_type,
        oe1_0.exchange,
        oe1_0.payload,
        oe1_0.published_at,
        oe1_0.retry_count,
        oe1_0.routing_key,
        oe1_0.status 
    from
        outbox_events oe1_0 
    where
        oe1_0.status=? 
        and oe1_0.retry_count<?
2026-06-24 10:16:06 [scheduling-1] DEBUG org.hibernate.SQL - 
    /* <criteria> */ select
        oe1_0.id,
        oe1_0.created_at,
        oe1_0.event_id,
        oe1_0.event_type,
        oe1_0.exchange,
        oe1_0.payload,
        oe1_0.published_at,
        oe1_0.retry_count,
        oe1_0.routing_key,
        oe1_0.status 
    from
        outbox_events oe1_0 
    where
        oe1_0.status=? 
        and oe1_0.retry_count<?
2026-06-24 10:16:11 [scheduling-1] DEBUG org.hibernate.SQL - 
    /* <criteria> */ select
        oe1_0.id,
        oe1_0.created_at,
        oe1_0.event_id,
        oe1_0.event_type,
        oe1_0.exchange,
        oe1_0.payload,
        oe1_0.published_at,
        oe1_0.retry_count,
        oe1_0.routing_key,
        oe1_0.status 
    from
        outbox_events oe1_0 
    where
        oe1_0.status=? 
        and oe1_0.retry_count<?
2026-06-24 10:16:16 [scheduling-1] DEBUG org.hibernate.SQL - 
    /* <criteria> */ select
        oe1_0.id,
        oe1_0.created_at,
        oe1_0.event_id,
        oe1_0.event_type,
        oe1_0.exchange,
        oe1_0.payload,
        oe1_0.published_at,
        oe1_0.retry_count,
        oe1_0.routing_key,
        oe1_0.status 
    from
        outbox_events oe1_0 
    where
        oe1_0.status=? 
        and oe1_0.retry_count<?
2026-06-24 10:16:20 [AsyncResolver-bootstrap-executor-0] INFO  c.n.d.s.r.aws.ConfigClusterResolver - Resolving eureka endpoints via configuration
2026-06-24 10:16:21 [scheduling-1] DEBUG org.hibernate.SQL - 
    /* <criteria> */ select
        oe1_0.id,
        oe1_0.created_at,
        oe1_0.event_id,
        oe1_0.event_type,
        oe1_0.exchange,
        oe1_0.payload,
        oe1_0.published_at,
        oe1_0.retry_count,
        oe1_0.routing_key,
        oe1_0.status 
    from
        outbox_events oe1_0 
    where
        oe1_0.status=? 
        and oe1_0.retry_count<?
2026-06-24 10:16:26 [scheduling-1] DEBUG org.hibernate.SQL - 
    /* <criteria> */ select
        oe1_0.id,
        oe1_0.created_at,
        oe1_0.event_id,
        oe1_0.event_type,
        oe1_0.exchange,
        oe1_0.payload,
        oe1_0.published_at,
        oe1_0.retry_count,
        oe1_0.routing_key,
        oe1_0.status 
    from
        outbox_events oe1_0 
    where
        oe1_0.status=? 
        and oe1_0.retry_count<?
2026-06-24 10:16:31 [scheduling-1] DEBUG org.hibernate.SQL - 
    /* <criteria> */ select
        oe1_0.id,
        oe1_0.created_at,
        oe1_0.event_id,
        oe1_0.event_type,
        oe1_0.exchange,
        oe1_0.payload,
        oe1_0.published_at,
        oe1_0.retry_count,
        oe1_0.routing_key,
        oe1_0.status 
    from
        outbox_events oe1_0 
    where
        oe1_0.status=? 
        and oe1_0.retry_count<?
2026-06-24 10:16:36 [scheduling-1] DEBUG org.hibernate.SQL - 
    /* <criteria> */ select
        oe1_0.id,
        oe1_0.created_at,
        oe1_0.event_id,
        oe1_0.event_type,
        oe1_0.exchange,
        oe1_0.payload,
        oe1_0.published_at,
        oe1_0.retry_count,
        oe1_0.routing_key,
        oe1_0.status 
    from
        outbox_events oe1_0 
    where
        oe1_0.status=? 
        and oe1_0.retry_count<?
2026-06-24 10:16:41 [scheduling-1] DEBUG org.hibernate.SQL - 
    /* <criteria> */ select
        oe1_0.id,
        oe1_0.created_at,
        oe1_0.event_id,
        oe1_0.event_type,
        oe1_0.exchange,
        oe1_0.payload,
        oe1_0.published_at,
        oe1_0.retry_count,
        oe1_0.routing_key,
        oe1_0.status 
    from
        outbox_events oe1_0 
    where
        oe1_0.status=? 
        and oe1_0.retry_count<?
2026-06-24 10:16:46 [scheduling-1] DEBUG org.hibernate.SQL - 
    /* <criteria> */ select
        oe1_0.id,
        oe1_0.created_at,
        oe1_0.event_id,
        oe1_0.event_type,
        oe1_0.exchange,
        oe1_0.payload,
        oe1_0.published_at,
        oe1_0.retry_count,
        oe1_0.routing_key,
        oe1_0.status 
    from
        outbox_events oe1_0 
    where
        oe1_0.status=? 
        and oe1_0.retry_count<?
2026-06-24 10:16:51 [scheduling-1] DEBUG org.hibernate.SQL - 
    /* <criteria> */ select
        oe1_0.id,
        oe1_0.created_at,
        oe1_0.event_id,
        oe1_0.event_type,
        oe1_0.exchange,
        oe1_0.payload,
        oe1_0.published_at,
        oe1_0.retry_count,
        oe1_0.routing_key,
        oe1_0.status 
    from
        outbox_events oe1_0 
    where
        oe1_0.status=? 
        and oe1_0.retry_count<?
2026-06-24 10:16:56 [scheduling-1] DEBUG org.hibernate.SQL - 
    /* <criteria> */ select
        oe1_0.id,
        oe1_0.created_at,
        oe1_0.event_id,
        oe1_0.event_type,
        oe1_0.exchange,
        oe1_0.payload,
        oe1_0.published_at,
        oe1_0.retry_count,
        oe1_0.routing_key,
        oe1_0.status 
    from
        outbox_events oe1_0 
    where
        oe1_0.status=? 
        and oe1_0.retry_count<?
2026-06-24 10:17:01 [scheduling-1] DEBUG org.hibernate.SQL - 
    /* <criteria> */ select
        oe1_0.id,
        oe1_0.created_at,
        oe1_0.event_id,
        oe1_0.event_type,
        oe1_0.exchange,
        oe1_0.payload,
        oe1_0.published_at,
        oe1_0.retry_count,
        oe1_0.routing_key,
        oe1_0.status 
    from
        outbox_events oe1_0 
    where
        oe1_0.status=? 
        and oe1_0.retry_count<?
2026-06-24 10:17:06 [scheduling-1] DEBUG org.hibernate.SQL - 
    /* <criteria> */ select
        oe1_0.id,
        oe1_0.created_at,
        oe1_0.event_id,
        oe1_0.event_type,
        oe1_0.exchange,
        oe1_0.payload,
        oe1_0.published_at,
        oe1_0.retry_count,
        oe1_0.routing_key,
        oe1_0.status 
    from
        outbox_events oe1_0 
    where
        oe1_0.status=? 
        and oe1_0.retry_count<?
2026-06-24 10:17:11 [scheduling-1] DEBUG org.hibernate.SQL - 
    /* <criteria> */ select
        oe1_0.id,
        oe1_0.created_at,
        oe1_0.event_id,
        oe1_0.event_type,
        oe1_0.exchange,
        oe1_0.payload,
        oe1_0.published_at,
        oe1_0.retry_count,
        oe1_0.routing_key,
        oe1_0.status 
    from
        outbox_events oe1_0 
    where
        oe1_0.status=? 
        and oe1_0.retry_count<?
2026-06-24 10:17:16 [scheduling-1] DEBUG org.hibernate.SQL - 
    /* <criteria> */ select
        oe1_0.id,
        oe1_0.created_at,
        oe1_0.event_id,
        oe1_0.event_type,
        oe1_0.exchange,
        oe1_0.payload,
        oe1_0.published_at,
        oe1_0.retry_count,
        oe1_0.routing_key,
        oe1_0.status 
    from
        outbox_events oe1_0 
    where
        oe1_0.status=? 
        and oe1_0.retry_count<?
2026-06-24 10:17:21 [scheduling-1] DEBUG org.hibernate.SQL - 
    /* <criteria> */ select
        oe1_0.id,
        oe1_0.created_at,
        oe1_0.event_id,
        oe1_0.event_type,
        oe1_0.exchange,
        oe1_0.payload,
        oe1_0.published_at,
        oe1_0.retry_count,
        oe1_0.routing_key,
        oe1_0.status 
    from
        outbox_events oe1_0 
    where
        oe1_0.status=? 
        and oe1_0.retry_count<?
2026-06-24 10:17:26 [scheduling-1] DEBUG org.hibernate.SQL - 
    /* <criteria> */ select
        oe1_0.id,
        oe1_0.created_at,
        oe1_0.event_id,
        oe1_0.event_type,
        oe1_0.exchange,
        oe1_0.payload,
        oe1_0.published_at,
        oe1_0.retry_count,
        oe1_0.routing_key,
        oe1_0.status 
    from
        outbox_events oe1_0 
    where
        oe1_0.status=? 
        and oe1_0.retry_count<?
2026-06-24 10:17:31 [scheduling-1] DEBUG org.hibernate.SQL - 
    /* <criteria> */ select
        oe1_0.id,
        oe1_0.created_at,
        oe1_0.event_id,
        oe1_0.event_type,
        oe1_0.exchange,
        oe1_0.payload,
        oe1_0.published_at,
        oe1_0.retry_count,
        oe1_0.routing_key,
        oe1_0.status 
    from
        outbox_events oe1_0 
    where
        oe1_0.status=? 
        and oe1_0.retry_count<?
2026-06-24 10:17:36 [scheduling-1] DEBUG org.hibernate.SQL - 
    /* <criteria> */ select
        oe1_0.id,
        oe1_0.created_at,
        oe1_0.event_id,
        oe1_0.event_type,
        oe1_0.exchange,
        oe1_0.payload,
        oe1_0.published_at,
        oe1_0.retry_count,
        oe1_0.routing_key,
        oe1_0.status 
    from
        outbox_events oe1_0 
    where
        oe1_0.status=? 
        and oe1_0.retry_count<?
2026-06-24 10:17:41 [scheduling-1] DEBUG org.hibernate.SQL - 
    /* <criteria> */ select
        oe1_0.id,
        oe1_0.created_at,
        oe1_0.event_id,
        oe1_0.event_type,
        oe1_0.exchange,
        oe1_0.payload,
        oe1_0.published_at,
        oe1_0.retry_count,
        oe1_0.routing_key,
        oe1_0.status 
    from
        outbox_events oe1_0 
    where
        oe1_0.status=? 
        and oe1_0.retry_count<?
2026-06-24 10:17:46 [scheduling-1] DEBUG org.hibernate.SQL - 
    /* <criteria> */ select
        oe1_0.id,
        oe1_0.created_at,
        oe1_0.event_id,
        oe1_0.event_type,
        oe1_0.exchange,
        oe1_0.payload,
        oe1_0.published_at,
        oe1_0.retry_count,
        oe1_0.routing_key,
        oe1_0.status 
    from
        outbox_events oe1_0 
    where
        oe1_0.status=? 
        and oe1_0.retry_count<?
2026-06-24 10:17:51 [scheduling-1] DEBUG org.hibernate.SQL - 
    /* <criteria> */ select
        oe1_0.id,
        oe1_0.created_at,
        oe1_0.event_id,
        oe1_0.event_type,
        oe1_0.exchange,
        oe1_0.payload,
        oe1_0.published_at,
        oe1_0.retry_count,
        oe1_0.routing_key,
        oe1_0.status 
    from
        outbox_events oe1_0 
    where
        oe1_0.status=? 
        and oe1_0.retry_count<?
2026-06-24 10:17:56 [scheduling-1] DEBUG org.hibernate.SQL - 
    /* <criteria> */ select
        oe1_0.id,
        oe1_0.created_at,
        oe1_0.event_id,
        oe1_0.event_type,
        oe1_0.exchange,
        oe1_0.payload,
        oe1_0.published_at,
        oe1_0.retry_count,
        oe1_0.routing_key,
        oe1_0.status 
    from
        outbox_events oe1_0 
    where
        oe1_0.status=? 
        and oe1_0.retry_count<?
2026-06-24 10:18:01 [scheduling-1] DEBUG org.hibernate.SQL - 
    /* <criteria> */ select
        oe1_0.id,
        oe1_0.created_at,
        oe1_0.event_id,
        oe1_0.event_type,
        oe1_0.exchange,
        oe1_0.payload,
        oe1_0.published_at,
        oe1_0.retry_count,
        oe1_0.routing_key,
        oe1_0.status 
    from
        outbox_events oe1_0 
    where
        oe1_0.status=? 
        and oe1_0.retry_count<?
2026-06-24 10:18:06 [scheduling-1] DEBUG org.hibernate.SQL - 
    /* <criteria> */ select
        oe1_0.id,
        oe1_0.created_at,
        oe1_0.event_id,
        oe1_0.event_type,
        oe1_0.exchange,
        oe1_0.payload,
        oe1_0.published_at,
        oe1_0.retry_count,
        oe1_0.routing_key,
        oe1_0.status 
    from
        outbox_events oe1_0 
    where
        oe1_0.status=? 
        and oe1_0.retry_count<?
2026-06-24 10:18:11 [scheduling-1] DEBUG org.hibernate.SQL - 
    /* <criteria> */ select
        oe1_0.id,
        oe1_0.created_at,
        oe1_0.event_id,
        oe1_0.event_type,
        oe1_0.exchange,
        oe1_0.payload,
        oe1_0.published_at,
        oe1_0.retry_count,
        oe1_0.routing_key,
        oe1_0.status 
    from
        outbox_events oe1_0 
    where
        oe1_0.status=? 
        and oe1_0.retry_count<?
2026-06-24 10:18:16 [scheduling-1] DEBUG org.hibernate.SQL - 
    /* <criteria> */ select
        oe1_0.id,
        oe1_0.created_at,
        oe1_0.event_id,
        oe1_0.event_type,
        oe1_0.exchange,
        oe1_0.payload,
        oe1_0.published_at,
        oe1_0.retry_count,
        oe1_0.routing_key,
        oe1_0.status 
    from
        outbox_events oe1_0 
    where
        oe1_0.status=? 
        and oe1_0.retry_count<?
2026-06-24 10:18:21 [scheduling-1] DEBUG org.hibernate.SQL - 
    /* <criteria> */ select
        oe1_0.id,
        oe1_0.created_at,
        oe1_0.event_id,
        oe1_0.event_type,
        oe1_0.exchange,
        oe1_0.payload,
        oe1_0.published_at,
        oe1_0.retry_count,
        oe1_0.routing_key,
        oe1_0.status 
    from
        outbox_events oe1_0 
    where
        oe1_0.status=? 
        and oe1_0.retry_count<?
2026-06-24 10:18:26 [scheduling-1] DEBUG org.hibernate.SQL - 
    /* <criteria> */ select
        oe1_0.id,
        oe1_0.created_at,
        oe1_0.event_id,
        oe1_0.event_type,
        oe1_0.exchange,
        oe1_0.payload,
        oe1_0.published_at,
        oe1_0.retry_count,
        oe1_0.routing_key,
        oe1_0.status 
    from
        outbox_events oe1_0 
    where
        oe1_0.status=? 
        and oe1_0.retry_count<?
2026-06-24 10:18:31 [scheduling-1] DEBUG org.hibernate.SQL - 
    /* <criteria> */ select
        oe1_0.id,
        oe1_0.created_at,
        oe1_0.event_id,
        oe1_0.event_type,
        oe1_0.exchange,
        oe1_0.payload,
        oe1_0.published_at,
        oe1_0.retry_count,
        oe1_0.routing_key,
        oe1_0.status 
    from
        outbox_events oe1_0 
    where
        oe1_0.status=? 
        and oe1_0.retry_count<?
2026-06-24 10:18:36 [scheduling-1] DEBUG org.hibernate.SQL - 
    /* <criteria> */ select
        oe1_0.id,
        oe1_0.created_at,
        oe1_0.event_id,
        oe1_0.event_type,
        oe1_0.exchange,
        oe1_0.payload,
        oe1_0.published_at,
        oe1_0.retry_count,
        oe1_0.routing_key,
        oe1_0.status 
    from
        outbox_events oe1_0 
    where
        oe1_0.status=? 
        and oe1_0.retry_count<?
2026-06-24 10:18:41 [scheduling-1] DEBUG org.hibernate.SQL - 
    /* <criteria> */ select
        oe1_0.id,
        oe1_0.created_at,
        oe1_0.event_id,
        oe1_0.event_type,
        oe1_0.exchange,
        oe1_0.payload,
        oe1_0.published_at,
        oe1_0.retry_count,
        oe1_0.routing_key,
        oe1_0.status 
    from
        outbox_events oe1_0 
    where
        oe1_0.status=? 
        and oe1_0.retry_count<?
2026-06-24 10:18:46 [scheduling-1] DEBUG org.hibernate.SQL - 
    /* <criteria> */ select
        oe1_0.id,
        oe1_0.created_at,
        oe1_0.event_id,
        oe1_0.event_type,
        oe1_0.exchange,
        oe1_0.payload,
        oe1_0.published_at,
        oe1_0.retry_count,
        oe1_0.routing_key,
        oe1_0.status 
    from
        outbox_events oe1_0 
    where
        oe1_0.status=? 
        and oe1_0.retry_count<?
2026-06-24 10:18:51 [scheduling-1] DEBUG org.hibernate.SQL - 
    /* <criteria> */ select
        oe1_0.id,
        oe1_0.created_at,
        oe1_0.event_id,
        oe1_0.event_type,
        oe1_0.exchange,
        oe1_0.payload,
        oe1_0.published_at,
        oe1_0.retry_count,
        oe1_0.routing_key,
        oe1_0.status 
    from
        outbox_events oe1_0 
    where
        oe1_0.status=? 
        and oe1_0.retry_count<?
2026-06-24 10:18:56 [scheduling-1] DEBUG org.hibernate.SQL - 
    /* <criteria> */ select
        oe1_0.id,
        oe1_0.created_at,
        oe1_0.event_id,
        oe1_0.event_type,
        oe1_0.exchange,
        oe1_0.payload,
        oe1_0.published_at,
        oe1_0.retry_count,
        oe1_0.routing_key,
        oe1_0.status 
    from
        outbox_events oe1_0 
    where
        oe1_0.status=? 
        and oe1_0.retry_count<?
2026-06-24 10:19:01 [scheduling-1] DEBUG org.hibernate.SQL - 
    /* <criteria> */ select
        oe1_0.id,
        oe1_0.created_at,
        oe1_0.event_id,
        oe1_0.event_type,
        oe1_0.exchange,
        oe1_0.payload,
        oe1_0.published_at,
        oe1_0.retry_count,
        oe1_0.routing_key,
        oe1_0.status 
    from
        outbox_events oe1_0 
    where
        oe1_0.status=? 
        and oe1_0.retry_count<?
2026-06-24 10:19:07 [scheduling-1] DEBUG org.hibernate.SQL - 
    /* <criteria> */ select
        oe1_0.id,
        oe1_0.created_at,
        oe1_0.event_id,
        oe1_0.event_type,
        oe1_0.exchange,
        oe1_0.payload,
        oe1_0.published_at,
        oe1_0.retry_count,
        oe1_0.routing_key,
        oe1_0.status 
    from
        outbox_events oe1_0 
    where
        oe1_0.status=? 
        and oe1_0.retry_count<?
2026-06-24 10:19:12 [scheduling-1] DEBUG org.hibernate.SQL - 
    /* <criteria> */ select
        oe1_0.id,
        oe1_0.created_at,
        oe1_0.event_id,
        oe1_0.event_type,
        oe1_0.exchange,
        oe1_0.payload,
        oe1_0.published_at,
        oe1_0.retry_count,
        oe1_0.routing_key,
        oe1_0.status 
    from
        outbox_events oe1_0 
    where
        oe1_0.status=? 
        and oe1_0.retry_count<?
2026-06-24 10:19:17 [scheduling-1] DEBUG org.hibernate.SQL - 
    /* <criteria> */ select
        oe1_0.id,
        oe1_0.created_at,
        oe1_0.event_id,
        oe1_0.event_type,
        oe1_0.exchange,
        oe1_0.payload,
        oe1_0.published_at,
        oe1_0.retry_count,
        oe1_0.routing_key,
        oe1_0.status 
    from
        outbox_events oe1_0 
    where
        oe1_0.status=? 
        and oe1_0.retry_count<?
2026-06-24 10:19:22 [scheduling-1] DEBUG org.hibernate.SQL - 
    /* <criteria> */ select
        oe1_0.id,
        oe1_0.created_at,
        oe1_0.event_id,
        oe1_0.event_type,
        oe1_0.exchange,
        oe1_0.payload,
        oe1_0.published_at,
        oe1_0.retry_count,
        oe1_0.routing_key,
        oe1_0.status 
    from
        outbox_events oe1_0 
    where
        oe1_0.status=? 
        and oe1_0.retry_count<?
2026-06-24 10:19:27 [scheduling-1] DEBUG org.hibernate.SQL - 
    /* <criteria> */ select
        oe1_0.id,
        oe1_0.created_at,
        oe1_0.event_id,
        oe1_0.event_type,
        oe1_0.exchange,
        oe1_0.payload,
        oe1_0.published_at,
        oe1_0.retry_count,
        oe1_0.routing_key,
        oe1_0.status 
    from
        outbox_events oe1_0 
    where
        oe1_0.status=? 
        and oe1_0.retry_count<?
2026-06-24 10:19:32 [scheduling-1] DEBUG org.hibernate.SQL - 
    /* <criteria> */ select
        oe1_0.id,
        oe1_0.created_at,
        oe1_0.event_id,
        oe1_0.event_type,
        oe1_0.exchange,
        oe1_0.payload,
        oe1_0.published_at,
        oe1_0.retry_count,
        oe1_0.routing_key,
        oe1_0.status 
    from
        outbox_events oe1_0 
    where
        oe1_0.status=? 
        and oe1_0.retry_count<?
2026-06-24 10:19:37 [scheduling-1] DEBUG org.hibernate.SQL - 
    /* <criteria> */ select
        oe1_0.id,
        oe1_0.created_at,
        oe1_0.event_id,
        oe1_0.event_type,
        oe1_0.exchange,
        oe1_0.payload,
        oe1_0.published_at,
        oe1_0.retry_count,
        oe1_0.routing_key,
        oe1_0.status 
    from
        outbox_events oe1_0 
    where
        oe1_0.status=? 
        and oe1_0.retry_count<?
2026-06-24 10:19:42 [scheduling-1] DEBUG org.hibernate.SQL - 
    /* <criteria> */ select
        oe1_0.id,
        oe1_0.created_at,
        oe1_0.event_id,
        oe1_0.event_type,
        oe1_0.exchange,
        oe1_0.payload,
        oe1_0.published_at,
        oe1_0.retry_count,
        oe1_0.routing_key,
        oe1_0.status 
    from
        outbox_events oe1_0 
    where
        oe1_0.status=? 
        and oe1_0.retry_count<?
2026-06-24 10:19:47 [scheduling-1] DEBUG org.hibernate.SQL - 
    /* <criteria> */ select
        oe1_0.id,
        oe1_0.created_at,
        oe1_0.event_id,
        oe1_0.event_type,
        oe1_0.exchange,
        oe1_0.payload,
        oe1_0.published_at,
        oe1_0.retry_count,
        oe1_0.routing_key,
        oe1_0.status 
    from
        outbox_events oe1_0 
    where
        oe1_0.status=? 
        and oe1_0.retry_count<?
2026-06-24 10:19:52 [scheduling-1] DEBUG org.hibernate.SQL - 
    /* <criteria> */ select
        oe1_0.id,
        oe1_0.created_at,
        oe1_0.event_id,
        oe1_0.event_type,
        oe1_0.exchange,
        oe1_0.payload,
        oe1_0.published_at,
        oe1_0.retry_count,
        oe1_0.routing_key,
        oe1_0.status 
    from
        outbox_events oe1_0 
    where
        oe1_0.status=? 
        and oe1_0.retry_count<?
2026-06-24 10:19:57 [scheduling-1] DEBUG org.hibernate.SQL - 
    /* <criteria> */ select
        oe1_0.id,
        oe1_0.created_at,
        oe1_0.event_id,
        oe1_0.event_type,
        oe1_0.exchange,
        oe1_0.payload,
        oe1_0.published_at,
        oe1_0.retry_count,
        oe1_0.routing_key,
        oe1_0.status 
    from
        outbox_events oe1_0 
    where
        oe1_0.status=? 
        and oe1_0.retry_count<?
2026-06-24 10:20:02 [scheduling-1] DEBUG org.hibernate.SQL - 
    /* <criteria> */ select
        oe1_0.id,
        oe1_0.created_at,
        oe1_0.event_id,
        oe1_0.event_type,
        oe1_0.exchange,
        oe1_0.payload,
        oe1_0.published_at,
        oe1_0.retry_count,
        oe1_0.routing_key,
        oe1_0.status 
    from
        outbox_events oe1_0 
    where
        oe1_0.status=? 
        and oe1_0.retry_count<?
2026-06-24 10:20:07 [scheduling-1] DEBUG org.hibernate.SQL - 
    /* <criteria> */ select
        oe1_0.id,
        oe1_0.created_at,
        oe1_0.event_id,
        oe1_0.event_type,
        oe1_0.exchange,
        oe1_0.payload,
        oe1_0.published_at,
        oe1_0.retry_count,
        oe1_0.routing_key,
        oe1_0.status 
    from
        outbox_events oe1_0 
    where
        oe1_0.status=? 
        and oe1_0.retry_count<?
2026-06-24 10:20:12 [scheduling-1] DEBUG org.hibernate.SQL - 
    /* <criteria> */ select
        oe1_0.id,
        oe1_0.created_at,
        oe1_0.event_id,
        oe1_0.event_type,
        oe1_0.exchange,
        oe1_0.payload,
        oe1_0.published_at,
        oe1_0.retry_count,
        oe1_0.routing_key,
        oe1_0.status 
    from
        outbox_events oe1_0 
    where
        oe1_0.status=? 
        and oe1_0.retry_count<?
2026-06-24 10:20:17 [scheduling-1] DEBUG org.hibernate.SQL - 
    /* <criteria> */ select
        oe1_0.id,
        oe1_0.created_at,
        oe1_0.event_id,
        oe1_0.event_type,
        oe1_0.exchange,
        oe1_0.payload,
        oe1_0.published_at,
        oe1_0.retry_count,
        oe1_0.routing_key,
        oe1_0.status 
    from
        outbox_events oe1_0 
    where
        oe1_0.status=? 
        and oe1_0.retry_count<?
2026-06-24 10:20:22 [scheduling-1] DEBUG org.hibernate.SQL - 
    /* <criteria> */ select
        oe1_0.id,
        oe1_0.created_at,
        oe1_0.event_id,
        oe1_0.event_type,
        oe1_0.exchange,
        oe1_0.payload,
        oe1_0.published_at,
        oe1_0.retry_count,
        oe1_0.routing_key,
        oe1_0.status 
    from
        outbox_events oe1_0 
    where
        oe1_0.status=? 
        and oe1_0.retry_count<?
2026-06-24 10:20:27 [scheduling-1] DEBUG org.hibernate.SQL - 
    /* <criteria> */ select
        oe1_0.id,
        oe1_0.created_at,
        oe1_0.event_id,
        oe1_0.event_type,
        oe1_0.exchange,
        oe1_0.payload,
        oe1_0.published_at,
        oe1_0.retry_count,
        oe1_0.routing_key,
        oe1_0.status 
    from
        outbox_events oe1_0 
    where
        oe1_0.status=? 
        and oe1_0.retry_count<?
2026-06-24 10:20:32 [scheduling-1] DEBUG org.hibernate.SQL - 
    /* <criteria> */ select
        oe1_0.id,
        oe1_0.created_at,
        oe1_0.event_id,
        oe1_0.event_type,
        oe1_0.exchange,
        oe1_0.payload,
        oe1_0.published_at,
        oe1_0.retry_count,
        oe1_0.routing_key,
        oe1_0.status 
    from
        outbox_events oe1_0 
    where
        oe1_0.status=? 
        and oe1_0.retry_count<?
2026-06-24 10:20:37 [scheduling-1] DEBUG org.hibernate.SQL - 
    /* <criteria> */ select
        oe1_0.id,
        oe1_0.created_at,
        oe1_0.event_id,
        oe1_0.event_type,
        oe1_0.exchange,
        oe1_0.payload,
        oe1_0.published_at,
        oe1_0.retry_count,
        oe1_0.routing_key,
        oe1_0.status 
    from
        outbox_events oe1_0 
    where
        oe1_0.status=? 
        and oe1_0.retry_count<?
2026-06-24 10:20:42 [scheduling-1] DEBUG org.hibernate.SQL - 
    /* <criteria> */ select
        oe1_0.id,
        oe1_0.created_at,
        oe1_0.event_id,
        oe1_0.event_type,
        oe1_0.exchange,
        oe1_0.payload,
        oe1_0.published_at,
        oe1_0.retry_count,
        oe1_0.routing_key,
        oe1_0.status 
    from
        outbox_events oe1_0 
    where
        oe1_0.status=? 
        and oe1_0.retry_count<?
2026-06-24 10:20:47 [scheduling-1] DEBUG org.hibernate.SQL - 
    /* <criteria> */ select
        oe1_0.id,
        oe1_0.created_at,
        oe1_0.event_id,
        oe1_0.event_type,
        oe1_0.exchange,
        oe1_0.payload,
        oe1_0.published_at,
        oe1_0.retry_count,
        oe1_0.routing_key,
        oe1_0.status 
    from
        outbox_events oe1_0 
    where
        oe1_0.status=? 
        and oe1_0.retry_count<?
2026-06-24 10:20:52 [scheduling-1] DEBUG org.hibernate.SQL - 
    /* <criteria> */ select
        oe1_0.id,
        oe1_0.created_at,
        oe1_0.event_id,
        oe1_0.event_type,
        oe1_0.exchange,
        oe1_0.payload,
        oe1_0.published_at,
        oe1_0.retry_count,
        oe1_0.routing_key,
        oe1_0.status 
    from
        outbox_events oe1_0 
    where
        oe1_0.status=? 
        and oe1_0.retry_count<?
2026-06-24 10:20:57 [scheduling-1] DEBUG org.hibernate.SQL - 
    /* <criteria> */ select
        oe1_0.id,
        oe1_0.created_at,
        oe1_0.event_id,
        oe1_0.event_type,
        oe1_0.exchange,
        oe1_0.payload,
        oe1_0.published_at,
        oe1_0.retry_count,
        oe1_0.routing_key,
        oe1_0.status 
    from
        outbox_events oe1_0 
    where
        oe1_0.status=? 
        and oe1_0.retry_count<?
2026-06-24 10:21:02 [scheduling-1] DEBUG org.hibernate.SQL - 
    /* <criteria> */ select
        oe1_0.id,
        oe1_0.created_at,
        oe1_0.event_id,
        oe1_0.event_type,
        oe1_0.exchange,
        oe1_0.payload,
        oe1_0.published_at,
        oe1_0.retry_count,
        oe1_0.routing_key,
        oe1_0.status 
    from
        outbox_events oe1_0 
    where
        oe1_0.status=? 
        and oe1_0.retry_count<?
2026-06-24 10:21:07 [scheduling-1] DEBUG org.hibernate.SQL - 
    /* <criteria> */ select
        oe1_0.id,
        oe1_0.created_at,
        oe1_0.event_id,
        oe1_0.event_type,
        oe1_0.exchange,
        oe1_0.payload,
        oe1_0.published_at,
        oe1_0.retry_count,
        oe1_0.routing_key,
        oe1_0.status 
    from
        outbox_events oe1_0 
    where
        oe1_0.status=? 
        and oe1_0.retry_count<?
2026-06-24 10:21:12 [scheduling-1] DEBUG org.hibernate.SQL - 
    /* <criteria> */ select
        oe1_0.id,
        oe1_0.created_at,
        oe1_0.event_id,
        oe1_0.event_type,
        oe1_0.exchange,
        oe1_0.payload,
        oe1_0.published_at,
        oe1_0.retry_count,
        oe1_0.routing_key,
        oe1_0.status 
    from
        outbox_events oe1_0 
    where
        oe1_0.status=? 
        and oe1_0.retry_count<?
2026-06-24 10:21:17 [scheduling-1] DEBUG org.hibernate.SQL - 
    /* <criteria> */ select
        oe1_0.id,
        oe1_0.created_at,
        oe1_0.event_id,
        oe1_0.event_type,
        oe1_0.exchange,
        oe1_0.payload,
        oe1_0.published_at,
        oe1_0.retry_count,
        oe1_0.routing_key,
        oe1_0.status 
    from
        outbox_events oe1_0 
    where
        oe1_0.status=? 
        and oe1_0.retry_count<?
2026-06-24 10:21:20 [AsyncResolver-bootstrap-executor-0] INFO  c.n.d.s.r.aws.ConfigClusterResolver - Resolving eureka endpoints via configuration
2026-06-24 10:21:22 [scheduling-1] DEBUG org.hibernate.SQL - 
    /* <criteria> */ select
        oe1_0.id,
        oe1_0.created_at,
        oe1_0.event_id,
        oe1_0.event_type,
        oe1_0.exchange,
        oe1_0.payload,
        oe1_0.published_at,
        oe1_0.retry_count,
        oe1_0.routing_key,
        oe1_0.status 
    from
        outbox_events oe1_0 
    where
        oe1_0.status=? 
        and oe1_0.retry_count<?
2026-06-24 10:21:27 [scheduling-1] DEBUG org.hibernate.SQL - 
    /* <criteria> */ select
        oe1_0.id,
        oe1_0.created_at,
        oe1_0.event_id,
        oe1_0.event_type,
        oe1_0.exchange,
        oe1_0.payload,
        oe1_0.published_at,
        oe1_0.retry_count,
        oe1_0.routing_key,
        oe1_0.status 
    from
        outbox_events oe1_0 
    where
        oe1_0.status=? 
        and oe1_0.retry_count<?
2026-06-24 10:21:32 [scheduling-1] DEBUG org.hibernate.SQL - 
    /* <criteria> */ select
        oe1_0.id,
        oe1_0.created_at,
        oe1_0.event_id,
        oe1_0.event_type,
        oe1_0.exchange,
        oe1_0.payload,
        oe1_0.published_at,
        oe1_0.retry_count,
        oe1_0.routing_key,
        oe1_0.status 
    from
        outbox_events oe1_0 
    where
        oe1_0.status=? 
        and oe1_0.retry_count<?
2026-06-24 10:21:37 [scheduling-1] DEBUG org.hibernate.SQL - 
    /* <criteria> */ select
        oe1_0.id,
        oe1_0.created_at,
        oe1_0.event_id,
        oe1_0.event_type,
        oe1_0.exchange,
        oe1_0.payload,
        oe1_0.published_at,
        oe1_0.retry_count,
        oe1_0.routing_key,
        oe1_0.status 
    from
        outbox_events oe1_0 
    where
        oe1_0.status=? 
        and oe1_0.retry_count<?
2026-06-24 10:21:42 [scheduling-1] DEBUG org.hibernate.SQL - 
    /* <criteria> */ select
        oe1_0.id,
        oe1_0.created_at,
        oe1_0.event_id,
        oe1_0.event_type,
        oe1_0.exchange,
        oe1_0.payload,
        oe1_0.published_at,
        oe1_0.retry_count,
        oe1_0.routing_key,
        oe1_0.status 
    from
        outbox_events oe1_0 
    where
        oe1_0.status=? 
        and oe1_0.retry_count<?
2026-06-24 10:21:47 [scheduling-1] DEBUG org.hibernate.SQL - 
    /* <criteria> */ select
        oe1_0.id,
        oe1_0.created_at,
        oe1_0.event_id,
        oe1_0.event_type,
        oe1_0.exchange,
        oe1_0.payload,
        oe1_0.published_at,
        oe1_0.retry_count,
        oe1_0.routing_key,
        oe1_0.status 
    from
        outbox_events oe1_0 
    where
        oe1_0.status=? 
        and oe1_0.retry_count<?
2026-06-24 10:21:52 [scheduling-1] DEBUG org.hibernate.SQL - 
    /* <criteria> */ select
        oe1_0.id,
        oe1_0.created_at,
        oe1_0.event_id,
        oe1_0.event_type,
        oe1_0.exchange,
        oe1_0.payload,
        oe1_0.published_at,
        oe1_0.retry_count,
        oe1_0.routing_key,
        oe1_0.status 
    from
        outbox_events oe1_0 
    where
        oe1_0.status=? 
        and oe1_0.retry_count<?
2026-06-24 10:21:57 [scheduling-1] DEBUG org.hibernate.SQL - 
    /* <criteria> */ select
        oe1_0.id,
        oe1_0.created_at,
        oe1_0.event_id,
        oe1_0.event_type,
        oe1_0.exchange,
        oe1_0.payload,
        oe1_0.published_at,
        oe1_0.retry_count,
        oe1_0.routing_key,
        oe1_0.status 
    from
        outbox_events oe1_0 
    where
        oe1_0.status=? 
        and oe1_0.retry_count<?
2026-06-24 10:22:02 [scheduling-1] DEBUG org.hibernate.SQL - 
    /* <criteria> */ select
        oe1_0.id,
        oe1_0.created_at,
        oe1_0.event_id,
        oe1_0.event_type,
        oe1_0.exchange,
        oe1_0.payload,
        oe1_0.published_at,
        oe1_0.retry_count,
        oe1_0.routing_key,
        oe1_0.status 
    from
        outbox_events oe1_0 
    where
        oe1_0.status=? 
        and oe1_0.retry_count<?
2026-06-24 10:22:07 [scheduling-1] DEBUG org.hibernate.SQL - 
    /* <criteria> */ select
        oe1_0.id,
        oe1_0.created_at,
        oe1_0.event_id,
        oe1_0.event_type,
        oe1_0.exchange,
        oe1_0.payload,
        oe1_0.published_at,
        oe1_0.retry_count,
        oe1_0.routing_key,
        oe1_0.status 
    from
        outbox_events oe1_0 
    where
        oe1_0.status=? 
        and oe1_0.retry_count<?
2026-06-24 10:22:12 [scheduling-1] DEBUG org.hibernate.SQL - 
    /* <criteria> */ select
        oe1_0.id,
        oe1_0.created_at,
        oe1_0.event_id,
        oe1_0.event_type,
        oe1_0.exchange,
        oe1_0.payload,
        oe1_0.published_at,
        oe1_0.retry_count,
        oe1_0.routing_key,
        oe1_0.status 
    from
        outbox_events oe1_0 
    where
        oe1_0.status=? 
        and oe1_0.retry_count<?
2026-06-24 10:22:18 [scheduling-1] DEBUG org.hibernate.SQL - 
    /* <criteria> */ select
        oe1_0.id,
        oe1_0.created_at,
        oe1_0.event_id,
        oe1_0.event_type,
        oe1_0.exchange,
        oe1_0.payload,
        oe1_0.published_at,
        oe1_0.retry_count,
        oe1_0.routing_key,
        oe1_0.status 
    from
        outbox_events oe1_0 
    where
        oe1_0.status=? 
        and oe1_0.retry_count<?
2026-06-24 10:22:23 [scheduling-1] DEBUG org.hibernate.SQL - 
    /* <criteria> */ select
        oe1_0.id,
        oe1_0.created_at,
        oe1_0.event_id,
        oe1_0.event_type,
        oe1_0.exchange,
        oe1_0.payload,
        oe1_0.published_at,
        oe1_0.retry_count,
        oe1_0.routing_key,
        oe1_0.status 
    from
        outbox_events oe1_0 
    where
        oe1_0.status=? 
        and oe1_0.retry_count<?
2026-06-24 10:22:28 [scheduling-1] DEBUG org.hibernate.SQL - 
    /* <criteria> */ select
        oe1_0.id,
        oe1_0.created_at,
        oe1_0.event_id,
        oe1_0.event_type,
        oe1_0.exchange,
        oe1_0.payload,
        oe1_0.published_at,
        oe1_0.retry_count,
        oe1_0.routing_key,
        oe1_0.status 
    from
        outbox_events oe1_0 
    where
        oe1_0.status=? 
        and oe1_0.retry_count<?
2026-06-24 10:22:33 [scheduling-1] DEBUG org.hibernate.SQL - 
    /* <criteria> */ select
        oe1_0.id,
        oe1_0.created_at,
        oe1_0.event_id,
        oe1_0.event_type,
        oe1_0.exchange,
        oe1_0.payload,
        oe1_0.published_at,
        oe1_0.retry_count,
        oe1_0.routing_key,
        oe1_0.status 
    from
        outbox_events oe1_0 
    where
        oe1_0.status=? 
        and oe1_0.retry_count<?
2026-06-24 10:22:38 [scheduling-1] DEBUG org.hibernate.SQL - 
    /* <criteria> */ select
        oe1_0.id,
        oe1_0.created_at,
        oe1_0.event_id,
        oe1_0.event_type,
        oe1_0.exchange,
        oe1_0.payload,
        oe1_0.published_at,
        oe1_0.retry_count,
        oe1_0.routing_key,
        oe1_0.status 
    from
        outbox_events oe1_0 
    where
        oe1_0.status=? 
        and oe1_0.retry_count<?
2026-06-24 10:22:43 [scheduling-1] DEBUG org.hibernate.SQL - 
    /* <criteria> */ select
        oe1_0.id,
        oe1_0.created_at,
        oe1_0.event_id,
        oe1_0.event_type,
        oe1_0.exchange,
        oe1_0.payload,
        oe1_0.published_at,
        oe1_0.retry_count,
        oe1_0.routing_key,
        oe1_0.status 
    from
        outbox_events oe1_0 
    where
        oe1_0.status=? 
        and oe1_0.retry_count<?
2026-06-24 10:22:48 [scheduling-1] DEBUG org.hibernate.SQL - 
    /* <criteria> */ select
        oe1_0.id,
        oe1_0.created_at,
        oe1_0.event_id,
        oe1_0.event_type,
        oe1_0.exchange,
        oe1_0.payload,
        oe1_0.published_at,
        oe1_0.retry_count,
        oe1_0.routing_key,
        oe1_0.status 
    from
        outbox_events oe1_0 
    where
        oe1_0.status=? 
        and oe1_0.retry_count<?
2026-06-24 10:22:53 [scheduling-1] DEBUG org.hibernate.SQL - 
    /* <criteria> */ select
        oe1_0.id,
        oe1_0.created_at,
        oe1_0.event_id,
        oe1_0.event_type,
        oe1_0.exchange,
        oe1_0.payload,
        oe1_0.published_at,
        oe1_0.retry_count,
        oe1_0.routing_key,
        oe1_0.status 
    from
        outbox_events oe1_0 
    where
        oe1_0.status=? 
        and oe1_0.retry_count<?
2026-06-24 10:22:58 [scheduling-1] DEBUG org.hibernate.SQL - 
    /* <criteria> */ select
        oe1_0.id,
        oe1_0.created_at,
        oe1_0.event_id,
        oe1_0.event_type,
        oe1_0.exchange,
        oe1_0.payload,
        oe1_0.published_at,
        oe1_0.retry_count,
        oe1_0.routing_key,
        oe1_0.status 
    from
        outbox_events oe1_0 
    where
        oe1_0.status=? 
        and oe1_0.retry_count<?
2026-06-24 10:23:03 [scheduling-1] DEBUG org.hibernate.SQL - 
    /* <criteria> */ select
        oe1_0.id,
        oe1_0.created_at,
        oe1_0.event_id,
        oe1_0.event_type,
        oe1_0.exchange,
        oe1_0.payload,
        oe1_0.published_at,
        oe1_0.retry_count,
        oe1_0.routing_key,
        oe1_0.status 
    from
        outbox_events oe1_0 
    where
        oe1_0.status=? 
        and oe1_0.retry_count<?
2026-06-24 10:23:08 [scheduling-1] DEBUG org.hibernate.SQL - 
    /* <criteria> */ select
        oe1_0.id,
        oe1_0.created_at,
        oe1_0.event_id,
        oe1_0.event_type,
        oe1_0.exchange,
        oe1_0.payload,
        oe1_0.published_at,
        oe1_0.retry_count,
        oe1_0.routing_key,
        oe1_0.status 
    from
        outbox_events oe1_0 
    where
        oe1_0.status=? 
        and oe1_0.retry_count<?
2026-06-24 10:23:13 [scheduling-1] DEBUG org.hibernate.SQL - 
    /* <criteria> */ select
        oe1_0.id,
        oe1_0.created_at,
        oe1_0.event_id,
        oe1_0.event_type,
        oe1_0.exchange,
        oe1_0.payload,
        oe1_0.published_at,
        oe1_0.retry_count,
        oe1_0.routing_key,
        oe1_0.status 
    from
        outbox_events oe1_0 
    where
        oe1_0.status=? 
        and oe1_0.retry_count<?
2026-06-24 10:23:18 [scheduling-1] DEBUG org.hibernate.SQL - 
    /* <criteria> */ select
        oe1_0.id,
        oe1_0.created_at,
        oe1_0.event_id,
        oe1_0.event_type,
        oe1_0.exchange,
        oe1_0.payload,
        oe1_0.published_at,
        oe1_0.retry_count,
        oe1_0.routing_key,
        oe1_0.status 
    from
        outbox_events oe1_0 
    where
        oe1_0.status=? 
        and oe1_0.retry_count<?
2026-06-24 10:23:23 [scheduling-1] DEBUG org.hibernate.SQL - 
    /* <criteria> */ select
        oe1_0.id,
        oe1_0.created_at,
        oe1_0.event_id,
        oe1_0.event_type,
        oe1_0.exchange,
        oe1_0.payload,
        oe1_0.published_at,
        oe1_0.retry_count,
        oe1_0.routing_key,
        oe1_0.status 
    from
        outbox_events oe1_0 
    where
        oe1_0.status=? 
        and oe1_0.retry_count<?
2026-06-24 10:23:28 [scheduling-1] DEBUG org.hibernate.SQL - 
    /* <criteria> */ select
        oe1_0.id,
        oe1_0.created_at,
        oe1_0.event_id,
        oe1_0.event_type,
        oe1_0.exchange,
        oe1_0.payload,
        oe1_0.published_at,
        oe1_0.retry_count,
        oe1_0.routing_key,
        oe1_0.status 
    from
        outbox_events oe1_0 
    where
        oe1_0.status=? 
        and oe1_0.retry_count<?
2026-06-24 10:23:33 [scheduling-1] DEBUG org.hibernate.SQL - 
    /* <criteria> */ select
        oe1_0.id,
        oe1_0.created_at,
        oe1_0.event_id,
        oe1_0.event_type,
        oe1_0.exchange,
        oe1_0.payload,
        oe1_0.published_at,
        oe1_0.retry_count,
        oe1_0.routing_key,
        oe1_0.status 
    from
        outbox_events oe1_0 
    where
        oe1_0.status=? 
        and oe1_0.retry_count<?
2026-06-24 10:23:38 [scheduling-1] DEBUG org.hibernate.SQL - 
    /* <criteria> */ select
        oe1_0.id,
        oe1_0.created_at,
        oe1_0.event_id,
        oe1_0.event_type,
        oe1_0.exchange,
        oe1_0.payload,
        oe1_0.published_at,
        oe1_0.retry_count,
        oe1_0.routing_key,
        oe1_0.status 
    from
        outbox_events oe1_0 
    where
        oe1_0.status=? 
        and oe1_0.retry_count<?
2026-06-24 10:23:43 [scheduling-1] DEBUG org.hibernate.SQL - 
    /* <criteria> */ select
        oe1_0.id,
        oe1_0.created_at,
        oe1_0.event_id,
        oe1_0.event_type,
        oe1_0.exchange,
        oe1_0.payload,
        oe1_0.published_at,
        oe1_0.retry_count,
        oe1_0.routing_key,
        oe1_0.status 
    from
        outbox_events oe1_0 
    where
        oe1_0.status=? 
        and oe1_0.retry_count<?
2026-06-24 10:23:48 [scheduling-1] DEBUG org.hibernate.SQL - 
    /* <criteria> */ select
        oe1_0.id,
        oe1_0.created_at,
        oe1_0.event_id,
        oe1_0.event_type,
        oe1_0.exchange,
        oe1_0.payload,
        oe1_0.published_at,
        oe1_0.retry_count,
        oe1_0.routing_key,
        oe1_0.status 
    from
        outbox_events oe1_0 
    where
        oe1_0.status=? 
        and oe1_0.retry_count<?
2026-06-24 10:23:53 [scheduling-1] DEBUG org.hibernate.SQL - 
    /* <criteria> */ select
        oe1_0.id,
        oe1_0.created_at,
        oe1_0.event_id,
        oe1_0.event_type,
        oe1_0.exchange,
        oe1_0.payload,
        oe1_0.published_at,
        oe1_0.retry_count,
        oe1_0.routing_key,
        oe1_0.status 
    from
        outbox_events oe1_0 
    where
        oe1_0.status=? 
        and oe1_0.retry_count<?
2026-06-24 10:23:58 [scheduling-1] DEBUG org.hibernate.SQL - 
    /* <criteria> */ select
        oe1_0.id,
        oe1_0.created_at,
        oe1_0.event_id,
        oe1_0.event_type,
        oe1_0.exchange,
        oe1_0.payload,
        oe1_0.published_at,
        oe1_0.retry_count,
        oe1_0.routing_key,
        oe1_0.status 
    from
        outbox_events oe1_0 
    where
        oe1_0.status=? 
        and oe1_0.retry_count<?
2026-06-24 10:24:03 [scheduling-1] DEBUG org.hibernate.SQL - 
    /* <criteria> */ select
        oe1_0.id,
        oe1_0.created_at,
        oe1_0.event_id,
        oe1_0.event_type,
        oe1_0.exchange,
        oe1_0.payload,
        oe1_0.published_at,
        oe1_0.retry_count,
        oe1_0.routing_key,
        oe1_0.status 
    from
        outbox_events oe1_0 
    where
        oe1_0.status=? 
        and oe1_0.retry_count<?
2026-06-24 10:24:08 [scheduling-1] DEBUG org.hibernate.SQL - 
    /* <criteria> */ select
        oe1_0.id,
        oe1_0.created_at,
        oe1_0.event_id,
        oe1_0.event_type,
        oe1_0.exchange,
        oe1_0.payload,
        oe1_0.published_at,
        oe1_0.retry_count,
        oe1_0.routing_key,
        oe1_0.status 
    from
        outbox_events oe1_0 
    where
        oe1_0.status=? 
        and oe1_0.retry_count<?
2026-06-24 10:24:13 [scheduling-1] DEBUG org.hibernate.SQL - 
    /* <criteria> */ select
        oe1_0.id,
        oe1_0.created_at,
        oe1_0.event_id,
        oe1_0.event_type,
        oe1_0.exchange,
        oe1_0.payload,
        oe1_0.published_at,
        oe1_0.retry_count,
        oe1_0.routing_key,
        oe1_0.status 
    from
        outbox_events oe1_0 
    where
        oe1_0.status=? 
        and oe1_0.retry_count<?
2026-06-24 10:24:18 [scheduling-1] DEBUG org.hibernate.SQL - 
    /* <criteria> */ select
        oe1_0.id,
        oe1_0.created_at,
        oe1_0.event_id,
        oe1_0.event_type,
        oe1_0.exchange,
        oe1_0.payload,
        oe1_0.published_at,
        oe1_0.retry_count,
        oe1_0.routing_key,
        oe1_0.status 
    from
        outbox_events oe1_0 
    where
        oe1_0.status=? 
        and oe1_0.retry_count<?
2026-06-24 10:24:23 [scheduling-1] DEBUG org.hibernate.SQL - 
    /* <criteria> */ select
        oe1_0.id,
        oe1_0.created_at,
        oe1_0.event_id,
        oe1_0.event_type,
        oe1_0.exchange,
        oe1_0.payload,
        oe1_0.published_at,
        oe1_0.retry_count,
        oe1_0.routing_key,
        oe1_0.status 
    from
        outbox_events oe1_0 
    where
        oe1_0.status=? 
        and oe1_0.retry_count<?
2026-06-24 10:24:28 [scheduling-1] DEBUG org.hibernate.SQL - 
    /* <criteria> */ select
        oe1_0.id,
        oe1_0.created_at,
        oe1_0.event_id,
        oe1_0.event_type,
        oe1_0.exchange,
        oe1_0.payload,
        oe1_0.published_at,
        oe1_0.retry_count,
        oe1_0.routing_key,
        oe1_0.status 
    from
        outbox_events oe1_0 
    where
        oe1_0.status=? 
        and oe1_0.retry_count<?
2026-06-24 10:24:33 [scheduling-1] DEBUG org.hibernate.SQL - 
    /* <criteria> */ select
        oe1_0.id,
        oe1_0.created_at,
        oe1_0.event_id,
        oe1_0.event_type,
        oe1_0.exchange,
        oe1_0.payload,
        oe1_0.published_at,
        oe1_0.retry_count,
        oe1_0.routing_key,
        oe1_0.status 
    from
        outbox_events oe1_0 
    where
        oe1_0.status=? 
        and oe1_0.retry_count<?
2026-06-24 10:24:38 [scheduling-1] DEBUG org.hibernate.SQL - 
    /* <criteria> */ select
        oe1_0.id,
        oe1_0.created_at,
        oe1_0.event_id,
        oe1_0.event_type,
        oe1_0.exchange,
        oe1_0.payload,
        oe1_0.published_at,
        oe1_0.retry_count,
        oe1_0.routing_key,
        oe1_0.status 
    from
        outbox_events oe1_0 
    where
        oe1_0.status=? 
        and oe1_0.retry_count<?
2026-06-24 10:24:43 [scheduling-1] DEBUG org.hibernate.SQL - 
    /* <criteria> */ select
        oe1_0.id,
        oe1_0.created_at,
        oe1_0.event_id,
        oe1_0.event_type,
        oe1_0.exchange,
        oe1_0.payload,
        oe1_0.published_at,
        oe1_0.retry_count,
        oe1_0.routing_key,
        oe1_0.status 
    from
        outbox_events oe1_0 
    where
        oe1_0.status=? 
        and oe1_0.retry_count<?
2026-06-24 10:24:48 [scheduling-1] DEBUG org.hibernate.SQL - 
    /* <criteria> */ select
        oe1_0.id,
        oe1_0.created_at,
        oe1_0.event_id,
        oe1_0.event_type,
        oe1_0.exchange,
        oe1_0.payload,
        oe1_0.published_at,
        oe1_0.retry_count,
        oe1_0.routing_key,
        oe1_0.status 
    from
        outbox_events oe1_0 
    where
        oe1_0.status=? 
        and oe1_0.retry_count<?
2026-06-24 10:24:53 [scheduling-1] DEBUG org.hibernate.SQL - 
    /* <criteria> */ select
        oe1_0.id,
        oe1_0.created_at,
        oe1_0.event_id,
        oe1_0.event_type,
        oe1_0.exchange,
        oe1_0.payload,
        oe1_0.published_at,
        oe1_0.retry_count,
        oe1_0.routing_key,
        oe1_0.status 
    from
        outbox_events oe1_0 
    where
        oe1_0.status=? 
        and oe1_0.retry_count<?
2026-06-24 10:24:58 [scheduling-1] DEBUG org.hibernate.SQL - 
    /* <criteria> */ select
        oe1_0.id,
        oe1_0.created_at,
        oe1_0.event_id,
        oe1_0.event_type,
        oe1_0.exchange,
        oe1_0.payload,
        oe1_0.published_at,
        oe1_0.retry_count,
        oe1_0.routing_key,
        oe1_0.status 
    from
        outbox_events oe1_0 
    where
        oe1_0.status=? 
        and oe1_0.retry_count<?
2026-06-24 10:25:03 [scheduling-1] DEBUG org.hibernate.SQL - 
    /* <criteria> */ select
        oe1_0.id,
        oe1_0.created_at,
        oe1_0.event_id,
        oe1_0.event_type,
        oe1_0.exchange,
        oe1_0.payload,
        oe1_0.published_at,
        oe1_0.retry_count,
        oe1_0.routing_key,
        oe1_0.status 
    from
        outbox_events oe1_0 
    where
        oe1_0.status=? 
        and oe1_0.retry_count<?
2026-06-24 10:25:08 [scheduling-1] DEBUG org.hibernate.SQL - 
    /* <criteria> */ select
        oe1_0.id,
        oe1_0.created_at,
        oe1_0.event_id,
        oe1_0.event_type,
        oe1_0.exchange,
        oe1_0.payload,
        oe1_0.published_at,
        oe1_0.retry_count,
        oe1_0.routing_key,
        oe1_0.status 
    from
        outbox_events oe1_0 
    where
        oe1_0.status=? 
        and oe1_0.retry_count<?
2026-06-24 10:25:13 [scheduling-1] DEBUG org.hibernate.SQL - 
    /* <criteria> */ select
        oe1_0.id,
        oe1_0.created_at,
        oe1_0.event_id,
        oe1_0.event_type,
        oe1_0.exchange,
        oe1_0.payload,
        oe1_0.published_at,
        oe1_0.retry_count,
        oe1_0.routing_key,
        oe1_0.status 
    from
        outbox_events oe1_0 
    where
        oe1_0.status=? 
        and oe1_0.retry_count<?
2026-06-24 10:25:18 [scheduling-1] DEBUG org.hibernate.SQL - 
    /* <criteria> */ select
        oe1_0.id,
        oe1_0.created_at,
        oe1_0.event_id,
        oe1_0.event_type,
        oe1_0.exchange,
        oe1_0.payload,
        oe1_0.published_at,
        oe1_0.retry_count,
        oe1_0.routing_key,
        oe1_0.status 
    from
        outbox_events oe1_0 
    where
        oe1_0.status=? 
        and oe1_0.retry_count<?
2026-06-24 10:25:23 [scheduling-1] DEBUG org.hibernate.SQL - 
    /* <criteria> */ select
        oe1_0.id,
        oe1_0.created_at,
        oe1_0.event_id,
        oe1_0.event_type,
        oe1_0.exchange,
        oe1_0.payload,
        oe1_0.published_at,
        oe1_0.retry_count,
        oe1_0.routing_key,
        oe1_0.status 
    from
        outbox_events oe1_0 
    where
        oe1_0.status=? 
        and oe1_0.retry_count<?
2026-06-24 10:25:28 [scheduling-1] DEBUG org.hibernate.SQL - 
    /* <criteria> */ select
        oe1_0.id,
        oe1_0.created_at,
        oe1_0.event_id,
        oe1_0.event_type,
        oe1_0.exchange,
        oe1_0.payload,
        oe1_0.published_at,
        oe1_0.retry_count,
        oe1_0.routing_key,
        oe1_0.status 
    from
        outbox_events oe1_0 
    where
        oe1_0.status=? 
        and oe1_0.retry_count<?
2026-06-24 10:25:33 [scheduling-1] DEBUG org.hibernate.SQL - 
    /* <criteria> */ select
        oe1_0.id,
        oe1_0.created_at,
        oe1_0.event_id,
        oe1_0.event_type,
        oe1_0.exchange,
        oe1_0.payload,
        oe1_0.published_at,
        oe1_0.retry_count,
        oe1_0.routing_key,
        oe1_0.status 
    from
        outbox_events oe1_0 
    where
        oe1_0.status=? 
        and oe1_0.retry_count<?
2026-06-24 10:25:38 [scheduling-1] DEBUG org.hibernate.SQL - 
    /* <criteria> */ select
        oe1_0.id,
        oe1_0.created_at,
        oe1_0.event_id,
        oe1_0.event_type,
        oe1_0.exchange,
        oe1_0.payload,
        oe1_0.published_at,
        oe1_0.retry_count,
        oe1_0.routing_key,
        oe1_0.status 
    from
        outbox_events oe1_0 
    where
        oe1_0.status=? 
        and oe1_0.retry_count<?
2026-06-24 10:25:43 [scheduling-1] DEBUG org.hibernate.SQL - 
    /* <criteria> */ select
        oe1_0.id,
        oe1_0.created_at,
        oe1_0.event_id,
        oe1_0.event_type,
        oe1_0.exchange,
        oe1_0.payload,
        oe1_0.published_at,
        oe1_0.retry_count,
        oe1_0.routing_key,
        oe1_0.status 
    from
        outbox_events oe1_0 
    where
        oe1_0.status=? 
        and oe1_0.retry_count<?
2026-06-24 10:25:48 [scheduling-1] DEBUG org.hibernate.SQL - 
    /* <criteria> */ select
        oe1_0.id,
        oe1_0.created_at,
        oe1_0.event_id,
        oe1_0.event_type,
        oe1_0.exchange,
        oe1_0.payload,
        oe1_0.published_at,
        oe1_0.retry_count,
        oe1_0.routing_key,
        oe1_0.status 
    from
        outbox_events oe1_0 
    where
        oe1_0.status=? 
        and oe1_0.retry_count<?
2026-06-24 10:25:54 [scheduling-1] DEBUG org.hibernate.SQL - 
    /* <criteria> */ select
        oe1_0.id,
        oe1_0.created_at,
        oe1_0.event_id,
        oe1_0.event_type,
        oe1_0.exchange,
        oe1_0.payload,
        oe1_0.published_at,
        oe1_0.retry_count,
        oe1_0.routing_key,
        oe1_0.status 
    from
        outbox_events oe1_0 
    where
        oe1_0.status=? 
        and oe1_0.retry_count<?
2026-06-24 10:25:59 [scheduling-1] DEBUG org.hibernate.SQL - 
    /* <criteria> */ select
        oe1_0.id,
        oe1_0.created_at,
        oe1_0.event_id,
        oe1_0.event_type,
        oe1_0.exchange,
        oe1_0.payload,
        oe1_0.published_at,
        oe1_0.retry_count,
        oe1_0.routing_key,
        oe1_0.status 
    from
        outbox_events oe1_0 
    where
        oe1_0.status=? 
        and oe1_0.retry_count<?
2026-06-24 10:26:04 [scheduling-1] DEBUG org.hibernate.SQL - 
    /* <criteria> */ select
        oe1_0.id,
        oe1_0.created_at,
        oe1_0.event_id,
        oe1_0.event_type,
        oe1_0.exchange,
        oe1_0.payload,
        oe1_0.published_at,
        oe1_0.retry_count,
        oe1_0.routing_key,
        oe1_0.status 
    from
        outbox_events oe1_0 
    where
        oe1_0.status=? 
        and oe1_0.retry_count<?
2026-06-24 10:26:09 [scheduling-1] DEBUG org.hibernate.SQL - 
    /* <criteria> */ select
        oe1_0.id,
        oe1_0.created_at,
        oe1_0.event_id,
        oe1_0.event_type,
        oe1_0.exchange,
        oe1_0.payload,
        oe1_0.published_at,
        oe1_0.retry_count,
        oe1_0.routing_key,
        oe1_0.status 
    from
        outbox_events oe1_0 
    where
        oe1_0.status=? 
        and oe1_0.retry_count<?
2026-06-24 10:26:14 [scheduling-1] DEBUG org.hibernate.SQL - 
    /* <criteria> */ select
        oe1_0.id,
        oe1_0.created_at,
        oe1_0.event_id,
        oe1_0.event_type,
        oe1_0.exchange,
        oe1_0.payload,
        oe1_0.published_at,
        oe1_0.retry_count,
        oe1_0.routing_key,
        oe1_0.status 
    from
        outbox_events oe1_0 
    where
        oe1_0.status=? 
        and oe1_0.retry_count<?
2026-06-24 10:26:19 [scheduling-1] DEBUG org.hibernate.SQL - 
    /* <criteria> */ select
        oe1_0.id,
        oe1_0.created_at,
        oe1_0.event_id,
        oe1_0.event_type,
        oe1_0.exchange,
        oe1_0.payload,
        oe1_0.published_at,
        oe1_0.retry_count,
        oe1_0.routing_key,
        oe1_0.status 
    from
        outbox_events oe1_0 
    where
        oe1_0.status=? 
        and oe1_0.retry_count<?
2026-06-24 10:26:20 [AsyncResolver-bootstrap-executor-0] INFO  c.n.d.s.r.aws.ConfigClusterResolver - Resolving eureka endpoints via configuration
2026-06-24 10:26:24 [scheduling-1] DEBUG org.hibernate.SQL - 
    /* <criteria> */ select
        oe1_0.id,
        oe1_0.created_at,
        oe1_0.event_id,
        oe1_0.event_type,
        oe1_0.exchange,
        oe1_0.payload,
        oe1_0.published_at,
        oe1_0.retry_count,
        oe1_0.routing_key,
        oe1_0.status 
    from
        outbox_events oe1_0 
    where
        oe1_0.status=? 
        and oe1_0.retry_count<?
2026-06-24 10:26:29 [scheduling-1] DEBUG org.hibernate.SQL - 
    /* <criteria> */ select
        oe1_0.id,
        oe1_0.created_at,
        oe1_0.event_id,
        oe1_0.event_type,
        oe1_0.exchange,
        oe1_0.payload,
        oe1_0.published_at,
        oe1_0.retry_count,
        oe1_0.routing_key,
        oe1_0.status 
    from
        outbox_events oe1_0 
    where
        oe1_0.status=? 
        and oe1_0.retry_count<?
2026-06-24 10:26:34 [scheduling-1] DEBUG org.hibernate.SQL - 
    /* <criteria> */ select
        oe1_0.id,
        oe1_0.created_at,
        oe1_0.event_id,
        oe1_0.event_type,
        oe1_0.exchange,
        oe1_0.payload,
        oe1_0.published_at,
        oe1_0.retry_count,
        oe1_0.routing_key,
        oe1_0.status 
    from
        outbox_events oe1_0 
    where
        oe1_0.status=? 
        and oe1_0.retry_count<?
2026-06-24 10:26:39 [scheduling-1] DEBUG org.hibernate.SQL - 
    /* <criteria> */ select
        oe1_0.id,
        oe1_0.created_at,
        oe1_0.event_id,
        oe1_0.event_type,
        oe1_0.exchange,
        oe1_0.payload,
        oe1_0.published_at,
        oe1_0.retry_count,
        oe1_0.routing_key,
        oe1_0.status 
    from
        outbox_events oe1_0 
    where
        oe1_0.status=? 
        and oe1_0.retry_count<?
2026-06-24 10:26:44 [scheduling-1] DEBUG org.hibernate.SQL - 
    /* <criteria> */ select
        oe1_0.id,
        oe1_0.created_at,
        oe1_0.event_id,
        oe1_0.event_type,
        oe1_0.exchange,
        oe1_0.payload,
        oe1_0.published_at,
        oe1_0.retry_count,
        oe1_0.routing_key,
        oe1_0.status 
    from
        outbox_events oe1_0 
    where
        oe1_0.status=? 
        and oe1_0.retry_count<?
2026-06-24 10:26:49 [scheduling-1] DEBUG org.hibernate.SQL - 
    /* <criteria> */ select
        oe1_0.id,
        oe1_0.created_at,
        oe1_0.event_id,
        oe1_0.event_type,
        oe1_0.exchange,
        oe1_0.payload,
        oe1_0.published_at,
        oe1_0.retry_count,
        oe1_0.routing_key,
        oe1_0.status 
    from
        outbox_events oe1_0 
    where
        oe1_0.status=? 
        and oe1_0.retry_count<?
2026-06-24 10:26:54 [scheduling-1] DEBUG org.hibernate.SQL - 
    /* <criteria> */ select
        oe1_0.id,
        oe1_0.created_at,
        oe1_0.event_id,
        oe1_0.event_type,
        oe1_0.exchange,
        oe1_0.payload,
        oe1_0.published_at,
        oe1_0.retry_count,
        oe1_0.routing_key,
        oe1_0.status 
    from
        outbox_events oe1_0 
    where
        oe1_0.status=? 
        and oe1_0.retry_count<?
2026-06-24 10:26:59 [scheduling-1] DEBUG org.hibernate.SQL - 
    /* <criteria> */ select
        oe1_0.id,
        oe1_0.created_at,
        oe1_0.event_id,
        oe1_0.event_type,
        oe1_0.exchange,
        oe1_0.payload,
        oe1_0.published_at,
        oe1_0.retry_count,
        oe1_0.routing_key,
        oe1_0.status 
    from
        outbox_events oe1_0 
    where
        oe1_0.status=? 
        and oe1_0.retry_count<?
2026-06-24 10:27:04 [scheduling-1] DEBUG org.hibernate.SQL - 
    /* <criteria> */ select
        oe1_0.id,
        oe1_0.created_at,
        oe1_0.event_id,
        oe1_0.event_type,
        oe1_0.exchange,
        oe1_0.payload,
        oe1_0.published_at,
        oe1_0.retry_count,
        oe1_0.routing_key,
        oe1_0.status 
    from
        outbox_events oe1_0 
    where
        oe1_0.status=? 
        and oe1_0.retry_count<?
2026-06-24 10:27:09 [scheduling-1] DEBUG org.hibernate.SQL - 
    /* <criteria> */ select
        oe1_0.id,
        oe1_0.created_at,
        oe1_0.event_id,
        oe1_0.event_type,
        oe1_0.exchange,
        oe1_0.payload,
        oe1_0.published_at,
        oe1_0.retry_count,
        oe1_0.routing_key,
        oe1_0.status 
    from
        outbox_events oe1_0 
    where
        oe1_0.status=? 
        and oe1_0.retry_count<?
2026-06-24 10:27:14 [scheduling-1] DEBUG org.hibernate.SQL - 
    /* <criteria> */ select
        oe1_0.id,
        oe1_0.created_at,
        oe1_0.event_id,
        oe1_0.event_type,
        oe1_0.exchange,
        oe1_0.payload,
        oe1_0.published_at,
        oe1_0.retry_count,
        oe1_0.routing_key,
        oe1_0.status 
    from
        outbox_events oe1_0 
    where
        oe1_0.status=? 
        and oe1_0.retry_count<?
2026-06-24 10:27:19 [scheduling-1] DEBUG org.hibernate.SQL - 
    /* <criteria> */ select
        oe1_0.id,
        oe1_0.created_at,
        oe1_0.event_id,
        oe1_0.event_type,
        oe1_0.exchange,
        oe1_0.payload,
        oe1_0.published_at,
        oe1_0.retry_count,
        oe1_0.routing_key,
        oe1_0.status 
    from
        outbox_events oe1_0 
    where
        oe1_0.status=? 
        and oe1_0.retry_count<?
2026-06-24 10:27:24 [scheduling-1] DEBUG org.hibernate.SQL - 
    /* <criteria> */ select
        oe1_0.id,
        oe1_0.created_at,
        oe1_0.event_id,
        oe1_0.event_type,
        oe1_0.exchange,
        oe1_0.payload,
        oe1_0.published_at,
        oe1_0.retry_count,
        oe1_0.routing_key,
        oe1_0.status 
    from
        outbox_events oe1_0 
    where
        oe1_0.status=? 
        and oe1_0.retry_count<?
2026-06-24 10:27:29 [scheduling-1] DEBUG org.hibernate.SQL - 
    /* <criteria> */ select
        oe1_0.id,
        oe1_0.created_at,
        oe1_0.event_id,
        oe1_0.event_type,
        oe1_0.exchange,
        oe1_0.payload,
        oe1_0.published_at,
        oe1_0.retry_count,
        oe1_0.routing_key,
        oe1_0.status 
    from
        outbox_events oe1_0 
    where
        oe1_0.status=? 
        and oe1_0.retry_count<?
2026-06-24 10:27:34 [scheduling-1] DEBUG org.hibernate.SQL - 
    /* <criteria> */ select
        oe1_0.id,
        oe1_0.created_at,
        oe1_0.event_id,
        oe1_0.event_type,
        oe1_0.exchange,
        oe1_0.payload,
        oe1_0.published_at,
        oe1_0.retry_count,
        oe1_0.routing_key,
        oe1_0.status 
    from
        outbox_events oe1_0 
    where
        oe1_0.status=? 
        and oe1_0.retry_count<?
2026-06-24 10:27:39 [scheduling-1] DEBUG org.hibernate.SQL - 
    /* <criteria> */ select
        oe1_0.id,
        oe1_0.created_at,
        oe1_0.event_id,
        oe1_0.event_type,
        oe1_0.exchange,
        oe1_0.payload,
        oe1_0.published_at,
        oe1_0.retry_count,
        oe1_0.routing_key,
        oe1_0.status 
    from
        outbox_events oe1_0 
    where
        oe1_0.status=? 
        and oe1_0.retry_count<?
2026-06-24 10:27:44 [scheduling-1] DEBUG org.hibernate.SQL - 
    /* <criteria> */ select
        oe1_0.id,
        oe1_0.created_at,
        oe1_0.event_id,
        oe1_0.event_type,
        oe1_0.exchange,
        oe1_0.payload,
        oe1_0.published_at,
        oe1_0.retry_count,
        oe1_0.routing_key,
        oe1_0.status 
    from
        outbox_events oe1_0 
    where
        oe1_0.status=? 
        and oe1_0.retry_count<?
2026-06-24 10:27:49 [scheduling-1] DEBUG org.hibernate.SQL - 
    /* <criteria> */ select
        oe1_0.id,
        oe1_0.created_at,
        oe1_0.event_id,
        oe1_0.event_type,
        oe1_0.exchange,
        oe1_0.payload,
        oe1_0.published_at,
        oe1_0.retry_count,
        oe1_0.routing_key,
        oe1_0.status 
    from
        outbox_events oe1_0 
    where
        oe1_0.status=? 
        and oe1_0.retry_count<?
2026-06-24 10:27:54 [scheduling-1] DEBUG org.hibernate.SQL - 
    /* <criteria> */ select
        oe1_0.id,
        oe1_0.created_at,
        oe1_0.event_id,
        oe1_0.event_type,
        oe1_0.exchange,
        oe1_0.payload,
        oe1_0.published_at,
        oe1_0.retry_count,
        oe1_0.routing_key,
        oe1_0.status 
    from
        outbox_events oe1_0 
    where
        oe1_0.status=? 
        and oe1_0.retry_count<?
2026-06-24 10:27:59 [scheduling-1] DEBUG org.hibernate.SQL - 
    /* <criteria> */ select
        oe1_0.id,
        oe1_0.created_at,
        oe1_0.event_id,
        oe1_0.event_type,
        oe1_0.exchange,
        oe1_0.payload,
        oe1_0.published_at,
        oe1_0.retry_count,
        oe1_0.routing_key,
        oe1_0.status 
    from
        outbox_events oe1_0 
    where
        oe1_0.status=? 
        and oe1_0.retry_count<?
2026-06-24 10:28:04 [scheduling-1] DEBUG org.hibernate.SQL - 
    /* <criteria> */ select
        oe1_0.id,
        oe1_0.created_at,
        oe1_0.event_id,
        oe1_0.event_type,
        oe1_0.exchange,
        oe1_0.payload,
        oe1_0.published_at,
        oe1_0.retry_count,
        oe1_0.routing_key,
        oe1_0.status 
    from
        outbox_events oe1_0 
    where
        oe1_0.status=? 
        and oe1_0.retry_count<?
2026-06-24 10:28:09 [scheduling-1] DEBUG org.hibernate.SQL - 
    /* <criteria> */ select
        oe1_0.id,
        oe1_0.created_at,
        oe1_0.event_id,
        oe1_0.event_type,
        oe1_0.exchange,
        oe1_0.payload,
        oe1_0.published_at,
        oe1_0.retry_count,
        oe1_0.routing_key,
        oe1_0.status 
    from
        outbox_events oe1_0 
    where
        oe1_0.status=? 
        and oe1_0.retry_count<?
2026-06-24 10:28:14 [scheduling-1] DEBUG org.hibernate.SQL - 
    /* <criteria> */ select
        oe1_0.id,
        oe1_0.created_at,
        oe1_0.event_id,
        oe1_0.event_type,
        oe1_0.exchange,
        oe1_0.payload,
        oe1_0.published_at,
        oe1_0.retry_count,
        oe1_0.routing_key,
        oe1_0.status 
    from
        outbox_events oe1_0 
    where
        oe1_0.status=? 
        and oe1_0.retry_count<?
2026-06-24 10:28:19 [scheduling-1] DEBUG org.hibernate.SQL - 
    /* <criteria> */ select
        oe1_0.id,
        oe1_0.created_at,
        oe1_0.event_id,
        oe1_0.event_type,
        oe1_0.exchange,
        oe1_0.payload,
        oe1_0.published_at,
        oe1_0.retry_count,
        oe1_0.routing_key,
        oe1_0.status 
    from
        outbox_events oe1_0 
    where
        oe1_0.status=? 
        and oe1_0.retry_count<?
2026-06-24 10:28:24 [scheduling-1] DEBUG org.hibernate.SQL - 
    /* <criteria> */ select
        oe1_0.id,
        oe1_0.created_at,
        oe1_0.event_id,
        oe1_0.event_type,
        oe1_0.exchange,
        oe1_0.payload,
        oe1_0.published_at,
        oe1_0.retry_count,
        oe1_0.routing_key,
        oe1_0.status 
    from
        outbox_events oe1_0 
    where
        oe1_0.status=? 
        and oe1_0.retry_count<?
2026-06-24 10:28:29 [scheduling-1] DEBUG org.hibernate.SQL - 
    /* <criteria> */ select
        oe1_0.id,
        oe1_0.created_at,
        oe1_0.event_id,
        oe1_0.event_type,
        oe1_0.exchange,
        oe1_0.payload,
        oe1_0.published_at,
        oe1_0.retry_count,
        oe1_0.routing_key,
        oe1_0.status 
    from
        outbox_events oe1_0 
    where
        oe1_0.status=? 
        and oe1_0.retry_count<?
2026-06-24 10:28:34 [scheduling-1] DEBUG org.hibernate.SQL - 
    /* <criteria> */ select
        oe1_0.id,
        oe1_0.created_at,
        oe1_0.event_id,
        oe1_0.event_type,
        oe1_0.exchange,
        oe1_0.payload,
        oe1_0.published_at,
        oe1_0.retry_count,
        oe1_0.routing_key,
        oe1_0.status 
    from
        outbox_events oe1_0 
    where
        oe1_0.status=? 
        and oe1_0.retry_count<?
2026-06-24 10:28:39 [scheduling-1] DEBUG org.hibernate.SQL - 
    /* <criteria> */ select
        oe1_0.id,
        oe1_0.created_at,
        oe1_0.event_id,
        oe1_0.event_type,
        oe1_0.exchange,
        oe1_0.payload,
        oe1_0.published_at,
        oe1_0.retry_count,
        oe1_0.routing_key,
        oe1_0.status 
    from
        outbox_events oe1_0 
    where
        oe1_0.status=? 
        and oe1_0.retry_count<?
2026-06-24 10:28:44 [scheduling-1] DEBUG org.hibernate.SQL - 
    /* <criteria> */ select
        oe1_0.id,
        oe1_0.created_at,
        oe1_0.event_id,
        oe1_0.event_type,
        oe1_0.exchange,
        oe1_0.payload,
        oe1_0.published_at,
        oe1_0.retry_count,
        oe1_0.routing_key,
        oe1_0.status 
    from
        outbox_events oe1_0 
    where
        oe1_0.status=? 
        and oe1_0.retry_count<?
2026-06-24 10:28:49 [scheduling-1] DEBUG org.hibernate.SQL - 
    /* <criteria> */ select
        oe1_0.id,
        oe1_0.created_at,
        oe1_0.event_id,
        oe1_0.event_type,
        oe1_0.exchange,
        oe1_0.payload,
        oe1_0.published_at,
        oe1_0.retry_count,
        oe1_0.routing_key,
        oe1_0.status 
    from
        outbox_events oe1_0 
    where
        oe1_0.status=? 
        and oe1_0.retry_count<?
2026-06-24 10:28:54 [scheduling-1] DEBUG org.hibernate.SQL - 
    /* <criteria> */ select
        oe1_0.id,
        oe1_0.created_at,
        oe1_0.event_id,
        oe1_0.event_type,
        oe1_0.exchange,
        oe1_0.payload,
        oe1_0.published_at,
        oe1_0.retry_count,
        oe1_0.routing_key,
        oe1_0.status 
    from
        outbox_events oe1_0 
    where
        oe1_0.status=? 
        and oe1_0.retry_count<?
2026-06-24 10:28:59 [scheduling-1] DEBUG org.hibernate.SQL - 
    /* <criteria> */ select
        oe1_0.id,
        oe1_0.created_at,
        oe1_0.event_id,
        oe1_0.event_type,
        oe1_0.exchange,
        oe1_0.payload,
        oe1_0.published_at,
        oe1_0.retry_count,
        oe1_0.routing_key,
        oe1_0.status 
    from
        outbox_events oe1_0 
    where
        oe1_0.status=? 
        and oe1_0.retry_count<?
2026-06-24 10:29:04 [scheduling-1] DEBUG org.hibernate.SQL - 
    /* <criteria> */ select
        oe1_0.id,
        oe1_0.created_at,
        oe1_0.event_id,
        oe1_0.event_type,
        oe1_0.exchange,
        oe1_0.payload,
        oe1_0.published_at,
        oe1_0.retry_count,
        oe1_0.routing_key,
        oe1_0.status 
    from
        outbox_events oe1_0 
    where
        oe1_0.status=? 
        and oe1_0.retry_count<?
2026-06-24 10:29:09 [scheduling-1] DEBUG org.hibernate.SQL - 
    /* <criteria> */ select
        oe1_0.id,
        oe1_0.created_at,
        oe1_0.event_id,
        oe1_0.event_type,
        oe1_0.exchange,
        oe1_0.payload,
        oe1_0.published_at,
        oe1_0.retry_count,
        oe1_0.routing_key,
        oe1_0.status 
    from
        outbox_events oe1_0 
    where
        oe1_0.status=? 
        and oe1_0.retry_count<?
2026-06-24 10:29:14 [scheduling-1] DEBUG org.hibernate.SQL - 
    /* <criteria> */ select
        oe1_0.id,
        oe1_0.created_at,
        oe1_0.event_id,
        oe1_0.event_type,
        oe1_0.exchange,
        oe1_0.payload,
        oe1_0.published_at,
        oe1_0.retry_count,
        oe1_0.routing_key,
        oe1_0.status 
    from
        outbox_events oe1_0 
    where
        oe1_0.status=? 
        and oe1_0.retry_count<?
2026-06-24 10:29:19 [scheduling-1] DEBUG org.hibernate.SQL - 
    /* <criteria> */ select
        oe1_0.id,
        oe1_0.created_at,
        oe1_0.event_id,
        oe1_0.event_type,
        oe1_0.exchange,
        oe1_0.payload,
        oe1_0.published_at,
        oe1_0.retry_count,
        oe1_0.routing_key,
        oe1_0.status 
    from
        outbox_events oe1_0 
    where
        oe1_0.status=? 
        and oe1_0.retry_count<?
2026-06-24 10:29:24 [scheduling-1] DEBUG org.hibernate.SQL - 
    /* <criteria> */ select
        oe1_0.id,
        oe1_0.created_at,
        oe1_0.event_id,
        oe1_0.event_type,
        oe1_0.exchange,
        oe1_0.payload,
        oe1_0.published_at,
        oe1_0.retry_count,
        oe1_0.routing_key,
        oe1_0.status 
    from
        outbox_events oe1_0 
    where
        oe1_0.status=? 
        and oe1_0.retry_count<?
2026-06-24 10:29:29 [scheduling-1] DEBUG org.hibernate.SQL - 
    /* <criteria> */ select
        oe1_0.id,
        oe1_0.created_at,
        oe1_0.event_id,
        oe1_0.event_type,
        oe1_0.exchange,
        oe1_0.payload,
        oe1_0.published_at,
        oe1_0.retry_count,
        oe1_0.routing_key,
        oe1_0.status 
    from
        outbox_events oe1_0 
    where
        oe1_0.status=? 
        and oe1_0.retry_count<?
2026-06-24 10:29:34 [scheduling-1] DEBUG org.hibernate.SQL - 
    /* <criteria> */ select
        oe1_0.id,
        oe1_0.created_at,
        oe1_0.event_id,
        oe1_0.event_type,
        oe1_0.exchange,
        oe1_0.payload,
        oe1_0.published_at,
        oe1_0.retry_count,
        oe1_0.routing_key,
        oe1_0.status 
    from
        outbox_events oe1_0 
    where
        oe1_0.status=? 
        and oe1_0.retry_count<?
2026-06-24 10:29:39 [scheduling-1] DEBUG org.hibernate.SQL - 
    /* <criteria> */ select
        oe1_0.id,
        oe1_0.created_at,
        oe1_0.event_id,
        oe1_0.event_type,
        oe1_0.exchange,
        oe1_0.payload,
        oe1_0.published_at,
        oe1_0.retry_count,
        oe1_0.routing_key,
        oe1_0.status 
    from
        outbox_events oe1_0 
    where
        oe1_0.status=? 
        and oe1_0.retry_count<?
2026-06-24 10:29:44 [scheduling-1] DEBUG org.hibernate.SQL - 
    /* <criteria> */ select
        oe1_0.id,
        oe1_0.created_at,
        oe1_0.event_id,
        oe1_0.event_type,
        oe1_0.exchange,
        oe1_0.payload,
        oe1_0.published_at,
        oe1_0.retry_count,
        oe1_0.routing_key,
        oe1_0.status 
    from
        outbox_events oe1_0 
    where
        oe1_0.status=? 
        and oe1_0.retry_count<?
2026-06-24 10:29:49 [scheduling-1] DEBUG org.hibernate.SQL - 
    /* <criteria> */ select
        oe1_0.id,
        oe1_0.created_at,
        oe1_0.event_id,
        oe1_0.event_type,
        oe1_0.exchange,
        oe1_0.payload,
        oe1_0.published_at,
        oe1_0.retry_count,
        oe1_0.routing_key,
        oe1_0.status 
    from
        outbox_events oe1_0 
    where
        oe1_0.status=? 
        and oe1_0.retry_count<?
2026-06-24 10:29:54 [scheduling-1] DEBUG org.hibernate.SQL - 
    /* <criteria> */ select
        oe1_0.id,
        oe1_0.created_at,
        oe1_0.event_id,
        oe1_0.event_type,
        oe1_0.exchange,
        oe1_0.payload,
        oe1_0.published_at,
        oe1_0.retry_count,
        oe1_0.routing_key,
        oe1_0.status 
    from
        outbox_events oe1_0 
    where
        oe1_0.status=? 
        and oe1_0.retry_count<?
2026-06-24 10:29:59 [scheduling-1] DEBUG org.hibernate.SQL - 
    /* <criteria> */ select
        oe1_0.id,
        oe1_0.created_at,
        oe1_0.event_id,
        oe1_0.event_type,
        oe1_0.exchange,
        oe1_0.payload,
        oe1_0.published_at,
        oe1_0.retry_count,
        oe1_0.routing_key,
        oe1_0.status 
    from
        outbox_events oe1_0 
    where
        oe1_0.status=? 
        and oe1_0.retry_count<?
2026-06-24 10:30:04 [scheduling-1] DEBUG org.hibernate.SQL - 
    /* <criteria> */ select
        oe1_0.id,
        oe1_0.created_at,
        oe1_0.event_id,
        oe1_0.event_type,
        oe1_0.exchange,
        oe1_0.payload,
        oe1_0.published_at,
        oe1_0.retry_count,
        oe1_0.routing_key,
        oe1_0.status 
    from
        outbox_events oe1_0 
    where
        oe1_0.status=? 
        and oe1_0.retry_count<?
2026-06-24 10:30:09 [scheduling-1] DEBUG org.hibernate.SQL - 
    /* <criteria> */ select
        oe1_0.id,
        oe1_0.created_at,
        oe1_0.event_id,
        oe1_0.event_type,
        oe1_0.exchange,
        oe1_0.payload,
        oe1_0.published_at,
        oe1_0.retry_count,
        oe1_0.routing_key,
        oe1_0.status 
    from
        outbox_events oe1_0 
    where
        oe1_0.status=? 
        and oe1_0.retry_count<?
2026-06-24 10:30:14 [scheduling-1] DEBUG org.hibernate.SQL - 
    /* <criteria> */ select
        oe1_0.id,
        oe1_0.created_at,
        oe1_0.event_id,
        oe1_0.event_type,
        oe1_0.exchange,
        oe1_0.payload,
        oe1_0.published_at,
        oe1_0.retry_count,
        oe1_0.routing_key,
        oe1_0.status 
    from
        outbox_events oe1_0 
    where
        oe1_0.status=? 
        and oe1_0.retry_count<?
2026-06-24 10:30:19 [scheduling-1] DEBUG org.hibernate.SQL - 
    /* <criteria> */ select
        oe1_0.id,
        oe1_0.created_at,
        oe1_0.event_id,
        oe1_0.event_type,
        oe1_0.exchange,
        oe1_0.payload,
        oe1_0.published_at,
        oe1_0.retry_count,
        oe1_0.routing_key,
        oe1_0.status 
    from
        outbox_events oe1_0 
    where
        oe1_0.status=? 
        and oe1_0.retry_count<?
2026-06-24 10:30:25 [scheduling-1] DEBUG org.hibernate.SQL - 
    /* <criteria> */ select
        oe1_0.id,
        oe1_0.created_at,
        oe1_0.event_id,
        oe1_0.event_type,
        oe1_0.exchange,
        oe1_0.payload,
        oe1_0.published_at,
        oe1_0.retry_count,
        oe1_0.routing_key,
        oe1_0.status 
    from
        outbox_events oe1_0 
    where
        oe1_0.status=? 
        and oe1_0.retry_count<?
2026-06-24 10:30:30 [scheduling-1] DEBUG org.hibernate.SQL - 
    /* <criteria> */ select
        oe1_0.id,
        oe1_0.created_at,
        oe1_0.event_id,
        oe1_0.event_type,
        oe1_0.exchange,
        oe1_0.payload,
        oe1_0.published_at,
        oe1_0.retry_count,
        oe1_0.routing_key,
        oe1_0.status 
    from
        outbox_events oe1_0 
    where
        oe1_0.status=? 
        and oe1_0.retry_count<?
2026-06-24 10:30:35 [scheduling-1] DEBUG org.hibernate.SQL - 
    /* <criteria> */ select
        oe1_0.id,
        oe1_0.created_at,
        oe1_0.event_id,
        oe1_0.event_type,
        oe1_0.exchange,
        oe1_0.payload,
        oe1_0.published_at,
        oe1_0.retry_count,
        oe1_0.routing_key,
        oe1_0.status 
    from
        outbox_events oe1_0 
    where
        oe1_0.status=? 
        and oe1_0.retry_count<?
2026-06-24 10:30:40 [scheduling-1] DEBUG org.hibernate.SQL - 
    /* <criteria> */ select
        oe1_0.id,
        oe1_0.created_at,
        oe1_0.event_id,
        oe1_0.event_type,
        oe1_0.exchange,
        oe1_0.payload,
        oe1_0.published_at,
        oe1_0.retry_count,
        oe1_0.routing_key,
        oe1_0.status 
    from
        outbox_events oe1_0 
    where
        oe1_0.status=? 
        and oe1_0.retry_count<?
2026-06-24 10:30:45 [scheduling-1] DEBUG org.hibernate.SQL - 
    /* <criteria> */ select
        oe1_0.id,
        oe1_0.created_at,
        oe1_0.event_id,
        oe1_0.event_type,
        oe1_0.exchange,
        oe1_0.payload,
        oe1_0.published_at,
        oe1_0.retry_count,
        oe1_0.routing_key,
        oe1_0.status 
    from
        outbox_events oe1_0 
    where
        oe1_0.status=? 
        and oe1_0.retry_count<?
2026-06-24 10:30:50 [scheduling-1] DEBUG org.hibernate.SQL - 
    /* <criteria> */ select
        oe1_0.id,
        oe1_0.created_at,
        oe1_0.event_id,
        oe1_0.event_type,
        oe1_0.exchange,
        oe1_0.payload,
        oe1_0.published_at,
        oe1_0.retry_count,
        oe1_0.routing_key,
        oe1_0.status 
    from
        outbox_events oe1_0 
    where
        oe1_0.status=? 
        and oe1_0.retry_count<?
2026-06-24 10:30:55 [scheduling-1] DEBUG org.hibernate.SQL - 
    /* <criteria> */ select
        oe1_0.id,
        oe1_0.created_at,
        oe1_0.event_id,
        oe1_0.event_type,
        oe1_0.exchange,
        oe1_0.payload,
        oe1_0.published_at,
        oe1_0.retry_count,
        oe1_0.routing_key,
        oe1_0.status 
    from
        outbox_events oe1_0 
    where
        oe1_0.status=? 
        and oe1_0.retry_count<?
2026-06-24 10:31:00 [scheduling-1] DEBUG org.hibernate.SQL - 
    /* <criteria> */ select
        oe1_0.id,
        oe1_0.created_at,
        oe1_0.event_id,
        oe1_0.event_type,
        oe1_0.exchange,
        oe1_0.payload,
        oe1_0.published_at,
        oe1_0.retry_count,
        oe1_0.routing_key,
        oe1_0.status 
    from
        outbox_events oe1_0 
    where
        oe1_0.status=? 
        and oe1_0.retry_count<?
2026-06-24 10:31:05 [scheduling-1] DEBUG org.hibernate.SQL - 
    /* <criteria> */ select
        oe1_0.id,
        oe1_0.created_at,
        oe1_0.event_id,
        oe1_0.event_type,
        oe1_0.exchange,
        oe1_0.payload,
        oe1_0.published_at,
        oe1_0.retry_count,
        oe1_0.routing_key,
        oe1_0.status 
    from
        outbox_events oe1_0 
    where
        oe1_0.status=? 
        and oe1_0.retry_count<?
2026-06-24 10:31:10 [scheduling-1] DEBUG org.hibernate.SQL - 
    /* <criteria> */ select
        oe1_0.id,
        oe1_0.created_at,
        oe1_0.event_id,
        oe1_0.event_type,
        oe1_0.exchange,
        oe1_0.payload,
        oe1_0.published_at,
        oe1_0.retry_count,
        oe1_0.routing_key,
        oe1_0.status 
    from
        outbox_events oe1_0 
    where
        oe1_0.status=? 
        and oe1_0.retry_count<?
2026-06-24 10:31:15 [scheduling-1] DEBUG org.hibernate.SQL - 
    /* <criteria> */ select
        oe1_0.id,
        oe1_0.created_at,
        oe1_0.event_id,
        oe1_0.event_type,
        oe1_0.exchange,
        oe1_0.payload,
        oe1_0.published_at,
        oe1_0.retry_count,
        oe1_0.routing_key,
        oe1_0.status 
    from
        outbox_events oe1_0 
    where
        oe1_0.status=? 
        and oe1_0.retry_count<?
2026-06-24 10:31:20 [scheduling-1] DEBUG org.hibernate.SQL - 
    /* <criteria> */ select
        oe1_0.id,
        oe1_0.created_at,
        oe1_0.event_id,
        oe1_0.event_type,
        oe1_0.exchange,
        oe1_0.payload,
        oe1_0.published_at,
        oe1_0.retry_count,
        oe1_0.routing_key,
        oe1_0.status 
    from
        outbox_events oe1_0 
    where
        oe1_0.status=? 
        and oe1_0.retry_count<?
2026-06-24 10:31:20 [AsyncResolver-bootstrap-executor-0] INFO  c.n.d.s.r.aws.ConfigClusterResolver - Resolving eureka endpoints via configuration
2026-06-24 10:31:25 [scheduling-1] DEBUG org.hibernate.SQL - 
    /* <criteria> */ select
        oe1_0.id,
        oe1_0.created_at,
        oe1_0.event_id,
        oe1_0.event_type,
        oe1_0.exchange,
        oe1_0.payload,
        oe1_0.published_at,
        oe1_0.retry_count,
        oe1_0.routing_key,
        oe1_0.status 
    from
        outbox_events oe1_0 
    where
        oe1_0.status=? 
        and oe1_0.retry_count<?
2026-06-24 10:31:30 [scheduling-1] DEBUG org.hibernate.SQL - 
    /* <criteria> */ select
        oe1_0.id,
        oe1_0.created_at,
        oe1_0.event_id,
        oe1_0.event_type,
        oe1_0.exchange,
        oe1_0.payload,
        oe1_0.published_at,
        oe1_0.retry_count,
        oe1_0.routing_key,
        oe1_0.status 
    from
        outbox_events oe1_0 
    where
        oe1_0.status=? 
        and oe1_0.retry_count<?
2026-06-24 10:31:35 [scheduling-1] DEBUG org.hibernate.SQL - 
    /* <criteria> */ select
        oe1_0.id,
        oe1_0.created_at,
        oe1_0.event_id,
        oe1_0.event_type,
        oe1_0.exchange,
        oe1_0.payload,
        oe1_0.published_at,
        oe1_0.retry_count,
        oe1_0.routing_key,
        oe1_0.status 
    from
        outbox_events oe1_0 
    where
        oe1_0.status=? 
        and oe1_0.retry_count<?
2026-06-24 10:31:40 [scheduling-1] DEBUG org.hibernate.SQL - 
    /* <criteria> */ select
        oe1_0.id,
        oe1_0.created_at,
        oe1_0.event_id,
        oe1_0.event_type,
        oe1_0.exchange,
        oe1_0.payload,
        oe1_0.published_at,
        oe1_0.retry_count,
        oe1_0.routing_key,
        oe1_0.status 
    from
        outbox_events oe1_0 
    where
        oe1_0.status=? 
        and oe1_0.retry_count<?
2026-06-24 10:31:45 [scheduling-1] DEBUG org.hibernate.SQL - 
    /* <criteria> */ select
        oe1_0.id,
        oe1_0.created_at,
        oe1_0.event_id,
        oe1_0.event_type,
        oe1_0.exchange,
        oe1_0.payload,
        oe1_0.published_at,
        oe1_0.retry_count,
        oe1_0.routing_key,
        oe1_0.status 
    from
        outbox_events oe1_0 
    where
        oe1_0.status=? 
        and oe1_0.retry_count<?
2026-06-24 10:31:50 [scheduling-1] DEBUG org.hibernate.SQL - 
    /* <criteria> */ select
        oe1_0.id,
        oe1_0.created_at,
        oe1_0.event_id,
        oe1_0.event_type,
        oe1_0.exchange,
        oe1_0.payload,
        oe1_0.published_at,
        oe1_0.retry_count,
        oe1_0.routing_key,
        oe1_0.status 
    from
        outbox_events oe1_0 
    where
        oe1_0.status=? 
        and oe1_0.retry_count<?
2026-06-24 10:31:55 [scheduling-1] DEBUG org.hibernate.SQL - 
    /* <criteria> */ select
        oe1_0.id,
        oe1_0.created_at,
        oe1_0.event_id,
        oe1_0.event_type,
        oe1_0.exchange,
        oe1_0.payload,
        oe1_0.published_at,
        oe1_0.retry_count,
        oe1_0.routing_key,
        oe1_0.status 
    from
        outbox_events oe1_0 
    where
        oe1_0.status=? 
        and oe1_0.retry_count<?
2026-06-24 10:32:00 [scheduling-1] DEBUG org.hibernate.SQL - 
    /* <criteria> */ select
        oe1_0.id,
        oe1_0.created_at,
        oe1_0.event_id,
        oe1_0.event_type,
        oe1_0.exchange,
        oe1_0.payload,
        oe1_0.published_at,
        oe1_0.retry_count,
        oe1_0.routing_key,
        oe1_0.status 
    from
        outbox_events oe1_0 
    where
        oe1_0.status=? 
        and oe1_0.retry_count<?
2026-06-24 10:32:05 [scheduling-1] DEBUG org.hibernate.SQL - 
    /* <criteria> */ select
        oe1_0.id,
        oe1_0.created_at,
        oe1_0.event_id,
        oe1_0.event_type,
        oe1_0.exchange,
        oe1_0.payload,
        oe1_0.published_at,
        oe1_0.retry_count,
        oe1_0.routing_key,
        oe1_0.status 
    from
        outbox_events oe1_0 
    where
        oe1_0.status=? 
        and oe1_0.retry_count<?
2026-06-24 10:32:10 [scheduling-1] DEBUG org.hibernate.SQL - 
    /* <criteria> */ select
        oe1_0.id,
        oe1_0.created_at,
        oe1_0.event_id,
        oe1_0.event_type,
        oe1_0.exchange,
        oe1_0.payload,
        oe1_0.published_at,
        oe1_0.retry_count,
        oe1_0.routing_key,
        oe1_0.status 
    from
        outbox_events oe1_0 
    where
        oe1_0.status=? 
        and oe1_0.retry_count<?
2026-06-24 10:32:15 [scheduling-1] DEBUG org.hibernate.SQL - 
    /* <criteria> */ select
        oe1_0.id,
        oe1_0.created_at,
        oe1_0.event_id,
        oe1_0.event_type,
        oe1_0.exchange,
        oe1_0.payload,
        oe1_0.published_at,
        oe1_0.retry_count,
        oe1_0.routing_key,
        oe1_0.status 
    from
        outbox_events oe1_0 
    where
        oe1_0.status=? 
        and oe1_0.retry_count<?
2026-06-24 10:32:20 [scheduling-1] DEBUG org.hibernate.SQL - 
    /* <criteria> */ select
        oe1_0.id,
        oe1_0.created_at,
        oe1_0.event_id,
        oe1_0.event_type,
        oe1_0.exchange,
        oe1_0.payload,
        oe1_0.published_at,
        oe1_0.retry_count,
        oe1_0.routing_key,
        oe1_0.status 
    from
        outbox_events oe1_0 
    where
        oe1_0.status=? 
        and oe1_0.retry_count<?
2026-06-24 10:32:25 [scheduling-1] DEBUG org.hibernate.SQL - 
    /* <criteria> */ select
        oe1_0.id,
        oe1_0.created_at,
        oe1_0.event_id,
        oe1_0.event_type,
        oe1_0.exchange,
        oe1_0.payload,
        oe1_0.published_at,
        oe1_0.retry_count,
        oe1_0.routing_key,
        oe1_0.status 
    from
        outbox_events oe1_0 
    where
        oe1_0.status=? 
        and oe1_0.retry_count<?
2026-06-24 10:32:30 [scheduling-1] DEBUG org.hibernate.SQL - 
    /* <criteria> */ select
        oe1_0.id,
        oe1_0.created_at,
        oe1_0.event_id,
        oe1_0.event_type,
        oe1_0.exchange,
        oe1_0.payload,
        oe1_0.published_at,
        oe1_0.retry_count,
        oe1_0.routing_key,
        oe1_0.status 
    from
        outbox_events oe1_0 
    where
        oe1_0.status=? 
        and oe1_0.retry_count<?
2026-06-24 10:32:35 [scheduling-1] DEBUG org.hibernate.SQL - 
    /* <criteria> */ select
        oe1_0.id,
        oe1_0.created_at,
        oe1_0.event_id,
        oe1_0.event_type,
        oe1_0.exchange,
        oe1_0.payload,
        oe1_0.published_at,
        oe1_0.retry_count,
        oe1_0.routing_key,
        oe1_0.status 
    from
        outbox_events oe1_0 
    where
        oe1_0.status=? 
        and oe1_0.retry_count<?
2026-06-24 10:32:40 [scheduling-1] DEBUG org.hibernate.SQL - 
    /* <criteria> */ select
        oe1_0.id,
        oe1_0.created_at,
        oe1_0.event_id,
        oe1_0.event_type,
        oe1_0.exchange,
        oe1_0.payload,
        oe1_0.published_at,
        oe1_0.retry_count,
        oe1_0.routing_key,
        oe1_0.status 
    from
        outbox_events oe1_0 
    where
        oe1_0.status=? 
        and oe1_0.retry_count<?
2026-06-24 10:32:45 [scheduling-1] DEBUG org.hibernate.SQL - 
    /* <criteria> */ select
        oe1_0.id,
        oe1_0.created_at,
        oe1_0.event_id,
        oe1_0.event_type,
        oe1_0.exchange,
        oe1_0.payload,
        oe1_0.published_at,
        oe1_0.retry_count,
        oe1_0.routing_key,
        oe1_0.status 
    from
        outbox_events oe1_0 
    where
        oe1_0.status=? 
        and oe1_0.retry_count<?
2026-06-24 10:32:50 [scheduling-1] DEBUG org.hibernate.SQL - 
    /* <criteria> */ select
        oe1_0.id,
        oe1_0.created_at,
        oe1_0.event_id,
        oe1_0.event_type,
        oe1_0.exchange,
        oe1_0.payload,
        oe1_0.published_at,
        oe1_0.retry_count,
        oe1_0.routing_key,
        oe1_0.status 
    from
        outbox_events oe1_0 
    where
        oe1_0.status=? 
        and oe1_0.retry_count<?
2026-06-24 10:32:55 [scheduling-1] DEBUG org.hibernate.SQL - 
    /* <criteria> */ select
        oe1_0.id,
        oe1_0.created_at,
        oe1_0.event_id,
        oe1_0.event_type,
        oe1_0.exchange,
        oe1_0.payload,
        oe1_0.published_at,
        oe1_0.retry_count,
        oe1_0.routing_key,
        oe1_0.status 
    from
        outbox_events oe1_0 
    where
        oe1_0.status=? 
        and oe1_0.retry_count<?
2026-06-24 10:33:00 [scheduling-1] DEBUG org.hibernate.SQL - 
    /* <criteria> */ select
        oe1_0.id,
        oe1_0.created_at,
        oe1_0.event_id,
        oe1_0.event_type,
        oe1_0.exchange,
        oe1_0.payload,
        oe1_0.published_at,
        oe1_0.retry_count,
        oe1_0.routing_key,
        oe1_0.status 
    from
        outbox_events oe1_0 
    where
        oe1_0.status=? 
        and oe1_0.retry_count<?
2026-06-24 10:33:05 [scheduling-1] DEBUG org.hibernate.SQL - 
    /* <criteria> */ select
        oe1_0.id,
        oe1_0.created_at,
        oe1_0.event_id,
        oe1_0.event_type,
        oe1_0.exchange,
        oe1_0.payload,
        oe1_0.published_at,
        oe1_0.retry_count,
        oe1_0.routing_key,
        oe1_0.status 
    from
        outbox_events oe1_0 
    where
        oe1_0.status=? 
        and oe1_0.retry_count<?
2026-06-24 10:33:10 [scheduling-1] DEBUG org.hibernate.SQL - 
    /* <criteria> */ select
        oe1_0.id,
        oe1_0.created_at,
        oe1_0.event_id,
        oe1_0.event_type,
        oe1_0.exchange,
        oe1_0.payload,
        oe1_0.published_at,
        oe1_0.retry_count,
        oe1_0.routing_key,
        oe1_0.status 
    from
        outbox_events oe1_0 
    where
        oe1_0.status=? 
        and oe1_0.retry_count<?
2026-06-24 10:33:15 [scheduling-1] DEBUG org.hibernate.SQL - 
    /* <criteria> */ select
        oe1_0.id,
        oe1_0.created_at,
        oe1_0.event_id,
        oe1_0.event_type,
        oe1_0.exchange,
        oe1_0.payload,
        oe1_0.published_at,
        oe1_0.retry_count,
        oe1_0.routing_key,
        oe1_0.status 
    from
        outbox_events oe1_0 
    where
        oe1_0.status=? 
        and oe1_0.retry_count<?
2026-06-24 10:33:20 [scheduling-1] DEBUG org.hibernate.SQL - 
    /* <criteria> */ select
        oe1_0.id,
        oe1_0.created_at,
        oe1_0.event_id,
        oe1_0.event_type,
        oe1_0.exchange,
        oe1_0.payload,
        oe1_0.published_at,
        oe1_0.retry_count,
        oe1_0.routing_key,
        oe1_0.status 
    from
        outbox_events oe1_0 
    where
        oe1_0.status=? 
        and oe1_0.retry_count<?
2026-06-24 10:33:25 [scheduling-1] DEBUG org.hibernate.SQL - 
    /* <criteria> */ select
        oe1_0.id,
        oe1_0.created_at,
        oe1_0.event_id,
        oe1_0.event_type,
        oe1_0.exchange,
        oe1_0.payload,
        oe1_0.published_at,
        oe1_0.retry_count,
        oe1_0.routing_key,
        oe1_0.status 
    from
        outbox_events oe1_0 
    where
        oe1_0.status=? 
        and oe1_0.retry_count<?
2026-06-24 10:33:30 [scheduling-1] DEBUG org.hibernate.SQL - 
    /* <criteria> */ select
        oe1_0.id,
        oe1_0.created_at,
        oe1_0.event_id,
        oe1_0.event_type,
        oe1_0.exchange,
        oe1_0.payload,
        oe1_0.published_at,
        oe1_0.retry_count,
        oe1_0.routing_key,
        oe1_0.status 
    from
        outbox_events oe1_0 
    where
        oe1_0.status=? 
        and oe1_0.retry_count<?
2026-06-24 10:33:35 [scheduling-1] DEBUG org.hibernate.SQL - 
    /* <criteria> */ select
        oe1_0.id,
        oe1_0.created_at,
        oe1_0.event_id,
        oe1_0.event_type,
        oe1_0.exchange,
        oe1_0.payload,
        oe1_0.published_at,
        oe1_0.retry_count,
        oe1_0.routing_key,
        oe1_0.status 
    from
        outbox_events oe1_0 
    where
        oe1_0.status=? 
        and oe1_0.retry_count<?
2026-06-24 10:33:40 [scheduling-1] DEBUG org.hibernate.SQL - 
    /* <criteria> */ select
        oe1_0.id,
        oe1_0.created_at,
        oe1_0.event_id,
        oe1_0.event_type,
        oe1_0.exchange,
        oe1_0.payload,
        oe1_0.published_at,
        oe1_0.retry_count,
        oe1_0.routing_key,
        oe1_0.status 
    from
        outbox_events oe1_0 
    where
        oe1_0.status=? 
        and oe1_0.retry_count<?
2026-06-24 10:33:45 [scheduling-1] DEBUG org.hibernate.SQL - 
    /* <criteria> */ select
        oe1_0.id,
        oe1_0.created_at,
        oe1_0.event_id,
        oe1_0.event_type,
        oe1_0.exchange,
        oe1_0.payload,
        oe1_0.published_at,
        oe1_0.retry_count,
        oe1_0.routing_key,
        oe1_0.status 
    from
        outbox_events oe1_0 
    where
        oe1_0.status=? 
        and oe1_0.retry_count<?
2026-06-24 10:33:50 [scheduling-1] DEBUG org.hibernate.SQL - 
    /* <criteria> */ select
        oe1_0.id,
        oe1_0.created_at,
        oe1_0.event_id,
        oe1_0.event_type,
        oe1_0.exchange,
        oe1_0.payload,
        oe1_0.published_at,
        oe1_0.retry_count,
        oe1_0.routing_key,
        oe1_0.status 
    from
        outbox_events oe1_0 
    where
        oe1_0.status=? 
        and oe1_0.retry_count<?
2026-06-24 10:33:55 [scheduling-1] DEBUG org.hibernate.SQL - 
    /* <criteria> */ select
        oe1_0.id,
        oe1_0.created_at,
        oe1_0.event_id,
        oe1_0.event_type,
        oe1_0.exchange,
        oe1_0.payload,
        oe1_0.published_at,
        oe1_0.retry_count,
        oe1_0.routing_key,
        oe1_0.status 
    from
        outbox_events oe1_0 
    where
        oe1_0.status=? 
        and oe1_0.retry_count<?
2026-06-24 10:34:00 [scheduling-1] DEBUG org.hibernate.SQL - 
    /* <criteria> */ select
        oe1_0.id,
        oe1_0.created_at,
        oe1_0.event_id,
        oe1_0.event_type,
        oe1_0.exchange,
        oe1_0.payload,
        oe1_0.published_at,
        oe1_0.retry_count,
        oe1_0.routing_key,
        oe1_0.status 
    from
        outbox_events oe1_0 
    where
        oe1_0.status=? 
        and oe1_0.retry_count<?
2026-06-24 10:34:05 [scheduling-1] DEBUG org.hibernate.SQL - 
    /* <criteria> */ select
        oe1_0.id,
        oe1_0.created_at,
        oe1_0.event_id,
        oe1_0.event_type,
        oe1_0.exchange,
        oe1_0.payload,
        oe1_0.published_at,
        oe1_0.retry_count,
        oe1_0.routing_key,
        oe1_0.status 
    from
        outbox_events oe1_0 
    where
        oe1_0.status=? 
        and oe1_0.retry_count<?
2026-06-24 10:34:10 [scheduling-1] DEBUG org.hibernate.SQL - 
    /* <criteria> */ select
        oe1_0.id,
        oe1_0.created_at,
        oe1_0.event_id,
        oe1_0.event_type,
        oe1_0.exchange,
        oe1_0.payload,
        oe1_0.published_at,
        oe1_0.retry_count,
        oe1_0.routing_key,
        oe1_0.status 
    from
        outbox_events oe1_0 
    where
        oe1_0.status=? 
        and oe1_0.retry_count<?
2026-06-24 10:34:15 [scheduling-1] DEBUG org.hibernate.SQL - 
    /* <criteria> */ select
        oe1_0.id,
        oe1_0.created_at,
        oe1_0.event_id,
        oe1_0.event_type,
        oe1_0.exchange,
        oe1_0.payload,
        oe1_0.published_at,
        oe1_0.retry_count,
        oe1_0.routing_key,
        oe1_0.status 
    from
        outbox_events oe1_0 
    where
        oe1_0.status=? 
        and oe1_0.retry_count<?
2026-06-24 10:34:20 [scheduling-1] DEBUG org.hibernate.SQL - 
    /* <criteria> */ select
        oe1_0.id,
        oe1_0.created_at,
        oe1_0.event_id,
        oe1_0.event_type,
        oe1_0.exchange,
        oe1_0.payload,
        oe1_0.published_at,
        oe1_0.retry_count,
        oe1_0.routing_key,
        oe1_0.status 
    from
        outbox_events oe1_0 
    where
        oe1_0.status=? 
        and oe1_0.retry_count<?
2026-06-24 10:34:25 [scheduling-1] DEBUG org.hibernate.SQL - 
    /* <criteria> */ select
        oe1_0.id,
        oe1_0.created_at,
        oe1_0.event_id,
        oe1_0.event_type,
        oe1_0.exchange,
        oe1_0.payload,
        oe1_0.published_at,
        oe1_0.retry_count,
        oe1_0.routing_key,
        oe1_0.status 
    from
        outbox_events oe1_0 
    where
        oe1_0.status=? 
        and oe1_0.retry_count<?
2026-06-24 10:34:30 [scheduling-1] DEBUG org.hibernate.SQL - 
    /* <criteria> */ select
        oe1_0.id,
        oe1_0.created_at,
        oe1_0.event_id,
        oe1_0.event_type,
        oe1_0.exchange,
        oe1_0.payload,
        oe1_0.published_at,
        oe1_0.retry_count,
        oe1_0.routing_key,
        oe1_0.status 
    from
        outbox_events oe1_0 
    where
        oe1_0.status=? 
        and oe1_0.retry_count<?
2026-06-24 10:34:35 [scheduling-1] DEBUG org.hibernate.SQL - 
    /* <criteria> */ select
        oe1_0.id,
        oe1_0.created_at,
        oe1_0.event_id,
        oe1_0.event_type,
        oe1_0.exchange,
        oe1_0.payload,
        oe1_0.published_at,
        oe1_0.retry_count,
        oe1_0.routing_key,
        oe1_0.status 
    from
        outbox_events oe1_0 
    where
        oe1_0.status=? 
        and oe1_0.retry_count<?
2026-06-24 10:34:40 [scheduling-1] DEBUG org.hibernate.SQL - 
    /* <criteria> */ select
        oe1_0.id,
        oe1_0.created_at,
        oe1_0.event_id,
        oe1_0.event_type,
        oe1_0.exchange,
        oe1_0.payload,
        oe1_0.published_at,
        oe1_0.retry_count,
        oe1_0.routing_key,
        oe1_0.status 
    from
        outbox_events oe1_0 
    where
        oe1_0.status=? 
        and oe1_0.retry_count<?
2026-06-24 10:34:45 [scheduling-1] DEBUG org.hibernate.SQL - 
    /* <criteria> */ select
        oe1_0.id,
        oe1_0.created_at,
        oe1_0.event_id,
        oe1_0.event_type,
        oe1_0.exchange,
        oe1_0.payload,
        oe1_0.published_at,
        oe1_0.retry_count,
        oe1_0.routing_key,
        oe1_0.status 
    from
        outbox_events oe1_0 
    where
        oe1_0.status=? 
        and oe1_0.retry_count<?
2026-06-24 10:34:50 [scheduling-1] DEBUG org.hibernate.SQL - 
    /* <criteria> */ select
        oe1_0.id,
        oe1_0.created_at,
        oe1_0.event_id,
        oe1_0.event_type,
        oe1_0.exchange,
        oe1_0.payload,
        oe1_0.published_at,
        oe1_0.retry_count,
        oe1_0.routing_key,
        oe1_0.status 
    from
        outbox_events oe1_0 
    where
        oe1_0.status=? 
        and oe1_0.retry_count<?
2026-06-24 10:34:56 [scheduling-1] DEBUG org.hibernate.SQL - 
    /* <criteria> */ select
        oe1_0.id,
        oe1_0.created_at,
        oe1_0.event_id,
        oe1_0.event_type,
        oe1_0.exchange,
        oe1_0.payload,
        oe1_0.published_at,
        oe1_0.retry_count,
        oe1_0.routing_key,
        oe1_0.status 
    from
        outbox_events oe1_0 
    where
        oe1_0.status=? 
        and oe1_0.retry_count<?
2026-06-24 10:35:01 [scheduling-1] DEBUG org.hibernate.SQL - 
    /* <criteria> */ select
        oe1_0.id,
        oe1_0.created_at,
        oe1_0.event_id,
        oe1_0.event_type,
        oe1_0.exchange,
        oe1_0.payload,
        oe1_0.published_at,
        oe1_0.retry_count,
        oe1_0.routing_key,
        oe1_0.status 
    from
        outbox_events oe1_0 
    where
        oe1_0.status=? 
        and oe1_0.retry_count<?
2026-06-24 10:35:06 [scheduling-1] DEBUG org.hibernate.SQL - 
    /* <criteria> */ select
        oe1_0.id,
        oe1_0.created_at,
        oe1_0.event_id,
        oe1_0.event_type,
        oe1_0.exchange,
        oe1_0.payload,
        oe1_0.published_at,
        oe1_0.retry_count,
        oe1_0.routing_key,
        oe1_0.status 
    from
        outbox_events oe1_0 
    where
        oe1_0.status=? 
        and oe1_0.retry_count<?
2026-06-24 10:35:11 [scheduling-1] DEBUG org.hibernate.SQL - 
    /* <criteria> */ select
        oe1_0.id,
        oe1_0.created_at,
        oe1_0.event_id,
        oe1_0.event_type,
        oe1_0.exchange,
        oe1_0.payload,
        oe1_0.published_at,
        oe1_0.retry_count,
        oe1_0.routing_key,
        oe1_0.status 
    from
        outbox_events oe1_0 
    where
        oe1_0.status=? 
        and oe1_0.retry_count<?
2026-06-24 10:35:16 [scheduling-1] DEBUG org.hibernate.SQL - 
    /* <criteria> */ select
        oe1_0.id,
        oe1_0.created_at,
        oe1_0.event_id,
        oe1_0.event_type,
        oe1_0.exchange,
        oe1_0.payload,
        oe1_0.published_at,
        oe1_0.retry_count,
        oe1_0.routing_key,
        oe1_0.status 
    from
        outbox_events oe1_0 
    where
        oe1_0.status=? 
        and oe1_0.retry_count<?
2026-06-24 10:35:21 [scheduling-1] DEBUG org.hibernate.SQL - 
    /* <criteria> */ select
        oe1_0.id,
        oe1_0.created_at,
        oe1_0.event_id,
        oe1_0.event_type,
        oe1_0.exchange,
        oe1_0.payload,
        oe1_0.published_at,
        oe1_0.retry_count,
        oe1_0.routing_key,
        oe1_0.status 
    from
        outbox_events oe1_0 
    where
        oe1_0.status=? 
        and oe1_0.retry_count<?
2026-06-24 10:35:26 [scheduling-1] DEBUG org.hibernate.SQL - 
    /* <criteria> */ select
        oe1_0.id,
        oe1_0.created_at,
        oe1_0.event_id,
        oe1_0.event_type,
        oe1_0.exchange,
        oe1_0.payload,
        oe1_0.published_at,
        oe1_0.retry_count,
        oe1_0.routing_key,
        oe1_0.status 
    from
        outbox_events oe1_0 
    where
        oe1_0.status=? 
        and oe1_0.retry_count<?
2026-06-24 10:35:31 [scheduling-1] DEBUG org.hibernate.SQL - 
    /* <criteria> */ select
        oe1_0.id,
        oe1_0.created_at,
        oe1_0.event_id,
        oe1_0.event_type,
        oe1_0.exchange,
        oe1_0.payload,
        oe1_0.published_at,
        oe1_0.retry_count,
        oe1_0.routing_key,
        oe1_0.status 
    from
        outbox_events oe1_0 
    where
        oe1_0.status=? 
        and oe1_0.retry_count<?
2026-06-24 10:35:36 [scheduling-1] DEBUG org.hibernate.SQL - 
    /* <criteria> */ select
        oe1_0.id,
        oe1_0.created_at,
        oe1_0.event_id,
        oe1_0.event_type,
        oe1_0.exchange,
        oe1_0.payload,
        oe1_0.published_at,
        oe1_0.retry_count,
        oe1_0.routing_key,
        oe1_0.status 
    from
        outbox_events oe1_0 
    where
        oe1_0.status=? 
        and oe1_0.retry_count<?
2026-06-24 10:35:41 [scheduling-1] DEBUG org.hibernate.SQL - 
    /* <criteria> */ select
        oe1_0.id,
        oe1_0.created_at,
        oe1_0.event_id,
        oe1_0.event_type,
        oe1_0.exchange,
        oe1_0.payload,
        oe1_0.published_at,
        oe1_0.retry_count,
        oe1_0.routing_key,
        oe1_0.status 
    from
        outbox_events oe1_0 
    where
        oe1_0.status=? 
        and oe1_0.retry_count<?
2026-06-24 10:35:46 [scheduling-1] DEBUG org.hibernate.SQL - 
    /* <criteria> */ select
        oe1_0.id,
        oe1_0.created_at,
        oe1_0.event_id,
        oe1_0.event_type,
        oe1_0.exchange,
        oe1_0.payload,
        oe1_0.published_at,
        oe1_0.retry_count,
        oe1_0.routing_key,
        oe1_0.status 
    from
        outbox_events oe1_0 
    where
        oe1_0.status=? 
        and oe1_0.retry_count<?
2026-06-24 10:35:51 [scheduling-1] DEBUG org.hibernate.SQL - 
    /* <criteria> */ select
        oe1_0.id,
        oe1_0.created_at,
        oe1_0.event_id,
        oe1_0.event_type,
        oe1_0.exchange,
        oe1_0.payload,
        oe1_0.published_at,
        oe1_0.retry_count,
        oe1_0.routing_key,
        oe1_0.status 
    from
        outbox_events oe1_0 
    where
        oe1_0.status=? 
        and oe1_0.retry_count<?
2026-06-24 10:35:56 [scheduling-1] DEBUG org.hibernate.SQL - 
    /* <criteria> */ select
        oe1_0.id,
        oe1_0.created_at,
        oe1_0.event_id,
        oe1_0.event_type,
        oe1_0.exchange,
        oe1_0.payload,
        oe1_0.published_at,
        oe1_0.retry_count,
        oe1_0.routing_key,
        oe1_0.status 
    from
        outbox_events oe1_0 
    where
        oe1_0.status=? 
        and oe1_0.retry_count<?
2026-06-24 10:36:01 [scheduling-1] DEBUG org.hibernate.SQL - 
    /* <criteria> */ select
        oe1_0.id,
        oe1_0.created_at,
        oe1_0.event_id,
        oe1_0.event_type,
        oe1_0.exchange,
        oe1_0.payload,
        oe1_0.published_at,
        oe1_0.retry_count,
        oe1_0.routing_key,
        oe1_0.status 
    from
        outbox_events oe1_0 
    where
        oe1_0.status=? 
        and oe1_0.retry_count<?
2026-06-24 10:36:06 [scheduling-1] DEBUG org.hibernate.SQL - 
    /* <criteria> */ select
        oe1_0.id,
        oe1_0.created_at,
        oe1_0.event_id,
        oe1_0.event_type,
        oe1_0.exchange,
        oe1_0.payload,
        oe1_0.published_at,
        oe1_0.retry_count,
        oe1_0.routing_key,
        oe1_0.status 
    from
        outbox_events oe1_0 
    where
        oe1_0.status=? 
        and oe1_0.retry_count<?
2026-06-24 10:36:11 [scheduling-1] DEBUG org.hibernate.SQL - 
    /* <criteria> */ select
        oe1_0.id,
        oe1_0.created_at,
        oe1_0.event_id,
        oe1_0.event_type,
        oe1_0.exchange,
        oe1_0.payload,
        oe1_0.published_at,
        oe1_0.retry_count,
        oe1_0.routing_key,
        oe1_0.status 
    from
        outbox_events oe1_0 
    where
        oe1_0.status=? 
        and oe1_0.retry_count<?
2026-06-24 10:36:16 [scheduling-1] DEBUG org.hibernate.SQL - 
    /* <criteria> */ select
        oe1_0.id,
        oe1_0.created_at,
        oe1_0.event_id,
        oe1_0.event_type,
        oe1_0.exchange,
        oe1_0.payload,
        oe1_0.published_at,
        oe1_0.retry_count,
        oe1_0.routing_key,
        oe1_0.status 
    from
        outbox_events oe1_0 
    where
        oe1_0.status=? 
        and oe1_0.retry_count<?
2026-06-24 10:36:20 [AsyncResolver-bootstrap-executor-0] INFO  c.n.d.s.r.aws.ConfigClusterResolver - Resolving eureka endpoints via configuration
2026-06-24 10:36:21 [scheduling-1] DEBUG org.hibernate.SQL - 
    /* <criteria> */ select
        oe1_0.id,
        oe1_0.created_at,
        oe1_0.event_id,
        oe1_0.event_type,
        oe1_0.exchange,
        oe1_0.payload,
        oe1_0.published_at,
        oe1_0.retry_count,
        oe1_0.routing_key,
        oe1_0.status 
    from
        outbox_events oe1_0 
    where
        oe1_0.status=? 
        and oe1_0.retry_count<?
2026-06-24 10:36:26 [scheduling-1] DEBUG org.hibernate.SQL - 
    /* <criteria> */ select
        oe1_0.id,
        oe1_0.created_at,
        oe1_0.event_id,
        oe1_0.event_type,
        oe1_0.exchange,
        oe1_0.payload,
        oe1_0.published_at,
        oe1_0.retry_count,
        oe1_0.routing_key,
        oe1_0.status 
    from
        outbox_events oe1_0 
    where
        oe1_0.status=? 
        and oe1_0.retry_count<?
2026-06-24 10:36:31 [scheduling-1] DEBUG org.hibernate.SQL - 
    /* <criteria> */ select
        oe1_0.id,
        oe1_0.created_at,
        oe1_0.event_id,
        oe1_0.event_type,
        oe1_0.exchange,
        oe1_0.payload,
        oe1_0.published_at,
        oe1_0.retry_count,
        oe1_0.routing_key,
        oe1_0.status 
    from
        outbox_events oe1_0 
    where
        oe1_0.status=? 
        and oe1_0.retry_count<?
2026-06-24 10:36:36 [scheduling-1] DEBUG org.hibernate.SQL - 
    /* <criteria> */ select
        oe1_0.id,
        oe1_0.created_at,
        oe1_0.event_id,
        oe1_0.event_type,
        oe1_0.exchange,
        oe1_0.payload,
        oe1_0.published_at,
        oe1_0.retry_count,
        oe1_0.routing_key,
        oe1_0.status 
    from
        outbox_events oe1_0 
    where
        oe1_0.status=? 
        and oe1_0.retry_count<?
2026-06-24 10:36:41 [scheduling-1] DEBUG org.hibernate.SQL - 
    /* <criteria> */ select
        oe1_0.id,
        oe1_0.created_at,
        oe1_0.event_id,
        oe1_0.event_type,
        oe1_0.exchange,
        oe1_0.payload,
        oe1_0.published_at,
        oe1_0.retry_count,
        oe1_0.routing_key,
        oe1_0.status 
    from
        outbox_events oe1_0 
    where
        oe1_0.status=? 
        and oe1_0.retry_count<?
2026-06-24 10:36:46 [scheduling-1] DEBUG org.hibernate.SQL - 
    /* <criteria> */ select
        oe1_0.id,
        oe1_0.created_at,
        oe1_0.event_id,
        oe1_0.event_type,
        oe1_0.exchange,
        oe1_0.payload,
        oe1_0.published_at,
        oe1_0.retry_count,
        oe1_0.routing_key,
        oe1_0.status 
    from
        outbox_events oe1_0 
    where
        oe1_0.status=? 
        and oe1_0.retry_count<?
2026-06-24 10:36:51 [scheduling-1] DEBUG org.hibernate.SQL - 
    /* <criteria> */ select
        oe1_0.id,
        oe1_0.created_at,
        oe1_0.event_id,
        oe1_0.event_type,
        oe1_0.exchange,
        oe1_0.payload,
        oe1_0.published_at,
        oe1_0.retry_count,
        oe1_0.routing_key,
        oe1_0.status 
    from
        outbox_events oe1_0 
    where
        oe1_0.status=? 
        and oe1_0.retry_count<?
2026-06-24 10:36:56 [scheduling-1] DEBUG org.hibernate.SQL - 
    /* <criteria> */ select
        oe1_0.id,
        oe1_0.created_at,
        oe1_0.event_id,
        oe1_0.event_type,
        oe1_0.exchange,
        oe1_0.payload,
        oe1_0.published_at,
        oe1_0.retry_count,
        oe1_0.routing_key,
        oe1_0.status 
    from
        outbox_events oe1_0 
    where
        oe1_0.status=? 
        and oe1_0.retry_count<?
2026-06-24 10:37:01 [scheduling-1] DEBUG org.hibernate.SQL - 
    /* <criteria> */ select
        oe1_0.id,
        oe1_0.created_at,
        oe1_0.event_id,
        oe1_0.event_type,
        oe1_0.exchange,
        oe1_0.payload,
        oe1_0.published_at,
        oe1_0.retry_count,
        oe1_0.routing_key,
        oe1_0.status 
    from
        outbox_events oe1_0 
    where
        oe1_0.status=? 
        and oe1_0.retry_count<?
2026-06-24 10:37:06 [scheduling-1] DEBUG org.hibernate.SQL - 
    /* <criteria> */ select
        oe1_0.id,
        oe1_0.created_at,
        oe1_0.event_id,
        oe1_0.event_type,
        oe1_0.exchange,
        oe1_0.payload,
        oe1_0.published_at,
        oe1_0.retry_count,
        oe1_0.routing_key,
        oe1_0.status 
    from
        outbox_events oe1_0 
    where
        oe1_0.status=? 
        and oe1_0.retry_count<?
2026-06-24 10:37:11 [scheduling-1] DEBUG org.hibernate.SQL - 
    /* <criteria> */ select
        oe1_0.id,
        oe1_0.created_at,
        oe1_0.event_id,
        oe1_0.event_type,
        oe1_0.exchange,
        oe1_0.payload,
        oe1_0.published_at,
        oe1_0.retry_count,
        oe1_0.routing_key,
        oe1_0.status 
    from
        outbox_events oe1_0 
    where
        oe1_0.status=? 
        and oe1_0.retry_count<?
2026-06-24 10:37:16 [scheduling-1] DEBUG org.hibernate.SQL - 
    /* <criteria> */ select
        oe1_0.id,
        oe1_0.created_at,
        oe1_0.event_id,
        oe1_0.event_type,
        oe1_0.exchange,
        oe1_0.payload,
        oe1_0.published_at,
        oe1_0.retry_count,
        oe1_0.routing_key,
        oe1_0.status 
    from
        outbox_events oe1_0 
    where
        oe1_0.status=? 
        and oe1_0.retry_count<?
2026-06-24 10:37:21 [scheduling-1] DEBUG org.hibernate.SQL - 
    /* <criteria> */ select
        oe1_0.id,
        oe1_0.created_at,
        oe1_0.event_id,
        oe1_0.event_type,
        oe1_0.exchange,
        oe1_0.payload,
        oe1_0.published_at,
        oe1_0.retry_count,
        oe1_0.routing_key,
        oe1_0.status 
    from
        outbox_events oe1_0 
    where
        oe1_0.status=? 
        and oe1_0.retry_count<?
2026-06-24 10:37:26 [scheduling-1] DEBUG org.hibernate.SQL - 
    /* <criteria> */ select
        oe1_0.id,
        oe1_0.created_at,
        oe1_0.event_id,
        oe1_0.event_type,
        oe1_0.exchange,
        oe1_0.payload,
        oe1_0.published_at,
        oe1_0.retry_count,
        oe1_0.routing_key,
        oe1_0.status 
    from
        outbox_events oe1_0 
    where
        oe1_0.status=? 
        and oe1_0.retry_count<?
2026-06-24 10:37:31 [scheduling-1] DEBUG org.hibernate.SQL - 
    /* <criteria> */ select
        oe1_0.id,
        oe1_0.created_at,
        oe1_0.event_id,
        oe1_0.event_type,
        oe1_0.exchange,
        oe1_0.payload,
        oe1_0.published_at,
        oe1_0.retry_count,
        oe1_0.routing_key,
        oe1_0.status 
    from
        outbox_events oe1_0 
    where
        oe1_0.status=? 
        and oe1_0.retry_count<?
2026-06-24 10:37:36 [scheduling-1] DEBUG org.hibernate.SQL - 
    /* <criteria> */ select
        oe1_0.id,
        oe1_0.created_at,
        oe1_0.event_id,
        oe1_0.event_type,
        oe1_0.exchange,
        oe1_0.payload,
        oe1_0.published_at,
        oe1_0.retry_count,
        oe1_0.routing_key,
        oe1_0.status 
    from
        outbox_events oe1_0 
    where
        oe1_0.status=? 
        and oe1_0.retry_count<?
2026-06-24 10:37:41 [scheduling-1] DEBUG org.hibernate.SQL - 
    /* <criteria> */ select
        oe1_0.id,
        oe1_0.created_at,
        oe1_0.event_id,
        oe1_0.event_type,
        oe1_0.exchange,
        oe1_0.payload,
        oe1_0.published_at,
        oe1_0.retry_count,
        oe1_0.routing_key,
        oe1_0.status 
    from
        outbox_events oe1_0 
    where
        oe1_0.status=? 
        and oe1_0.retry_count<?
2026-06-24 10:37:46 [scheduling-1] DEBUG org.hibernate.SQL - 
    /* <criteria> */ select
        oe1_0.id,
        oe1_0.created_at,
        oe1_0.event_id,
        oe1_0.event_type,
        oe1_0.exchange,
        oe1_0.payload,
        oe1_0.published_at,
        oe1_0.retry_count,
        oe1_0.routing_key,
        oe1_0.status 
    from
        outbox_events oe1_0 
    where
        oe1_0.status=? 
        and oe1_0.retry_count<?
2026-06-24 10:37:51 [scheduling-1] DEBUG org.hibernate.SQL - 
    /* <criteria> */ select
        oe1_0.id,
        oe1_0.created_at,
        oe1_0.event_id,
        oe1_0.event_type,
        oe1_0.exchange,
        oe1_0.payload,
        oe1_0.published_at,
        oe1_0.retry_count,
        oe1_0.routing_key,
        oe1_0.status 
    from
        outbox_events oe1_0 
    where
        oe1_0.status=? 
        and oe1_0.retry_count<?
2026-06-24 10:37:56 [scheduling-1] DEBUG org.hibernate.SQL - 
    /* <criteria> */ select
        oe1_0.id,
        oe1_0.created_at,
        oe1_0.event_id,
        oe1_0.event_type,
        oe1_0.exchange,
        oe1_0.payload,
        oe1_0.published_at,
        oe1_0.retry_count,
        oe1_0.routing_key,
        oe1_0.status 
    from
        outbox_events oe1_0 
    where
        oe1_0.status=? 
        and oe1_0.retry_count<?
2026-06-24 10:38:01 [scheduling-1] DEBUG org.hibernate.SQL - 
    /* <criteria> */ select
        oe1_0.id,
        oe1_0.created_at,
        oe1_0.event_id,
        oe1_0.event_type,
        oe1_0.exchange,
        oe1_0.payload,
        oe1_0.published_at,
        oe1_0.retry_count,
        oe1_0.routing_key,
        oe1_0.status 
    from
        outbox_events oe1_0 
    where
        oe1_0.status=? 
        and oe1_0.retry_count<?
2026-06-24 10:38:06 [scheduling-1] DEBUG org.hibernate.SQL - 
    /* <criteria> */ select
        oe1_0.id,
        oe1_0.created_at,
        oe1_0.event_id,
        oe1_0.event_type,
        oe1_0.exchange,
        oe1_0.payload,
        oe1_0.published_at,
        oe1_0.retry_count,
        oe1_0.routing_key,
        oe1_0.status 
    from
        outbox_events oe1_0 
    where
        oe1_0.status=? 
        and oe1_0.retry_count<?
2026-06-24 10:38:11 [scheduling-1] DEBUG org.hibernate.SQL - 
    /* <criteria> */ select
        oe1_0.id,
        oe1_0.created_at,
        oe1_0.event_id,
        oe1_0.event_type,
        oe1_0.exchange,
        oe1_0.payload,
        oe1_0.published_at,
        oe1_0.retry_count,
        oe1_0.routing_key,
        oe1_0.status 
    from
        outbox_events oe1_0 
    where
        oe1_0.status=? 
        and oe1_0.retry_count<?
2026-06-24 10:38:16 [scheduling-1] DEBUG org.hibernate.SQL - 
    /* <criteria> */ select
        oe1_0.id,
        oe1_0.created_at,
        oe1_0.event_id,
        oe1_0.event_type,
        oe1_0.exchange,
        oe1_0.payload,
        oe1_0.published_at,
        oe1_0.retry_count,
        oe1_0.routing_key,
        oe1_0.status 
    from
        outbox_events oe1_0 
    where
        oe1_0.status=? 
        and oe1_0.retry_count<?
2026-06-24 10:38:21 [scheduling-1] DEBUG org.hibernate.SQL - 
    /* <criteria> */ select
        oe1_0.id,
        oe1_0.created_at,
        oe1_0.event_id,
        oe1_0.event_type,
        oe1_0.exchange,
        oe1_0.payload,
        oe1_0.published_at,
        oe1_0.retry_count,
        oe1_0.routing_key,
        oe1_0.status 
    from
        outbox_events oe1_0 
    where
        oe1_0.status=? 
        and oe1_0.retry_count<?
2026-06-24 10:38:26 [scheduling-1] DEBUG org.hibernate.SQL - 
    /* <criteria> */ select
        oe1_0.id,
        oe1_0.created_at,
        oe1_0.event_id,
        oe1_0.event_type,
        oe1_0.exchange,
        oe1_0.payload,
        oe1_0.published_at,
        oe1_0.retry_count,
        oe1_0.routing_key,
        oe1_0.status 
    from
        outbox_events oe1_0 
    where
        oe1_0.status=? 
        and oe1_0.retry_count<?
2026-06-24 10:38:31 [scheduling-1] DEBUG org.hibernate.SQL - 
    /* <criteria> */ select
        oe1_0.id,
        oe1_0.created_at,
        oe1_0.event_id,
        oe1_0.event_type,
        oe1_0.exchange,
        oe1_0.payload,
        oe1_0.published_at,
        oe1_0.retry_count,
        oe1_0.routing_key,
        oe1_0.status 
    from
        outbox_events oe1_0 
    where
        oe1_0.status=? 
        and oe1_0.retry_count<?
2026-06-24 10:38:36 [scheduling-1] DEBUG org.hibernate.SQL - 
    /* <criteria> */ select
        oe1_0.id,
        oe1_0.created_at,
        oe1_0.event_id,
        oe1_0.event_type,
        oe1_0.exchange,
        oe1_0.payload,
        oe1_0.published_at,
        oe1_0.retry_count,
        oe1_0.routing_key,
        oe1_0.status 
    from
        outbox_events oe1_0 
    where
        oe1_0.status=? 
        and oe1_0.retry_count<?
2026-06-24 10:38:41 [scheduling-1] DEBUG org.hibernate.SQL - 
    /* <criteria> */ select
        oe1_0.id,
        oe1_0.created_at,
        oe1_0.event_id,
        oe1_0.event_type,
        oe1_0.exchange,
        oe1_0.payload,
        oe1_0.published_at,
        oe1_0.retry_count,
        oe1_0.routing_key,
        oe1_0.status 
    from
        outbox_events oe1_0 
    where
        oe1_0.status=? 
        and oe1_0.retry_count<?
2026-06-24 10:38:46 [scheduling-1] DEBUG org.hibernate.SQL - 
    /* <criteria> */ select
        oe1_0.id,
        oe1_0.created_at,
        oe1_0.event_id,
        oe1_0.event_type,
        oe1_0.exchange,
        oe1_0.payload,
        oe1_0.published_at,
        oe1_0.retry_count,
        oe1_0.routing_key,
        oe1_0.status 
    from
        outbox_events oe1_0 
    where
        oe1_0.status=? 
        and oe1_0.retry_count<?
2026-06-24 10:38:51 [scheduling-1] DEBUG org.hibernate.SQL - 
    /* <criteria> */ select
        oe1_0.id,
        oe1_0.created_at,
        oe1_0.event_id,
        oe1_0.event_type,
        oe1_0.exchange,
        oe1_0.payload,
        oe1_0.published_at,
        oe1_0.retry_count,
        oe1_0.routing_key,
        oe1_0.status 
    from
        outbox_events oe1_0 
    where
        oe1_0.status=? 
        and oe1_0.retry_count<?
2026-06-24 10:38:56 [scheduling-1] DEBUG org.hibernate.SQL - 
    /* <criteria> */ select
        oe1_0.id,
        oe1_0.created_at,
        oe1_0.event_id,
        oe1_0.event_type,
        oe1_0.exchange,
        oe1_0.payload,
        oe1_0.published_at,
        oe1_0.retry_count,
        oe1_0.routing_key,
        oe1_0.status 
    from
        outbox_events oe1_0 
    where
        oe1_0.status=? 
        and oe1_0.retry_count<?
2026-06-24 10:39:01 [scheduling-1] DEBUG org.hibernate.SQL - 
    /* <criteria> */ select
        oe1_0.id,
        oe1_0.created_at,
        oe1_0.event_id,
        oe1_0.event_type,
        oe1_0.exchange,
        oe1_0.payload,
        oe1_0.published_at,
        oe1_0.retry_count,
        oe1_0.routing_key,
        oe1_0.status 
    from
        outbox_events oe1_0 
    where
        oe1_0.status=? 
        and oe1_0.retry_count<?
2026-06-24 10:39:06 [scheduling-1] DEBUG org.hibernate.SQL - 
    /* <criteria> */ select
        oe1_0.id,
        oe1_0.created_at,
        oe1_0.event_id,
        oe1_0.event_type,
        oe1_0.exchange,
        oe1_0.payload,
        oe1_0.published_at,
        oe1_0.retry_count,
        oe1_0.routing_key,
        oe1_0.status 
    from
        outbox_events oe1_0 
    where
        oe1_0.status=? 
        and oe1_0.retry_count<?
2026-06-24 10:39:11 [scheduling-1] DEBUG org.hibernate.SQL - 
    /* <criteria> */ select
        oe1_0.id,
        oe1_0.created_at,
        oe1_0.event_id,
        oe1_0.event_type,
        oe1_0.exchange,
        oe1_0.payload,
        oe1_0.published_at,
        oe1_0.retry_count,
        oe1_0.routing_key,
        oe1_0.status 
    from
        outbox_events oe1_0 
    where
        oe1_0.status=? 
        and oe1_0.retry_count<?
2026-06-24 10:39:16 [scheduling-1] DEBUG org.hibernate.SQL - 
    /* <criteria> */ select
        oe1_0.id,
        oe1_0.created_at,
        oe1_0.event_id,
        oe1_0.event_type,
        oe1_0.exchange,
        oe1_0.payload,
        oe1_0.published_at,
        oe1_0.retry_count,
        oe1_0.routing_key,
        oe1_0.status 
    from
        outbox_events oe1_0 
    where
        oe1_0.status=? 
        and oe1_0.retry_count<?
2026-06-24 10:39:21 [scheduling-1] DEBUG org.hibernate.SQL - 
    /* <criteria> */ select
        oe1_0.id,
        oe1_0.created_at,
        oe1_0.event_id,
        oe1_0.event_type,
        oe1_0.exchange,
        oe1_0.payload,
        oe1_0.published_at,
        oe1_0.retry_count,
        oe1_0.routing_key,
        oe1_0.status 
    from
        outbox_events oe1_0 
    where
        oe1_0.status=? 
        and oe1_0.retry_count<?
2026-06-24 10:39:26 [scheduling-1] DEBUG org.hibernate.SQL - 
    /* <criteria> */ select
        oe1_0.id,
        oe1_0.created_at,
        oe1_0.event_id,
        oe1_0.event_type,
        oe1_0.exchange,
        oe1_0.payload,
        oe1_0.published_at,
        oe1_0.retry_count,
        oe1_0.routing_key,
        oe1_0.status 
    from
        outbox_events oe1_0 
    where
        oe1_0.status=? 
        and oe1_0.retry_count<?
2026-06-24 10:39:31 [scheduling-1] DEBUG org.hibernate.SQL - 
    /* <criteria> */ select
        oe1_0.id,
        oe1_0.created_at,
        oe1_0.event_id,
        oe1_0.event_type,
        oe1_0.exchange,
        oe1_0.payload,
        oe1_0.published_at,
        oe1_0.retry_count,
        oe1_0.routing_key,
        oe1_0.status 
    from
        outbox_events oe1_0 
    where
        oe1_0.status=? 
        and oe1_0.retry_count<?
2026-06-24 10:39:37 [scheduling-1] DEBUG org.hibernate.SQL - 
    /* <criteria> */ select
        oe1_0.id,
        oe1_0.created_at,
        oe1_0.event_id,
        oe1_0.event_type,
        oe1_0.exchange,
        oe1_0.payload,
        oe1_0.published_at,
        oe1_0.retry_count,
        oe1_0.routing_key,
        oe1_0.status 
    from
        outbox_events oe1_0 
    where
        oe1_0.status=? 
        and oe1_0.retry_count<?
2026-06-24 10:39:42 [scheduling-1] DEBUG org.hibernate.SQL - 
    /* <criteria> */ select
        oe1_0.id,
        oe1_0.created_at,
        oe1_0.event_id,
        oe1_0.event_type,
        oe1_0.exchange,
        oe1_0.payload,
        oe1_0.published_at,
        oe1_0.retry_count,
        oe1_0.routing_key,
        oe1_0.status 
    from
        outbox_events oe1_0 
    where
        oe1_0.status=? 
        and oe1_0.retry_count<?
2026-06-24 10:39:47 [scheduling-1] DEBUG org.hibernate.SQL - 
    /* <criteria> */ select
        oe1_0.id,
        oe1_0.created_at,
        oe1_0.event_id,
        oe1_0.event_type,
        oe1_0.exchange,
        oe1_0.payload,
        oe1_0.published_at,
        oe1_0.retry_count,
        oe1_0.routing_key,
        oe1_0.status 
    from
        outbox_events oe1_0 
    where
        oe1_0.status=? 
        and oe1_0.retry_count<?
2026-06-24 10:39:52 [scheduling-1] DEBUG org.hibernate.SQL - 
    /* <criteria> */ select
        oe1_0.id,
        oe1_0.created_at,
        oe1_0.event_id,
        oe1_0.event_type,
        oe1_0.exchange,
        oe1_0.payload,
        oe1_0.published_at,
        oe1_0.retry_count,
        oe1_0.routing_key,
        oe1_0.status 
    from
        outbox_events oe1_0 
    where
        oe1_0.status=? 
        and oe1_0.retry_count<?
2026-06-24 10:39:57 [scheduling-1] DEBUG org.hibernate.SQL - 
    /* <criteria> */ select
        oe1_0.id,
        oe1_0.created_at,
        oe1_0.event_id,
        oe1_0.event_type,
        oe1_0.exchange,
        oe1_0.payload,
        oe1_0.published_at,
        oe1_0.retry_count,
        oe1_0.routing_key,
        oe1_0.status 
    from
        outbox_events oe1_0 
    where
        oe1_0.status=? 
        and oe1_0.retry_count<?
2026-06-24 10:40:02 [scheduling-1] DEBUG org.hibernate.SQL - 
    /* <criteria> */ select
        oe1_0.id,
        oe1_0.created_at,
        oe1_0.event_id,
        oe1_0.event_type,
        oe1_0.exchange,
        oe1_0.payload,
        oe1_0.published_at,
        oe1_0.retry_count,
        oe1_0.routing_key,
        oe1_0.status 
    from
        outbox_events oe1_0 
    where
        oe1_0.status=? 
        and oe1_0.retry_count<?
2026-06-24 10:40:07 [scheduling-1] DEBUG org.hibernate.SQL - 
    /* <criteria> */ select
        oe1_0.id,
        oe1_0.created_at,
        oe1_0.event_id,
        oe1_0.event_type,
        oe1_0.exchange,
        oe1_0.payload,
        oe1_0.published_at,
        oe1_0.retry_count,
        oe1_0.routing_key,
        oe1_0.status 
    from
        outbox_events oe1_0 
    where
        oe1_0.status=? 
        and oe1_0.retry_count<?
2026-06-24 10:40:12 [scheduling-1] DEBUG org.hibernate.SQL - 
    /* <criteria> */ select
        oe1_0.id,
        oe1_0.created_at,
        oe1_0.event_id,
        oe1_0.event_type,
        oe1_0.exchange,
        oe1_0.payload,
        oe1_0.published_at,
        oe1_0.retry_count,
        oe1_0.routing_key,
        oe1_0.status 
    from
        outbox_events oe1_0 
    where
        oe1_0.status=? 
        and oe1_0.retry_count<?
2026-06-24 10:40:17 [scheduling-1] DEBUG org.hibernate.SQL - 
    /* <criteria> */ select
        oe1_0.id,
        oe1_0.created_at,
        oe1_0.event_id,
        oe1_0.event_type,
        oe1_0.exchange,
        oe1_0.payload,
        oe1_0.published_at,
        oe1_0.retry_count,
        oe1_0.routing_key,
        oe1_0.status 
    from
        outbox_events oe1_0 
    where
        oe1_0.status=? 
        and oe1_0.retry_count<?
2026-06-24 10:40:22 [scheduling-1] DEBUG org.hibernate.SQL - 
    /* <criteria> */ select
        oe1_0.id,
        oe1_0.created_at,
        oe1_0.event_id,
        oe1_0.event_type,
        oe1_0.exchange,
        oe1_0.payload,
        oe1_0.published_at,
        oe1_0.retry_count,
        oe1_0.routing_key,
        oe1_0.status 
    from
        outbox_events oe1_0 
    where
        oe1_0.status=? 
        and oe1_0.retry_count<?
2026-06-24 10:40:27 [scheduling-1] DEBUG org.hibernate.SQL - 
    /* <criteria> */ select
        oe1_0.id,
        oe1_0.created_at,
        oe1_0.event_id,
        oe1_0.event_type,
        oe1_0.exchange,
        oe1_0.payload,
        oe1_0.published_at,
        oe1_0.retry_count,
        oe1_0.routing_key,
        oe1_0.status 
    from
        outbox_events oe1_0 
    where
        oe1_0.status=? 
        and oe1_0.retry_count<?
2026-06-24 10:40:32 [scheduling-1] DEBUG org.hibernate.SQL - 
    /* <criteria> */ select
        oe1_0.id,
        oe1_0.created_at,
        oe1_0.event_id,
        oe1_0.event_type,
        oe1_0.exchange,
        oe1_0.payload,
        oe1_0.published_at,
        oe1_0.retry_count,
        oe1_0.routing_key,
        oe1_0.status 
    from
        outbox_events oe1_0 
    where
        oe1_0.status=? 
        and oe1_0.retry_count<?
2026-06-24 10:40:37 [scheduling-1] DEBUG org.hibernate.SQL - 
    /* <criteria> */ select
        oe1_0.id,
        oe1_0.created_at,
        oe1_0.event_id,
        oe1_0.event_type,
        oe1_0.exchange,
        oe1_0.payload,
        oe1_0.published_at,
        oe1_0.retry_count,
        oe1_0.routing_key,
        oe1_0.status 
    from
        outbox_events oe1_0 
    where
        oe1_0.status=? 
        and oe1_0.retry_count<?
2026-06-24 10:40:42 [scheduling-1] DEBUG org.hibernate.SQL - 
    /* <criteria> */ select
        oe1_0.id,
        oe1_0.created_at,
        oe1_0.event_id,
        oe1_0.event_type,
        oe1_0.exchange,
        oe1_0.payload,
        oe1_0.published_at,
        oe1_0.retry_count,
        oe1_0.routing_key,
        oe1_0.status 
    from
        outbox_events oe1_0 
    where
        oe1_0.status=? 
        and oe1_0.retry_count<?
2026-06-24 10:40:47 [scheduling-1] DEBUG org.hibernate.SQL - 
    /* <criteria> */ select
        oe1_0.id,
        oe1_0.created_at,
        oe1_0.event_id,
        oe1_0.event_type,
        oe1_0.exchange,
        oe1_0.payload,
        oe1_0.published_at,
        oe1_0.retry_count,
        oe1_0.routing_key,
        oe1_0.status 
    from
        outbox_events oe1_0 
    where
        oe1_0.status=? 
        and oe1_0.retry_count<?
2026-06-24 10:40:52 [scheduling-1] DEBUG org.hibernate.SQL - 
    /* <criteria> */ select
        oe1_0.id,
        oe1_0.created_at,
        oe1_0.event_id,
        oe1_0.event_type,
        oe1_0.exchange,
        oe1_0.payload,
        oe1_0.published_at,
        oe1_0.retry_count,
        oe1_0.routing_key,
        oe1_0.status 
    from
        outbox_events oe1_0 
    where
        oe1_0.status=? 
        and oe1_0.retry_count<?
2026-06-24 10:40:57 [scheduling-1] DEBUG org.hibernate.SQL - 
    /* <criteria> */ select
        oe1_0.id,
        oe1_0.created_at,
        oe1_0.event_id,
        oe1_0.event_type,
        oe1_0.exchange,
        oe1_0.payload,
        oe1_0.published_at,
        oe1_0.retry_count,
        oe1_0.routing_key,
        oe1_0.status 
    from
        outbox_events oe1_0 
    where
        oe1_0.status=? 
        and oe1_0.retry_count<?
2026-06-24 10:41:02 [scheduling-1] DEBUG org.hibernate.SQL - 
    /* <criteria> */ select
        oe1_0.id,
        oe1_0.created_at,
        oe1_0.event_id,
        oe1_0.event_type,
        oe1_0.exchange,
        oe1_0.payload,
        oe1_0.published_at,
        oe1_0.retry_count,
        oe1_0.routing_key,
        oe1_0.status 
    from
        outbox_events oe1_0 
    where
        oe1_0.status=? 
        and oe1_0.retry_count<?
2026-06-24 10:41:07 [scheduling-1] DEBUG org.hibernate.SQL - 
    /* <criteria> */ select
        oe1_0.id,
        oe1_0.created_at,
        oe1_0.event_id,
        oe1_0.event_type,
        oe1_0.exchange,
        oe1_0.payload,
        oe1_0.published_at,
        oe1_0.retry_count,
        oe1_0.routing_key,
        oe1_0.status 
    from
        outbox_events oe1_0 
    where
        oe1_0.status=? 
        and oe1_0.retry_count<?
2026-06-24 10:41:12 [scheduling-1] DEBUG org.hibernate.SQL - 
    /* <criteria> */ select
        oe1_0.id,
        oe1_0.created_at,
        oe1_0.event_id,
        oe1_0.event_type,
        oe1_0.exchange,
        oe1_0.payload,
        oe1_0.published_at,
        oe1_0.retry_count,
        oe1_0.routing_key,
        oe1_0.status 
    from
        outbox_events oe1_0 
    where
        oe1_0.status=? 
        and oe1_0.retry_count<?
2026-06-24 10:41:17 [scheduling-1] DEBUG org.hibernate.SQL - 
    /* <criteria> */ select
        oe1_0.id,
        oe1_0.created_at,
        oe1_0.event_id,
        oe1_0.event_type,
        oe1_0.exchange,
        oe1_0.payload,
        oe1_0.published_at,
        oe1_0.retry_count,
        oe1_0.routing_key,
        oe1_0.status 
    from
        outbox_events oe1_0 
    where
        oe1_0.status=? 
        and oe1_0.retry_count<?
2026-06-24 10:41:20 [AsyncResolver-bootstrap-executor-0] INFO  c.n.d.s.r.aws.ConfigClusterResolver - Resolving eureka endpoints via configuration
2026-06-24 10:41:22 [scheduling-1] DEBUG org.hibernate.SQL - 
    /* <criteria> */ select
        oe1_0.id,
        oe1_0.created_at,
        oe1_0.event_id,
        oe1_0.event_type,
        oe1_0.exchange,
        oe1_0.payload,
        oe1_0.published_at,
        oe1_0.retry_count,
        oe1_0.routing_key,
        oe1_0.status 
    from
        outbox_events oe1_0 
    where
        oe1_0.status=? 
        and oe1_0.retry_count<?
2026-06-24 10:41:27 [scheduling-1] DEBUG org.hibernate.SQL - 
    /* <criteria> */ select
        oe1_0.id,
        oe1_0.created_at,
        oe1_0.event_id,
        oe1_0.event_type,
        oe1_0.exchange,
        oe1_0.payload,
        oe1_0.published_at,
        oe1_0.retry_count,
        oe1_0.routing_key,
        oe1_0.status 
    from
        outbox_events oe1_0 
    where
        oe1_0.status=? 
        and oe1_0.retry_count<?
2026-06-24 10:41:32 [scheduling-1] DEBUG org.hibernate.SQL - 
    /* <criteria> */ select
        oe1_0.id,
        oe1_0.created_at,
        oe1_0.event_id,
        oe1_0.event_type,
        oe1_0.exchange,
        oe1_0.payload,
        oe1_0.published_at,
        oe1_0.retry_count,
        oe1_0.routing_key,
        oe1_0.status 
    from
        outbox_events oe1_0 
    where
        oe1_0.status=? 
        and oe1_0.retry_count<?
2026-06-24 10:41:37 [scheduling-1] DEBUG org.hibernate.SQL - 
    /* <criteria> */ select
        oe1_0.id,
        oe1_0.created_at,
        oe1_0.event_id,
        oe1_0.event_type,
        oe1_0.exchange,
        oe1_0.payload,
        oe1_0.published_at,
        oe1_0.retry_count,
        oe1_0.routing_key,
        oe1_0.status 
    from
        outbox_events oe1_0 
    where
        oe1_0.status=? 
        and oe1_0.retry_count<?
2026-06-24 10:41:42 [scheduling-1] DEBUG org.hibernate.SQL - 
    /* <criteria> */ select
        oe1_0.id,
        oe1_0.created_at,
        oe1_0.event_id,
        oe1_0.event_type,
        oe1_0.exchange,
        oe1_0.payload,
        oe1_0.published_at,
        oe1_0.retry_count,
        oe1_0.routing_key,
        oe1_0.status 
    from
        outbox_events oe1_0 
    where
        oe1_0.status=? 
        and oe1_0.retry_count<?
2026-06-24 10:41:47 [scheduling-1] DEBUG org.hibernate.SQL - 
    /* <criteria> */ select
        oe1_0.id,
        oe1_0.created_at,
        oe1_0.event_id,
        oe1_0.event_type,
        oe1_0.exchange,
        oe1_0.payload,
        oe1_0.published_at,
        oe1_0.retry_count,
        oe1_0.routing_key,
        oe1_0.status 
    from
        outbox_events oe1_0 
    where
        oe1_0.status=? 
        and oe1_0.retry_count<?
2026-06-24 10:41:52 [scheduling-1] DEBUG org.hibernate.SQL - 
    /* <criteria> */ select
        oe1_0.id,
        oe1_0.created_at,
        oe1_0.event_id,
        oe1_0.event_type,
        oe1_0.exchange,
        oe1_0.payload,
        oe1_0.published_at,
        oe1_0.retry_count,
        oe1_0.routing_key,
        oe1_0.status 
    from
        outbox_events oe1_0 
    where
        oe1_0.status=? 
        and oe1_0.retry_count<?
2026-06-24 10:41:57 [scheduling-1] DEBUG org.hibernate.SQL - 
    /* <criteria> */ select
        oe1_0.id,
        oe1_0.created_at,
        oe1_0.event_id,
        oe1_0.event_type,
        oe1_0.exchange,
        oe1_0.payload,
        oe1_0.published_at,
        oe1_0.retry_count,
        oe1_0.routing_key,
        oe1_0.status 
    from
        outbox_events oe1_0 
    where
        oe1_0.status=? 
        and oe1_0.retry_count<?
2026-06-24 10:42:02 [scheduling-1] DEBUG org.hibernate.SQL - 
    /* <criteria> */ select
        oe1_0.id,
        oe1_0.created_at,
        oe1_0.event_id,
        oe1_0.event_type,
        oe1_0.exchange,
        oe1_0.payload,
        oe1_0.published_at,
        oe1_0.retry_count,
        oe1_0.routing_key,
        oe1_0.status 
    from
        outbox_events oe1_0 
    where
        oe1_0.status=? 
        and oe1_0.retry_count<?
2026-06-24 10:42:07 [scheduling-1] DEBUG org.hibernate.SQL - 
    /* <criteria> */ select
        oe1_0.id,
        oe1_0.created_at,
        oe1_0.event_id,
        oe1_0.event_type,
        oe1_0.exchange,
        oe1_0.payload,
        oe1_0.published_at,
        oe1_0.retry_count,
        oe1_0.routing_key,
        oe1_0.status 
    from
        outbox_events oe1_0 
    where
        oe1_0.status=? 
        and oe1_0.retry_count<?
2026-06-24 10:42:12 [scheduling-1] DEBUG org.hibernate.SQL - 
    /* <criteria> */ select
        oe1_0.id,
        oe1_0.created_at,
        oe1_0.event_id,
        oe1_0.event_type,
        oe1_0.exchange,
        oe1_0.payload,
        oe1_0.published_at,
        oe1_0.retry_count,
        oe1_0.routing_key,
        oe1_0.status 
    from
        outbox_events oe1_0 
    where
        oe1_0.status=? 
        and oe1_0.retry_count<?
2026-06-24 10:42:17 [scheduling-1] DEBUG org.hibernate.SQL - 
    /* <criteria> */ select
        oe1_0.id,
        oe1_0.created_at,
        oe1_0.event_id,
        oe1_0.event_type,
        oe1_0.exchange,
        oe1_0.payload,
        oe1_0.published_at,
        oe1_0.retry_count,
        oe1_0.routing_key,
        oe1_0.status 
    from
        outbox_events oe1_0 
    where
        oe1_0.status=? 
        and oe1_0.retry_count<?
2026-06-24 10:42:22 [scheduling-1] DEBUG org.hibernate.SQL - 
    /* <criteria> */ select
        oe1_0.id,
        oe1_0.created_at,
        oe1_0.event_id,
        oe1_0.event_type,
        oe1_0.exchange,
        oe1_0.payload,
        oe1_0.published_at,
        oe1_0.retry_count,
        oe1_0.routing_key,
        oe1_0.status 
    from
        outbox_events oe1_0 
    where
        oe1_0.status=? 
        and oe1_0.retry_count<?
2026-06-24 10:42:27 [scheduling-1] DEBUG org.hibernate.SQL - 
    /* <criteria> */ select
        oe1_0.id,
        oe1_0.created_at,
        oe1_0.event_id,
        oe1_0.event_type,
        oe1_0.exchange,
        oe1_0.payload,
        oe1_0.published_at,
        oe1_0.retry_count,
        oe1_0.routing_key,
        oe1_0.status 
    from
        outbox_events oe1_0 
    where
        oe1_0.status=? 
        and oe1_0.retry_count<?
2026-06-24 10:42:32 [scheduling-1] DEBUG org.hibernate.SQL - 
    /* <criteria> */ select
        oe1_0.id,
        oe1_0.created_at,
        oe1_0.event_id,
        oe1_0.event_type,
        oe1_0.exchange,
        oe1_0.payload,
        oe1_0.published_at,
        oe1_0.retry_count,
        oe1_0.routing_key,
        oe1_0.status 
    from
        outbox_events oe1_0 
    where
        oe1_0.status=? 
        and oe1_0.retry_count<?
2026-06-24 10:42:37 [scheduling-1] DEBUG org.hibernate.SQL - 
    /* <criteria> */ select
        oe1_0.id,
        oe1_0.created_at,
        oe1_0.event_id,
        oe1_0.event_type,
        oe1_0.exchange,
        oe1_0.payload,
        oe1_0.published_at,
        oe1_0.retry_count,
        oe1_0.routing_key,
        oe1_0.status 
    from
        outbox_events oe1_0 
    where
        oe1_0.status=? 
        and oe1_0.retry_count<?
2026-06-24 10:42:42 [scheduling-1] DEBUG org.hibernate.SQL - 
    /* <criteria> */ select
        oe1_0.id,
        oe1_0.created_at,
        oe1_0.event_id,
        oe1_0.event_type,
        oe1_0.exchange,
        oe1_0.payload,
        oe1_0.published_at,
        oe1_0.retry_count,
        oe1_0.routing_key,
        oe1_0.status 
    from
        outbox_events oe1_0 
    where
        oe1_0.status=? 
        and oe1_0.retry_count<?
2026-06-24 10:42:47 [scheduling-1] DEBUG org.hibernate.SQL - 
    /* <criteria> */ select
        oe1_0.id,
        oe1_0.created_at,
        oe1_0.event_id,
        oe1_0.event_type,
        oe1_0.exchange,
        oe1_0.payload,
        oe1_0.published_at,
        oe1_0.retry_count,
        oe1_0.routing_key,
        oe1_0.status 
    from
        outbox_events oe1_0 
    where
        oe1_0.status=? 
        and oe1_0.retry_count<?
2026-06-24 10:42:52 [scheduling-1] DEBUG org.hibernate.SQL - 
    /* <criteria> */ select
        oe1_0.id,
        oe1_0.created_at,
        oe1_0.event_id,
        oe1_0.event_type,
        oe1_0.exchange,
        oe1_0.payload,
        oe1_0.published_at,
        oe1_0.retry_count,
        oe1_0.routing_key,
        oe1_0.status 
    from
        outbox_events oe1_0 
    where
        oe1_0.status=? 
        and oe1_0.retry_count<?
2026-06-24 10:42:57 [scheduling-1] DEBUG org.hibernate.SQL - 
    /* <criteria> */ select
        oe1_0.id,
        oe1_0.created_at,
        oe1_0.event_id,
        oe1_0.event_type,
        oe1_0.exchange,
        oe1_0.payload,
        oe1_0.published_at,
        oe1_0.retry_count,
        oe1_0.routing_key,
        oe1_0.status 
    from
        outbox_events oe1_0 
    where
        oe1_0.status=? 
        and oe1_0.retry_count<?
2026-06-24 10:43:02 [scheduling-1] DEBUG org.hibernate.SQL - 
    /* <criteria> */ select
        oe1_0.id,
        oe1_0.created_at,
        oe1_0.event_id,
        oe1_0.event_type,
        oe1_0.exchange,
        oe1_0.payload,
        oe1_0.published_at,
        oe1_0.retry_count,
        oe1_0.routing_key,
        oe1_0.status 
    from
        outbox_events oe1_0 
    where
        oe1_0.status=? 
        and oe1_0.retry_count<?
2026-06-24 10:43:07 [scheduling-1] DEBUG org.hibernate.SQL - 
    /* <criteria> */ select
        oe1_0.id,
        oe1_0.created_at,
        oe1_0.event_id,
        oe1_0.event_type,
        oe1_0.exchange,
        oe1_0.payload,
        oe1_0.published_at,
        oe1_0.retry_count,
        oe1_0.routing_key,
        oe1_0.status 
    from
        outbox_events oe1_0 
    where
        oe1_0.status=? 
        and oe1_0.retry_count<?
2026-06-24 10:43:12 [scheduling-1] DEBUG org.hibernate.SQL - 
    /* <criteria> */ select
        oe1_0.id,
        oe1_0.created_at,
        oe1_0.event_id,
        oe1_0.event_type,
        oe1_0.exchange,
        oe1_0.payload,
        oe1_0.published_at,
        oe1_0.retry_count,
        oe1_0.routing_key,
        oe1_0.status 
    from
        outbox_events oe1_0 
    where
        oe1_0.status=? 
        and oe1_0.retry_count<?
2026-06-24 10:43:17 [scheduling-1] DEBUG org.hibernate.SQL - 
    /* <criteria> */ select
        oe1_0.id,
        oe1_0.created_at,
        oe1_0.event_id,
        oe1_0.event_type,
        oe1_0.exchange,
        oe1_0.payload,
        oe1_0.published_at,
        oe1_0.retry_count,
        oe1_0.routing_key,
        oe1_0.status 
    from
        outbox_events oe1_0 
    where
        oe1_0.status=? 
        and oe1_0.retry_count<?
2026-06-24 10:43:22 [scheduling-1] DEBUG org.hibernate.SQL - 
    /* <criteria> */ select
        oe1_0.id,
        oe1_0.created_at,
        oe1_0.event_id,
        oe1_0.event_type,
        oe1_0.exchange,
        oe1_0.payload,
        oe1_0.published_at,
        oe1_0.retry_count,
        oe1_0.routing_key,
        oe1_0.status 
    from
        outbox_events oe1_0 
    where
        oe1_0.status=? 
        and oe1_0.retry_count<?
2026-06-24 10:43:27 [scheduling-1] DEBUG org.hibernate.SQL - 
    /* <criteria> */ select
        oe1_0.id,
        oe1_0.created_at,
        oe1_0.event_id,
        oe1_0.event_type,
        oe1_0.exchange,
        oe1_0.payload,
        oe1_0.published_at,
        oe1_0.retry_count,
        oe1_0.routing_key,
        oe1_0.status 
    from
        outbox_events oe1_0 
    where
        oe1_0.status=? 
        and oe1_0.retry_count<?
2026-06-24 10:43:32 [scheduling-1] DEBUG org.hibernate.SQL - 
    /* <criteria> */ select
        oe1_0.id,
        oe1_0.created_at,
        oe1_0.event_id,
        oe1_0.event_type,
        oe1_0.exchange,
        oe1_0.payload,
        oe1_0.published_at,
        oe1_0.retry_count,
        oe1_0.routing_key,
        oe1_0.status 
    from
        outbox_events oe1_0 
    where
        oe1_0.status=? 
        and oe1_0.retry_count<?
2026-06-24 10:43:37 [scheduling-1] DEBUG org.hibernate.SQL - 
    /* <criteria> */ select
        oe1_0.id,
        oe1_0.created_at,
        oe1_0.event_id,
        oe1_0.event_type,
        oe1_0.exchange,
        oe1_0.payload,
        oe1_0.published_at,
        oe1_0.retry_count,
        oe1_0.routing_key,
        oe1_0.status 
    from
        outbox_events oe1_0 
    where
        oe1_0.status=? 
        and oe1_0.retry_count<?
2026-06-24 10:43:42 [scheduling-1] DEBUG org.hibernate.SQL - 
    /* <criteria> */ select
        oe1_0.id,
        oe1_0.created_at,
        oe1_0.event_id,
        oe1_0.event_type,
        oe1_0.exchange,
        oe1_0.payload,
        oe1_0.published_at,
        oe1_0.retry_count,
        oe1_0.routing_key,
        oe1_0.status 
    from
        outbox_events oe1_0 
    where
        oe1_0.status=? 
        and oe1_0.retry_count<?
2026-06-24 10:43:47 [scheduling-1] DEBUG org.hibernate.SQL - 
    /* <criteria> */ select
        oe1_0.id,
        oe1_0.created_at,
        oe1_0.event_id,
        oe1_0.event_type,
        oe1_0.exchange,
        oe1_0.payload,
        oe1_0.published_at,
        oe1_0.retry_count,
        oe1_0.routing_key,
        oe1_0.status 
    from
        outbox_events oe1_0 
    where
        oe1_0.status=? 
        and oe1_0.retry_count<?
2026-06-24 10:43:52 [scheduling-1] DEBUG org.hibernate.SQL - 
    /* <criteria> */ select
        oe1_0.id,
        oe1_0.created_at,
        oe1_0.event_id,
        oe1_0.event_type,
        oe1_0.exchange,
        oe1_0.payload,
        oe1_0.published_at,
        oe1_0.retry_count,
        oe1_0.routing_key,
        oe1_0.status 
    from
        outbox_events oe1_0 
    where
        oe1_0.status=? 
        and oe1_0.retry_count<?
2026-06-24 10:43:58 [scheduling-1] DEBUG org.hibernate.SQL - 
    /* <criteria> */ select
        oe1_0.id,
        oe1_0.created_at,
        oe1_0.event_id,
        oe1_0.event_type,
        oe1_0.exchange,
        oe1_0.payload,
        oe1_0.published_at,
        oe1_0.retry_count,
        oe1_0.routing_key,
        oe1_0.status 
    from
        outbox_events oe1_0 
    where
        oe1_0.status=? 
        and oe1_0.retry_count<?
2026-06-24 10:44:03 [scheduling-1] DEBUG org.hibernate.SQL - 
    /* <criteria> */ select
        oe1_0.id,
        oe1_0.created_at,
        oe1_0.event_id,
        oe1_0.event_type,
        oe1_0.exchange,
        oe1_0.payload,
        oe1_0.published_at,
        oe1_0.retry_count,
        oe1_0.routing_key,
        oe1_0.status 
    from
        outbox_events oe1_0 
    where
        oe1_0.status=? 
        and oe1_0.retry_count<?
2026-06-24 10:44:08 [scheduling-1] DEBUG org.hibernate.SQL - 
    /* <criteria> */ select
        oe1_0.id,
        oe1_0.created_at,
        oe1_0.event_id,
        oe1_0.event_type,
        oe1_0.exchange,
        oe1_0.payload,
        oe1_0.published_at,
        oe1_0.retry_count,
        oe1_0.routing_key,
        oe1_0.status 
    from
        outbox_events oe1_0 
    where
        oe1_0.status=? 
        and oe1_0.retry_count<?
2026-06-24 10:44:13 [scheduling-1] DEBUG org.hibernate.SQL - 
    /* <criteria> */ select
        oe1_0.id,
        oe1_0.created_at,
        oe1_0.event_id,
        oe1_0.event_type,
        oe1_0.exchange,
        oe1_0.payload,
        oe1_0.published_at,
        oe1_0.retry_count,
        oe1_0.routing_key,
        oe1_0.status 
    from
        outbox_events oe1_0 
    where
        oe1_0.status=? 
        and oe1_0.retry_count<?
2026-06-24 10:44:18 [scheduling-1] DEBUG org.hibernate.SQL - 
    /* <criteria> */ select
        oe1_0.id,
        oe1_0.created_at,
        oe1_0.event_id,
        oe1_0.event_type,
        oe1_0.exchange,
        oe1_0.payload,
        oe1_0.published_at,
        oe1_0.retry_count,
        oe1_0.routing_key,
        oe1_0.status 
    from
        outbox_events oe1_0 
    where
        oe1_0.status=? 
        and oe1_0.retry_count<?
2026-06-24 10:44:23 [scheduling-1] DEBUG org.hibernate.SQL - 
    /* <criteria> */ select
        oe1_0.id,
        oe1_0.created_at,
        oe1_0.event_id,
        oe1_0.event_type,
        oe1_0.exchange,
        oe1_0.payload,
        oe1_0.published_at,
        oe1_0.retry_count,
        oe1_0.routing_key,
        oe1_0.status 
    from
        outbox_events oe1_0 
    where
        oe1_0.status=? 
        and oe1_0.retry_count<?
2026-06-24 10:44:28 [scheduling-1] DEBUG org.hibernate.SQL - 
    /* <criteria> */ select
        oe1_0.id,
        oe1_0.created_at,
        oe1_0.event_id,
        oe1_0.event_type,
        oe1_0.exchange,
        oe1_0.payload,
        oe1_0.published_at,
        oe1_0.retry_count,
        oe1_0.routing_key,
        oe1_0.status 
    from
        outbox_events oe1_0 
    where
        oe1_0.status=? 
        and oe1_0.retry_count<?
2026-06-24 10:44:33 [scheduling-1] DEBUG org.hibernate.SQL - 
    /* <criteria> */ select
        oe1_0.id,
        oe1_0.created_at,
        oe1_0.event_id,
        oe1_0.event_type,
        oe1_0.exchange,
        oe1_0.payload,
        oe1_0.published_at,
        oe1_0.retry_count,
        oe1_0.routing_key,
        oe1_0.status 
    from
        outbox_events oe1_0 
    where
        oe1_0.status=? 
        and oe1_0.retry_count<?
2026-06-24 10:44:38 [scheduling-1] DEBUG org.hibernate.SQL - 
    /* <criteria> */ select
        oe1_0.id,
        oe1_0.created_at,
        oe1_0.event_id,
        oe1_0.event_type,
        oe1_0.exchange,
        oe1_0.payload,
        oe1_0.published_at,
        oe1_0.retry_count,
        oe1_0.routing_key,
        oe1_0.status 
    from
        outbox_events oe1_0 
    where
        oe1_0.status=? 
        and oe1_0.retry_count<?
2026-06-24 10:44:43 [scheduling-1] DEBUG org.hibernate.SQL - 
    /* <criteria> */ select
        oe1_0.id,
        oe1_0.created_at,
        oe1_0.event_id,
        oe1_0.event_type,
        oe1_0.exchange,
        oe1_0.payload,
        oe1_0.published_at,
        oe1_0.retry_count,
        oe1_0.routing_key,
        oe1_0.status 
    from
        outbox_events oe1_0 
    where
        oe1_0.status=? 
        and oe1_0.retry_count<?
2026-06-24 10:44:48 [scheduling-1] DEBUG org.hibernate.SQL - 
    /* <criteria> */ select
        oe1_0.id,
        oe1_0.created_at,
        oe1_0.event_id,
        oe1_0.event_type,
        oe1_0.exchange,
        oe1_0.payload,
        oe1_0.published_at,
        oe1_0.retry_count,
        oe1_0.routing_key,
        oe1_0.status 
    from
        outbox_events oe1_0 
    where
        oe1_0.status=? 
        and oe1_0.retry_count<?
2026-06-24 10:44:53 [scheduling-1] DEBUG org.hibernate.SQL - 
    /* <criteria> */ select
        oe1_0.id,
        oe1_0.created_at,
        oe1_0.event_id,
        oe1_0.event_type,
        oe1_0.exchange,
        oe1_0.payload,
        oe1_0.published_at,
        oe1_0.retry_count,
        oe1_0.routing_key,
        oe1_0.status 
    from
        outbox_events oe1_0 
    where
        oe1_0.status=? 
        and oe1_0.retry_count<?
2026-06-24 10:44:58 [scheduling-1] DEBUG org.hibernate.SQL - 
    /* <criteria> */ select
        oe1_0.id,
        oe1_0.created_at,
        oe1_0.event_id,
        oe1_0.event_type,
        oe1_0.exchange,
        oe1_0.payload,
        oe1_0.published_at,
        oe1_0.retry_count,
        oe1_0.routing_key,
        oe1_0.status 
    from
        outbox_events oe1_0 
    where
        oe1_0.status=? 
        and oe1_0.retry_count<?
2026-06-24 10:45:03 [scheduling-1] DEBUG org.hibernate.SQL - 
    /* <criteria> */ select
        oe1_0.id,
        oe1_0.created_at,
        oe1_0.event_id,
        oe1_0.event_type,
        oe1_0.exchange,
        oe1_0.payload,
        oe1_0.published_at,
        oe1_0.retry_count,
        oe1_0.routing_key,
        oe1_0.status 
    from
        outbox_events oe1_0 
    where
        oe1_0.status=? 
        and oe1_0.retry_count<?
2026-06-24 10:45:08 [scheduling-1] DEBUG org.hibernate.SQL - 
    /* <criteria> */ select
        oe1_0.id,
        oe1_0.created_at,
        oe1_0.event_id,
        oe1_0.event_type,
        oe1_0.exchange,
        oe1_0.payload,
        oe1_0.published_at,
        oe1_0.retry_count,
        oe1_0.routing_key,
        oe1_0.status 
    from
        outbox_events oe1_0 
    where
        oe1_0.status=? 
        and oe1_0.retry_count<?
2026-06-24 10:45:13 [scheduling-1] DEBUG org.hibernate.SQL - 
    /* <criteria> */ select
        oe1_0.id,
        oe1_0.created_at,
        oe1_0.event_id,
        oe1_0.event_type,
        oe1_0.exchange,
        oe1_0.payload,
        oe1_0.published_at,
        oe1_0.retry_count,
        oe1_0.routing_key,
        oe1_0.status 
    from
        outbox_events oe1_0 
    where
        oe1_0.status=? 
        and oe1_0.retry_count<?
2026-06-24 10:45:18 [scheduling-1] DEBUG org.hibernate.SQL - 
    /* <criteria> */ select
        oe1_0.id,
        oe1_0.created_at,
        oe1_0.event_id,
        oe1_0.event_type,
        oe1_0.exchange,
        oe1_0.payload,
        oe1_0.published_at,
        oe1_0.retry_count,
        oe1_0.routing_key,
        oe1_0.status 
    from
        outbox_events oe1_0 
    where
        oe1_0.status=? 
        and oe1_0.retry_count<?
2026-06-24 10:45:23 [scheduling-1] DEBUG org.hibernate.SQL - 
    /* <criteria> */ select
        oe1_0.id,
        oe1_0.created_at,
        oe1_0.event_id,
        oe1_0.event_type,
        oe1_0.exchange,
        oe1_0.payload,
        oe1_0.published_at,
        oe1_0.retry_count,
        oe1_0.routing_key,
        oe1_0.status 
    from
        outbox_events oe1_0 
    where
        oe1_0.status=? 
        and oe1_0.retry_count<?
2026-06-24 10:45:28 [scheduling-1] DEBUG org.hibernate.SQL - 
    /* <criteria> */ select
        oe1_0.id,
        oe1_0.created_at,
        oe1_0.event_id,
        oe1_0.event_type,
        oe1_0.exchange,
        oe1_0.payload,
        oe1_0.published_at,
        oe1_0.retry_count,
        oe1_0.routing_key,
        oe1_0.status 
    from
        outbox_events oe1_0 
    where
        oe1_0.status=? 
        and oe1_0.retry_count<?
2026-06-24 10:45:33 [scheduling-1] DEBUG org.hibernate.SQL - 
    /* <criteria> */ select
        oe1_0.id,
        oe1_0.created_at,
        oe1_0.event_id,
        oe1_0.event_type,
        oe1_0.exchange,
        oe1_0.payload,
        oe1_0.published_at,
        oe1_0.retry_count,
        oe1_0.routing_key,
        oe1_0.status 
    from
        outbox_events oe1_0 
    where
        oe1_0.status=? 
        and oe1_0.retry_count<?
2026-06-24 10:45:38 [scheduling-1] DEBUG org.hibernate.SQL - 
    /* <criteria> */ select
        oe1_0.id,
        oe1_0.created_at,
        oe1_0.event_id,
        oe1_0.event_type,
        oe1_0.exchange,
        oe1_0.payload,
        oe1_0.published_at,
        oe1_0.retry_count,
        oe1_0.routing_key,
        oe1_0.status 
    from
        outbox_events oe1_0 
    where
        oe1_0.status=? 
        and oe1_0.retry_count<?
2026-06-24 10:45:43 [scheduling-1] DEBUG org.hibernate.SQL - 
    /* <criteria> */ select
        oe1_0.id,
        oe1_0.created_at,
        oe1_0.event_id,
        oe1_0.event_type,
        oe1_0.exchange,
        oe1_0.payload,
        oe1_0.published_at,
        oe1_0.retry_count,
        oe1_0.routing_key,
        oe1_0.status 
    from
        outbox_events oe1_0 
    where
        oe1_0.status=? 
        and oe1_0.retry_count<?
2026-06-24 10:45:48 [scheduling-1] DEBUG org.hibernate.SQL - 
    /* <criteria> */ select
        oe1_0.id,
        oe1_0.created_at,
        oe1_0.event_id,
        oe1_0.event_type,
        oe1_0.exchange,
        oe1_0.payload,
        oe1_0.published_at,
        oe1_0.retry_count,
        oe1_0.routing_key,
        oe1_0.status 
    from
        outbox_events oe1_0 
    where
        oe1_0.status=? 
        and oe1_0.retry_count<?
2026-06-24 10:45:53 [scheduling-1] DEBUG org.hibernate.SQL - 
    /* <criteria> */ select
        oe1_0.id,
        oe1_0.created_at,
        oe1_0.event_id,
        oe1_0.event_type,
        oe1_0.exchange,
        oe1_0.payload,
        oe1_0.published_at,
        oe1_0.retry_count,
        oe1_0.routing_key,
        oe1_0.status 
    from
        outbox_events oe1_0 
    where
        oe1_0.status=? 
        and oe1_0.retry_count<?
2026-06-24 10:45:58 [scheduling-1] DEBUG org.hibernate.SQL - 
    /* <criteria> */ select
        oe1_0.id,
        oe1_0.created_at,
        oe1_0.event_id,
        oe1_0.event_type,
        oe1_0.exchange,
        oe1_0.payload,
        oe1_0.published_at,
        oe1_0.retry_count,
        oe1_0.routing_key,
        oe1_0.status 
    from
        outbox_events oe1_0 
    where
        oe1_0.status=? 
        and oe1_0.retry_count<?
2026-06-24 10:46:03 [scheduling-1] DEBUG org.hibernate.SQL - 
    /* <criteria> */ select
        oe1_0.id,
        oe1_0.created_at,
        oe1_0.event_id,
        oe1_0.event_type,
        oe1_0.exchange,
        oe1_0.payload,
        oe1_0.published_at,
        oe1_0.retry_count,
        oe1_0.routing_key,
        oe1_0.status 
    from
        outbox_events oe1_0 
    where
        oe1_0.status=? 
        and oe1_0.retry_count<?
2026-06-24 10:46:08 [scheduling-1] DEBUG org.hibernate.SQL - 
    /* <criteria> */ select
        oe1_0.id,
        oe1_0.created_at,
        oe1_0.event_id,
        oe1_0.event_type,
        oe1_0.exchange,
        oe1_0.payload,
        oe1_0.published_at,
        oe1_0.retry_count,
        oe1_0.routing_key,
        oe1_0.status 
    from
        outbox_events oe1_0 
    where
        oe1_0.status=? 
        and oe1_0.retry_count<?
2026-06-24 10:46:13 [scheduling-1] DEBUG org.hibernate.SQL - 
    /* <criteria> */ select
        oe1_0.id,
        oe1_0.created_at,
        oe1_0.event_id,
        oe1_0.event_type,
        oe1_0.exchange,
        oe1_0.payload,
        oe1_0.published_at,
        oe1_0.retry_count,
        oe1_0.routing_key,
        oe1_0.status 
    from
        outbox_events oe1_0 
    where
        oe1_0.status=? 
        and oe1_0.retry_count<?
2026-06-24 10:46:18 [scheduling-1] DEBUG org.hibernate.SQL - 
    /* <criteria> */ select
        oe1_0.id,
        oe1_0.created_at,
        oe1_0.event_id,
        oe1_0.event_type,
        oe1_0.exchange,
        oe1_0.payload,
        oe1_0.published_at,
        oe1_0.retry_count,
        oe1_0.routing_key,
        oe1_0.status 
    from
        outbox_events oe1_0 
    where
        oe1_0.status=? 
        and oe1_0.retry_count<?
2026-06-24 10:46:20 [AsyncResolver-bootstrap-executor-0] INFO  c.n.d.s.r.aws.ConfigClusterResolver - Resolving eureka endpoints via configuration
2026-06-24 10:46:23 [scheduling-1] DEBUG org.hibernate.SQL - 
    /* <criteria> */ select
        oe1_0.id,
        oe1_0.created_at,
        oe1_0.event_id,
        oe1_0.event_type,
        oe1_0.exchange,
        oe1_0.payload,
        oe1_0.published_at,
        oe1_0.retry_count,
        oe1_0.routing_key,
        oe1_0.status 
    from
        outbox_events oe1_0 
    where
        oe1_0.status=? 
        and oe1_0.retry_count<?
2026-06-24 10:46:28 [scheduling-1] DEBUG org.hibernate.SQL - 
    /* <criteria> */ select
        oe1_0.id,
        oe1_0.created_at,
        oe1_0.event_id,
        oe1_0.event_type,
        oe1_0.exchange,
        oe1_0.payload,
        oe1_0.published_at,
        oe1_0.retry_count,
        oe1_0.routing_key,
        oe1_0.status 
    from
        outbox_events oe1_0 
    where
        oe1_0.status=? 
        and oe1_0.retry_count<?
2026-06-24 10:46:33 [scheduling-1] DEBUG org.hibernate.SQL - 
    /* <criteria> */ select
        oe1_0.id,
        oe1_0.created_at,
        oe1_0.event_id,
        oe1_0.event_type,
        oe1_0.exchange,
        oe1_0.payload,
        oe1_0.published_at,
        oe1_0.retry_count,
        oe1_0.routing_key,
        oe1_0.status 
    from
        outbox_events oe1_0 
    where
        oe1_0.status=? 
        and oe1_0.retry_count<?
2026-06-24 10:46:38 [scheduling-1] DEBUG org.hibernate.SQL - 
    /* <criteria> */ select
        oe1_0.id,
        oe1_0.created_at,
        oe1_0.event_id,
        oe1_0.event_type,
        oe1_0.exchange,
        oe1_0.payload,
        oe1_0.published_at,
        oe1_0.retry_count,
        oe1_0.routing_key,
        oe1_0.status 
    from
        outbox_events oe1_0 
    where
        oe1_0.status=? 
        and oe1_0.retry_count<?
2026-06-24 10:46:43 [scheduling-1] DEBUG org.hibernate.SQL - 
    /* <criteria> */ select
        oe1_0.id,
        oe1_0.created_at,
        oe1_0.event_id,
        oe1_0.event_type,
        oe1_0.exchange,
        oe1_0.payload,
        oe1_0.published_at,
        oe1_0.retry_count,
        oe1_0.routing_key,
        oe1_0.status 
    from
        outbox_events oe1_0 
    where
        oe1_0.status=? 
        and oe1_0.retry_count<?
2026-06-24 10:46:48 [scheduling-1] DEBUG org.hibernate.SQL - 
    /* <criteria> */ select
        oe1_0.id,
        oe1_0.created_at,
        oe1_0.event_id,
        oe1_0.event_type,
        oe1_0.exchange,
        oe1_0.payload,
        oe1_0.published_at,
        oe1_0.retry_count,
        oe1_0.routing_key,
        oe1_0.status 
    from
        outbox_events oe1_0 
    where
        oe1_0.status=? 
        and oe1_0.retry_count<?
2026-06-24 10:46:53 [scheduling-1] DEBUG org.hibernate.SQL - 
    /* <criteria> */ select
        oe1_0.id,
        oe1_0.created_at,
        oe1_0.event_id,
        oe1_0.event_type,
        oe1_0.exchange,
        oe1_0.payload,
        oe1_0.published_at,
        oe1_0.retry_count,
        oe1_0.routing_key,
        oe1_0.status 
    from
        outbox_events oe1_0 
    where
        oe1_0.status=? 
        and oe1_0.retry_count<?
2026-06-24 10:46:58 [scheduling-1] DEBUG org.hibernate.SQL - 
    /* <criteria> */ select
        oe1_0.id,
        oe1_0.created_at,
        oe1_0.event_id,
        oe1_0.event_type,
        oe1_0.exchange,
        oe1_0.payload,
        oe1_0.published_at,
        oe1_0.retry_count,
        oe1_0.routing_key,
        oe1_0.status 
    from
        outbox_events oe1_0 
    where
        oe1_0.status=? 
        and oe1_0.retry_count<?
2026-06-24 10:47:03 [scheduling-1] DEBUG org.hibernate.SQL - 
    /* <criteria> */ select
        oe1_0.id,
        oe1_0.created_at,
        oe1_0.event_id,
        oe1_0.event_type,
        oe1_0.exchange,
        oe1_0.payload,
        oe1_0.published_at,
        oe1_0.retry_count,
        oe1_0.routing_key,
        oe1_0.status 
    from
        outbox_events oe1_0 
    where
        oe1_0.status=? 
        and oe1_0.retry_count<?
2026-06-24 10:47:08 [scheduling-1] DEBUG org.hibernate.SQL - 
    /* <criteria> */ select
        oe1_0.id,
        oe1_0.created_at,
        oe1_0.event_id,
        oe1_0.event_type,
        oe1_0.exchange,
        oe1_0.payload,
        oe1_0.published_at,
        oe1_0.retry_count,
        oe1_0.routing_key,
        oe1_0.status 
    from
        outbox_events oe1_0 
    where
        oe1_0.status=? 
        and oe1_0.retry_count<?
2026-06-24 10:47:13 [scheduling-1] DEBUG org.hibernate.SQL - 
    /* <criteria> */ select
        oe1_0.id,
        oe1_0.created_at,
        oe1_0.event_id,
        oe1_0.event_type,
        oe1_0.exchange,
        oe1_0.payload,
        oe1_0.published_at,
        oe1_0.retry_count,
        oe1_0.routing_key,
        oe1_0.status 
    from
        outbox_events oe1_0 
    where
        oe1_0.status=? 
        and oe1_0.retry_count<?
2026-06-24 10:47:18 [scheduling-1] DEBUG org.hibernate.SQL - 
    /* <criteria> */ select
        oe1_0.id,
        oe1_0.created_at,
        oe1_0.event_id,
        oe1_0.event_type,
        oe1_0.exchange,
        oe1_0.payload,
        oe1_0.published_at,
        oe1_0.retry_count,
        oe1_0.routing_key,
        oe1_0.status 
    from
        outbox_events oe1_0 
    where
        oe1_0.status=? 
        and oe1_0.retry_count<?
2026-06-24 10:47:23 [scheduling-1] DEBUG org.hibernate.SQL - 
    /* <criteria> */ select
        oe1_0.id,
        oe1_0.created_at,
        oe1_0.event_id,
        oe1_0.event_type,
        oe1_0.exchange,
        oe1_0.payload,
        oe1_0.published_at,
        oe1_0.retry_count,
        oe1_0.routing_key,
        oe1_0.status 
    from
        outbox_events oe1_0 
    where
        oe1_0.status=? 
        and oe1_0.retry_count<?
2026-06-24 10:47:28 [scheduling-1] DEBUG org.hibernate.SQL - 
    /* <criteria> */ select
        oe1_0.id,
        oe1_0.created_at,
        oe1_0.event_id,
        oe1_0.event_type,
        oe1_0.exchange,
        oe1_0.payload,
        oe1_0.published_at,
        oe1_0.retry_count,
        oe1_0.routing_key,
        oe1_0.status 
    from
        outbox_events oe1_0 
    where
        oe1_0.status=? 
        and oe1_0.retry_count<?
2026-06-24 10:47:33 [scheduling-1] DEBUG org.hibernate.SQL - 
    /* <criteria> */ select
        oe1_0.id,
        oe1_0.created_at,
        oe1_0.event_id,
        oe1_0.event_type,
        oe1_0.exchange,
        oe1_0.payload,
        oe1_0.published_at,
        oe1_0.retry_count,
        oe1_0.routing_key,
        oe1_0.status 
    from
        outbox_events oe1_0 
    where
        oe1_0.status=? 
        and oe1_0.retry_count<?
2026-06-24 10:47:38 [scheduling-1] DEBUG org.hibernate.SQL - 
    /* <criteria> */ select
        oe1_0.id,
        oe1_0.created_at,
        oe1_0.event_id,
        oe1_0.event_type,
        oe1_0.exchange,
        oe1_0.payload,
        oe1_0.published_at,
        oe1_0.retry_count,
        oe1_0.routing_key,
        oe1_0.status 
    from
        outbox_events oe1_0 
    where
        oe1_0.status=? 
        and oe1_0.retry_count<?
2026-06-24 10:47:43 [scheduling-1] DEBUG org.hibernate.SQL - 
    /* <criteria> */ select
        oe1_0.id,
        oe1_0.created_at,
        oe1_0.event_id,
        oe1_0.event_type,
        oe1_0.exchange,
        oe1_0.payload,
        oe1_0.published_at,
        oe1_0.retry_count,
        oe1_0.routing_key,
        oe1_0.status 
    from
        outbox_events oe1_0 
    where
        oe1_0.status=? 
        and oe1_0.retry_count<?
2026-06-24 10:47:48 [scheduling-1] DEBUG org.hibernate.SQL - 
    /* <criteria> */ select
        oe1_0.id,
        oe1_0.created_at,
        oe1_0.event_id,
        oe1_0.event_type,
        oe1_0.exchange,
        oe1_0.payload,
        oe1_0.published_at,
        oe1_0.retry_count,
        oe1_0.routing_key,
        oe1_0.status 
    from
        outbox_events oe1_0 
    where
        oe1_0.status=? 
        and oe1_0.retry_count<?
2026-06-24 10:47:53 [scheduling-1] DEBUG org.hibernate.SQL - 
    /* <criteria> */ select
        oe1_0.id,
        oe1_0.created_at,
        oe1_0.event_id,
        oe1_0.event_type,
        oe1_0.exchange,
        oe1_0.payload,
        oe1_0.published_at,
        oe1_0.retry_count,
        oe1_0.routing_key,
        oe1_0.status 
    from
        outbox_events oe1_0 
    where
        oe1_0.status=? 
        and oe1_0.retry_count<?
2026-06-24 10:47:58 [scheduling-1] DEBUG org.hibernate.SQL - 
    /* <criteria> */ select
        oe1_0.id,
        oe1_0.created_at,
        oe1_0.event_id,
        oe1_0.event_type,
        oe1_0.exchange,
        oe1_0.payload,
        oe1_0.published_at,
        oe1_0.retry_count,
        oe1_0.routing_key,
        oe1_0.status 
    from
        outbox_events oe1_0 
    where
        oe1_0.status=? 
        and oe1_0.retry_count<?
2026-06-24 10:48:03 [scheduling-1] DEBUG org.hibernate.SQL - 
    /* <criteria> */ select
        oe1_0.id,
        oe1_0.created_at,
        oe1_0.event_id,
        oe1_0.event_type,
        oe1_0.exchange,
        oe1_0.payload,
        oe1_0.published_at,
        oe1_0.retry_count,
        oe1_0.routing_key,
        oe1_0.status 
    from
        outbox_events oe1_0 
    where
        oe1_0.status=? 
        and oe1_0.retry_count<?
2026-06-24 10:48:08 [scheduling-1] DEBUG org.hibernate.SQL - 
    /* <criteria> */ select
        oe1_0.id,
        oe1_0.created_at,
        oe1_0.event_id,
        oe1_0.event_type,
        oe1_0.exchange,
        oe1_0.payload,
        oe1_0.published_at,
        oe1_0.retry_count,
        oe1_0.routing_key,
        oe1_0.status 
    from
        outbox_events oe1_0 
    where
        oe1_0.status=? 
        and oe1_0.retry_count<?
2026-06-24 10:48:13 [scheduling-1] DEBUG org.hibernate.SQL - 
    /* <criteria> */ select
        oe1_0.id,
        oe1_0.created_at,
        oe1_0.event_id,
        oe1_0.event_type,
        oe1_0.exchange,
        oe1_0.payload,
        oe1_0.published_at,
        oe1_0.retry_count,
        oe1_0.routing_key,
        oe1_0.status 
    from
        outbox_events oe1_0 
    where
        oe1_0.status=? 
        and oe1_0.retry_count<?
2026-06-24 10:48:18 [scheduling-1] DEBUG org.hibernate.SQL - 
    /* <criteria> */ select
        oe1_0.id,
        oe1_0.created_at,
        oe1_0.event_id,
        oe1_0.event_type,
        oe1_0.exchange,
        oe1_0.payload,
        oe1_0.published_at,
        oe1_0.retry_count,
        oe1_0.routing_key,
        oe1_0.status 
    from
        outbox_events oe1_0 
    where
        oe1_0.status=? 
        and oe1_0.retry_count<?
2026-06-24 10:48:23 [scheduling-1] DEBUG org.hibernate.SQL - 
    /* <criteria> */ select
        oe1_0.id,
        oe1_0.created_at,
        oe1_0.event_id,
        oe1_0.event_type,
        oe1_0.exchange,
        oe1_0.payload,
        oe1_0.published_at,
        oe1_0.retry_count,
        oe1_0.routing_key,
        oe1_0.status 
    from
        outbox_events oe1_0 
    where
        oe1_0.status=? 
        and oe1_0.retry_count<?
2026-06-24 10:48:28 [scheduling-1] DEBUG org.hibernate.SQL - 
    /* <criteria> */ select
        oe1_0.id,
        oe1_0.created_at,
        oe1_0.event_id,
        oe1_0.event_type,
        oe1_0.exchange,
        oe1_0.payload,
        oe1_0.published_at,
        oe1_0.retry_count,
        oe1_0.routing_key,
        oe1_0.status 
    from
        outbox_events oe1_0 
    where
        oe1_0.status=? 
        and oe1_0.retry_count<?
2026-06-24 10:48:33 [scheduling-1] DEBUG org.hibernate.SQL - 
    /* <criteria> */ select
        oe1_0.id,
        oe1_0.created_at,
        oe1_0.event_id,
        oe1_0.event_type,
        oe1_0.exchange,
        oe1_0.payload,
        oe1_0.published_at,
        oe1_0.retry_count,
        oe1_0.routing_key,
        oe1_0.status 
    from
        outbox_events oe1_0 
    where
        oe1_0.status=? 
        and oe1_0.retry_count<?
2026-06-24 10:48:38 [scheduling-1] DEBUG org.hibernate.SQL - 
    /* <criteria> */ select
        oe1_0.id,
        oe1_0.created_at,
        oe1_0.event_id,
        oe1_0.event_type,
        oe1_0.exchange,
        oe1_0.payload,
        oe1_0.published_at,
        oe1_0.retry_count,
        oe1_0.routing_key,
        oe1_0.status 
    from
        outbox_events oe1_0 
    where
        oe1_0.status=? 
        and oe1_0.retry_count<?
2026-06-24 10:48:43 [scheduling-1] DEBUG org.hibernate.SQL - 
    /* <criteria> */ select
        oe1_0.id,
        oe1_0.created_at,
        oe1_0.event_id,
        oe1_0.event_type,
        oe1_0.exchange,
        oe1_0.payload,
        oe1_0.published_at,
        oe1_0.retry_count,
        oe1_0.routing_key,
        oe1_0.status 
    from
        outbox_events oe1_0 
    where
        oe1_0.status=? 
        and oe1_0.retry_count<?
2026-06-24 10:48:48 [scheduling-1] DEBUG org.hibernate.SQL - 
    /* <criteria> */ select
        oe1_0.id,
        oe1_0.created_at,
        oe1_0.event_id,
        oe1_0.event_type,
        oe1_0.exchange,
        oe1_0.payload,
        oe1_0.published_at,
        oe1_0.retry_count,
        oe1_0.routing_key,
        oe1_0.status 
    from
        outbox_events oe1_0 
    where
        oe1_0.status=? 
        and oe1_0.retry_count<?
2026-06-24 10:48:53 [scheduling-1] DEBUG org.hibernate.SQL - 
    /* <criteria> */ select
        oe1_0.id,
        oe1_0.created_at,
        oe1_0.event_id,
        oe1_0.event_type,
        oe1_0.exchange,
        oe1_0.payload,
        oe1_0.published_at,
        oe1_0.retry_count,
        oe1_0.routing_key,
        oe1_0.status 
    from
        outbox_events oe1_0 
    where
        oe1_0.status=? 
        and oe1_0.retry_count<?
2026-06-24 10:48:58 [scheduling-1] DEBUG org.hibernate.SQL - 
    /* <criteria> */ select
        oe1_0.id,
        oe1_0.created_at,
        oe1_0.event_id,
        oe1_0.event_type,
        oe1_0.exchange,
        oe1_0.payload,
        oe1_0.published_at,
        oe1_0.retry_count,
        oe1_0.routing_key,
        oe1_0.status 
    from
        outbox_events oe1_0 
    where
        oe1_0.status=? 
        and oe1_0.retry_count<?
2026-06-24 10:49:03 [scheduling-1] DEBUG org.hibernate.SQL - 
    /* <criteria> */ select
        oe1_0.id,
        oe1_0.created_at,
        oe1_0.event_id,
        oe1_0.event_type,
        oe1_0.exchange,
        oe1_0.payload,
        oe1_0.published_at,
        oe1_0.retry_count,
        oe1_0.routing_key,
        oe1_0.status 
    from
        outbox_events oe1_0 
    where
        oe1_0.status=? 
        and oe1_0.retry_count<?
2026-06-24 10:49:08 [scheduling-1] DEBUG org.hibernate.SQL - 
    /* <criteria> */ select
        oe1_0.id,
        oe1_0.created_at,
        oe1_0.event_id,
        oe1_0.event_type,
        oe1_0.exchange,
        oe1_0.payload,
        oe1_0.published_at,
        oe1_0.retry_count,
        oe1_0.routing_key,
        oe1_0.status 
    from
        outbox_events oe1_0 
    where
        oe1_0.status=? 
        and oe1_0.retry_count<?
2026-06-24 10:49:14 [scheduling-1] DEBUG org.hibernate.SQL - 
    /* <criteria> */ select
        oe1_0.id,
        oe1_0.created_at,
        oe1_0.event_id,
        oe1_0.event_type,
        oe1_0.exchange,
        oe1_0.payload,
        oe1_0.published_at,
        oe1_0.retry_count,
        oe1_0.routing_key,
        oe1_0.status 
    from
        outbox_events oe1_0 
    where
        oe1_0.status=? 
        and oe1_0.retry_count<?
2026-06-24 10:49:19 [scheduling-1] DEBUG org.hibernate.SQL - 
    /* <criteria> */ select
        oe1_0.id,
        oe1_0.created_at,
        oe1_0.event_id,
        oe1_0.event_type,
        oe1_0.exchange,
        oe1_0.payload,
        oe1_0.published_at,
        oe1_0.retry_count,
        oe1_0.routing_key,
        oe1_0.status 
    from
        outbox_events oe1_0 
    where
        oe1_0.status=? 
        and oe1_0.retry_count<?
2026-06-24 10:49:24 [scheduling-1] DEBUG org.hibernate.SQL - 
    /* <criteria> */ select
        oe1_0.id,
        oe1_0.created_at,
        oe1_0.event_id,
        oe1_0.event_type,
        oe1_0.exchange,
        oe1_0.payload,
        oe1_0.published_at,
        oe1_0.retry_count,
        oe1_0.routing_key,
        oe1_0.status 
    from
        outbox_events oe1_0 
    where
        oe1_0.status=? 
        and oe1_0.retry_count<?
2026-06-24 10:49:29 [scheduling-1] DEBUG org.hibernate.SQL - 
    /* <criteria> */ select
        oe1_0.id,
        oe1_0.created_at,
        oe1_0.event_id,
        oe1_0.event_type,
        oe1_0.exchange,
        oe1_0.payload,
        oe1_0.published_at,
        oe1_0.retry_count,
        oe1_0.routing_key,
        oe1_0.status 
    from
        outbox_events oe1_0 
    where
        oe1_0.status=? 
        and oe1_0.retry_count<?
2026-06-24 10:49:34 [scheduling-1] DEBUG org.hibernate.SQL - 
    /* <criteria> */ select
        oe1_0.id,
        oe1_0.created_at,
        oe1_0.event_id,
        oe1_0.event_type,
        oe1_0.exchange,
        oe1_0.payload,
        oe1_0.published_at,
        oe1_0.retry_count,
        oe1_0.routing_key,
        oe1_0.status 
    from
        outbox_events oe1_0 
    where
        oe1_0.status=? 
        and oe1_0.retry_count<?
2026-06-24 10:49:39 [scheduling-1] DEBUG org.hibernate.SQL - 
    /* <criteria> */ select
        oe1_0.id,
        oe1_0.created_at,
        oe1_0.event_id,
        oe1_0.event_type,
        oe1_0.exchange,
        oe1_0.payload,
        oe1_0.published_at,
        oe1_0.retry_count,
        oe1_0.routing_key,
        oe1_0.status 
    from
        outbox_events oe1_0 
    where
        oe1_0.status=? 
        and oe1_0.retry_count<?
2026-06-24 10:49:44 [scheduling-1] DEBUG org.hibernate.SQL - 
    /* <criteria> */ select
        oe1_0.id,
        oe1_0.created_at,
        oe1_0.event_id,
        oe1_0.event_type,
        oe1_0.exchange,
        oe1_0.payload,
        oe1_0.published_at,
        oe1_0.retry_count,
        oe1_0.routing_key,
        oe1_0.status 
    from
        outbox_events oe1_0 
    where
        oe1_0.status=? 
        and oe1_0.retry_count<?
2026-06-24 10:49:49 [scheduling-1] DEBUG org.hibernate.SQL - 
    /* <criteria> */ select
        oe1_0.id,
        oe1_0.created_at,
        oe1_0.event_id,
        oe1_0.event_type,
        oe1_0.exchange,
        oe1_0.payload,
        oe1_0.published_at,
        oe1_0.retry_count,
        oe1_0.routing_key,
        oe1_0.status 
    from
        outbox_events oe1_0 
    where
        oe1_0.status=? 
        and oe1_0.retry_count<?
2026-06-24 10:49:54 [scheduling-1] DEBUG org.hibernate.SQL - 
    /* <criteria> */ select
        oe1_0.id,
        oe1_0.created_at,
        oe1_0.event_id,
        oe1_0.event_type,
        oe1_0.exchange,
        oe1_0.payload,
        oe1_0.published_at,
        oe1_0.retry_count,
        oe1_0.routing_key,
        oe1_0.status 
    from
        outbox_events oe1_0 
    where
        oe1_0.status=? 
        and oe1_0.retry_count<?
2026-06-24 10:49:59 [scheduling-1] DEBUG org.hibernate.SQL - 
    /* <criteria> */ select
        oe1_0.id,
        oe1_0.created_at,
        oe1_0.event_id,
        oe1_0.event_type,
        oe1_0.exchange,
        oe1_0.payload,
        oe1_0.published_at,
        oe1_0.retry_count,
        oe1_0.routing_key,
        oe1_0.status 
    from
        outbox_events oe1_0 
    where
        oe1_0.status=? 
        and oe1_0.retry_count<?
2026-06-24 10:50:04 [scheduling-1] DEBUG org.hibernate.SQL - 
    /* <criteria> */ select
        oe1_0.id,
        oe1_0.created_at,
        oe1_0.event_id,
        oe1_0.event_type,
        oe1_0.exchange,
        oe1_0.payload,
        oe1_0.published_at,
        oe1_0.retry_count,
        oe1_0.routing_key,
        oe1_0.status 
    from
        outbox_events oe1_0 
    where
        oe1_0.status=? 
        and oe1_0.retry_count<?
2026-06-24 10:50:09 [scheduling-1] DEBUG org.hibernate.SQL - 
    /* <criteria> */ select
        oe1_0.id,
        oe1_0.created_at,
        oe1_0.event_id,
        oe1_0.event_type,
        oe1_0.exchange,
        oe1_0.payload,
        oe1_0.published_at,
        oe1_0.retry_count,
        oe1_0.routing_key,
        oe1_0.status 
    from
        outbox_events oe1_0 
    where
        oe1_0.status=? 
        and oe1_0.retry_count<?
2026-06-24 10:50:14 [scheduling-1] DEBUG org.hibernate.SQL - 
    /* <criteria> */ select
        oe1_0.id,
        oe1_0.created_at,
        oe1_0.event_id,
        oe1_0.event_type,
        oe1_0.exchange,
        oe1_0.payload,
        oe1_0.published_at,
        oe1_0.retry_count,
        oe1_0.routing_key,
        oe1_0.status 
    from
        outbox_events oe1_0 
    where
        oe1_0.status=? 
        and oe1_0.retry_count<?
2026-06-24 10:50:19 [scheduling-1] DEBUG org.hibernate.SQL - 
    /* <criteria> */ select
        oe1_0.id,
        oe1_0.created_at,
        oe1_0.event_id,
        oe1_0.event_type,
        oe1_0.exchange,
        oe1_0.payload,
        oe1_0.published_at,
        oe1_0.retry_count,
        oe1_0.routing_key,
        oe1_0.status 
    from
        outbox_events oe1_0 
    where
        oe1_0.status=? 
        and oe1_0.retry_count<?
2026-06-24 10:50:24 [scheduling-1] DEBUG org.hibernate.SQL - 
    /* <criteria> */ select
        oe1_0.id,
        oe1_0.created_at,
        oe1_0.event_id,
        oe1_0.event_type,
        oe1_0.exchange,
        oe1_0.payload,
        oe1_0.published_at,
        oe1_0.retry_count,
        oe1_0.routing_key,
        oe1_0.status 
    from
        outbox_events oe1_0 
    where
        oe1_0.status=? 
        and oe1_0.retry_count<?
2026-06-24 10:50:29 [scheduling-1] DEBUG org.hibernate.SQL - 
    /* <criteria> */ select
        oe1_0.id,
        oe1_0.created_at,
        oe1_0.event_id,
        oe1_0.event_type,
        oe1_0.exchange,
        oe1_0.payload,
        oe1_0.published_at,
        oe1_0.retry_count,
        oe1_0.routing_key,
        oe1_0.status 
    from
        outbox_events oe1_0 
    where
        oe1_0.status=? 
        and oe1_0.retry_count<?
2026-06-24 10:50:34 [scheduling-1] DEBUG org.hibernate.SQL - 
    /* <criteria> */ select
        oe1_0.id,
        oe1_0.created_at,
        oe1_0.event_id,
        oe1_0.event_type,
        oe1_0.exchange,
        oe1_0.payload,
        oe1_0.published_at,
        oe1_0.retry_count,
        oe1_0.routing_key,
        oe1_0.status 
    from
        outbox_events oe1_0 
    where
        oe1_0.status=? 
        and oe1_0.retry_count<?
2026-06-24 10:50:39 [scheduling-1] DEBUG org.hibernate.SQL - 
    /* <criteria> */ select
        oe1_0.id,
        oe1_0.created_at,
        oe1_0.event_id,
        oe1_0.event_type,
        oe1_0.exchange,
        oe1_0.payload,
        oe1_0.published_at,
        oe1_0.retry_count,
        oe1_0.routing_key,
        oe1_0.status 
    from
        outbox_events oe1_0 
    where
        oe1_0.status=? 
        and oe1_0.retry_count<?
2026-06-24 10:50:44 [scheduling-1] DEBUG org.hibernate.SQL - 
    /* <criteria> */ select
        oe1_0.id,
        oe1_0.created_at,
        oe1_0.event_id,
        oe1_0.event_type,
        oe1_0.exchange,
        oe1_0.payload,
        oe1_0.published_at,
        oe1_0.retry_count,
        oe1_0.routing_key,
        oe1_0.status 
    from
        outbox_events oe1_0 
    where
        oe1_0.status=? 
        and oe1_0.retry_count<?
2026-06-24 10:50:49 [scheduling-1] DEBUG org.hibernate.SQL - 
    /* <criteria> */ select
        oe1_0.id,
        oe1_0.created_at,
        oe1_0.event_id,
        oe1_0.event_type,
        oe1_0.exchange,
        oe1_0.payload,
        oe1_0.published_at,
        oe1_0.retry_count,
        oe1_0.routing_key,
        oe1_0.status 
    from
        outbox_events oe1_0 
    where
        oe1_0.status=? 
        and oe1_0.retry_count<?
2026-06-24 10:50:54 [scheduling-1] DEBUG org.hibernate.SQL - 
    /* <criteria> */ select
        oe1_0.id,
        oe1_0.created_at,
        oe1_0.event_id,
        oe1_0.event_type,
        oe1_0.exchange,
        oe1_0.payload,
        oe1_0.published_at,
        oe1_0.retry_count,
        oe1_0.routing_key,
        oe1_0.status 
    from
        outbox_events oe1_0 
    where
        oe1_0.status=? 
        and oe1_0.retry_count<?
2026-06-24 10:50:59 [scheduling-1] DEBUG org.hibernate.SQL - 
    /* <criteria> */ select
        oe1_0.id,
        oe1_0.created_at,
        oe1_0.event_id,
        oe1_0.event_type,
        oe1_0.exchange,
        oe1_0.payload,
        oe1_0.published_at,
        oe1_0.retry_count,
        oe1_0.routing_key,
        oe1_0.status 
    from
        outbox_events oe1_0 
    where
        oe1_0.status=? 
        and oe1_0.retry_count<?
2026-06-24 10:51:04 [scheduling-1] DEBUG org.hibernate.SQL - 
    /* <criteria> */ select
        oe1_0.id,
        oe1_0.created_at,
        oe1_0.event_id,
        oe1_0.event_type,
        oe1_0.exchange,
        oe1_0.payload,
        oe1_0.published_at,
        oe1_0.retry_count,
        oe1_0.routing_key,
        oe1_0.status 
    from
        outbox_events oe1_0 
    where
        oe1_0.status=? 
        and oe1_0.retry_count<?
2026-06-24 10:51:09 [scheduling-1] DEBUG org.hibernate.SQL - 
    /* <criteria> */ select
        oe1_0.id,
        oe1_0.created_at,
        oe1_0.event_id,
        oe1_0.event_type,
        oe1_0.exchange,
        oe1_0.payload,
        oe1_0.published_at,
        oe1_0.retry_count,
        oe1_0.routing_key,
        oe1_0.status 
    from
        outbox_events oe1_0 
    where
        oe1_0.status=? 
        and oe1_0.retry_count<?
2026-06-24 10:51:14 [scheduling-1] DEBUG org.hibernate.SQL - 
    /* <criteria> */ select
        oe1_0.id,
        oe1_0.created_at,
        oe1_0.event_id,
        oe1_0.event_type,
        oe1_0.exchange,
        oe1_0.payload,
        oe1_0.published_at,
        oe1_0.retry_count,
        oe1_0.routing_key,
        oe1_0.status 
    from
        outbox_events oe1_0 
    where
        oe1_0.status=? 
        and oe1_0.retry_count<?
2026-06-24 10:51:19 [scheduling-1] DEBUG org.hibernate.SQL - 
    /* <criteria> */ select
        oe1_0.id,
        oe1_0.created_at,
        oe1_0.event_id,
        oe1_0.event_type,
        oe1_0.exchange,
        oe1_0.payload,
        oe1_0.published_at,
        oe1_0.retry_count,
        oe1_0.routing_key,
        oe1_0.status 
    from
        outbox_events oe1_0 
    where
        oe1_0.status=? 
        and oe1_0.retry_count<?
2026-06-24 10:51:20 [AsyncResolver-bootstrap-executor-0] INFO  c.n.d.s.r.aws.ConfigClusterResolver - Resolving eureka endpoints via configuration
2026-06-24 10:51:24 [scheduling-1] DEBUG org.hibernate.SQL - 
    /* <criteria> */ select
        oe1_0.id,
        oe1_0.created_at,
        oe1_0.event_id,
        oe1_0.event_type,
        oe1_0.exchange,
        oe1_0.payload,
        oe1_0.published_at,
        oe1_0.retry_count,
        oe1_0.routing_key,
        oe1_0.status 
    from
        outbox_events oe1_0 
    where
        oe1_0.status=? 
        and oe1_0.retry_count<?
2026-06-24 10:51:29 [scheduling-1] DEBUG org.hibernate.SQL - 
    /* <criteria> */ select
        oe1_0.id,
        oe1_0.created_at,
        oe1_0.event_id,
        oe1_0.event_type,
        oe1_0.exchange,
        oe1_0.payload,
        oe1_0.published_at,
        oe1_0.retry_count,
        oe1_0.routing_key,
        oe1_0.status 
    from
        outbox_events oe1_0 
    where
        oe1_0.status=? 
        and oe1_0.retry_count<?
2026-06-24 10:51:34 [scheduling-1] DEBUG org.hibernate.SQL - 
    /* <criteria> */ select
        oe1_0.id,
        oe1_0.created_at,
        oe1_0.event_id,
        oe1_0.event_type,
        oe1_0.exchange,
        oe1_0.payload,
        oe1_0.published_at,
        oe1_0.retry_count,
        oe1_0.routing_key,
        oe1_0.status 
    from
        outbox_events oe1_0 
    where
        oe1_0.status=? 
        and oe1_0.retry_count<?
2026-06-24 10:51:39 [scheduling-1] DEBUG org.hibernate.SQL - 
    /* <criteria> */ select
        oe1_0.id,
        oe1_0.created_at,
        oe1_0.event_id,
        oe1_0.event_type,
        oe1_0.exchange,
        oe1_0.payload,
        oe1_0.published_at,
        oe1_0.retry_count,
        oe1_0.routing_key,
        oe1_0.status 
    from
        outbox_events oe1_0 
    where
        oe1_0.status=? 
        and oe1_0.retry_count<?
2026-06-24 10:51:44 [scheduling-1] DEBUG org.hibernate.SQL - 
    /* <criteria> */ select
        oe1_0.id,
        oe1_0.created_at,
        oe1_0.event_id,
        oe1_0.event_type,
        oe1_0.exchange,
        oe1_0.payload,
        oe1_0.published_at,
        oe1_0.retry_count,
        oe1_0.routing_key,
        oe1_0.status 
    from
        outbox_events oe1_0 
    where
        oe1_0.status=? 
        and oe1_0.retry_count<?
2026-06-24 10:51:49 [scheduling-1] DEBUG org.hibernate.SQL - 
    /* <criteria> */ select
        oe1_0.id,
        oe1_0.created_at,
        oe1_0.event_id,
        oe1_0.event_type,
        oe1_0.exchange,
        oe1_0.payload,
        oe1_0.published_at,
        oe1_0.retry_count,
        oe1_0.routing_key,
        oe1_0.status 
    from
        outbox_events oe1_0 
    where
        oe1_0.status=? 
        and oe1_0.retry_count<?
2026-06-24 10:51:54 [scheduling-1] DEBUG org.hibernate.SQL - 
    /* <criteria> */ select
        oe1_0.id,
        oe1_0.created_at,
        oe1_0.event_id,
        oe1_0.event_type,
        oe1_0.exchange,
        oe1_0.payload,
        oe1_0.published_at,
        oe1_0.retry_count,
        oe1_0.routing_key,
        oe1_0.status 
    from
        outbox_events oe1_0 
    where
        oe1_0.status=? 
        and oe1_0.retry_count<?
2026-06-24 10:51:59 [scheduling-1] DEBUG org.hibernate.SQL - 
    /* <criteria> */ select
        oe1_0.id,
        oe1_0.created_at,
        oe1_0.event_id,
        oe1_0.event_type,
        oe1_0.exchange,
        oe1_0.payload,
        oe1_0.published_at,
        oe1_0.retry_count,
        oe1_0.routing_key,
        oe1_0.status 
    from
        outbox_events oe1_0 
    where
        oe1_0.status=? 
        and oe1_0.retry_count<?
2026-06-24 10:52:04 [scheduling-1] DEBUG org.hibernate.SQL - 
    /* <criteria> */ select
        oe1_0.id,
        oe1_0.created_at,
        oe1_0.event_id,
        oe1_0.event_type,
        oe1_0.exchange,
        oe1_0.payload,
        oe1_0.published_at,
        oe1_0.retry_count,
        oe1_0.routing_key,
        oe1_0.status 
    from
        outbox_events oe1_0 
    where
        oe1_0.status=? 
        and oe1_0.retry_count<?
2026-06-24 10:52:09 [scheduling-1] DEBUG org.hibernate.SQL - 
    /* <criteria> */ select
        oe1_0.id,
        oe1_0.created_at,
        oe1_0.event_id,
        oe1_0.event_type,
        oe1_0.exchange,
        oe1_0.payload,
        oe1_0.published_at,
        oe1_0.retry_count,
        oe1_0.routing_key,
        oe1_0.status 
    from
        outbox_events oe1_0 
    where
        oe1_0.status=? 
        and oe1_0.retry_count<?
2026-06-24 10:52:14 [scheduling-1] DEBUG org.hibernate.SQL - 
    /* <criteria> */ select
        oe1_0.id,
        oe1_0.created_at,
        oe1_0.event_id,
        oe1_0.event_type,
        oe1_0.exchange,
        oe1_0.payload,
        oe1_0.published_at,
        oe1_0.retry_count,
        oe1_0.routing_key,
        oe1_0.status 
    from
        outbox_events oe1_0 
    where
        oe1_0.status=? 
        and oe1_0.retry_count<?
2026-06-24 10:52:19 [scheduling-1] DEBUG org.hibernate.SQL - 
    /* <criteria> */ select
        oe1_0.id,
        oe1_0.created_at,
        oe1_0.event_id,
        oe1_0.event_type,
        oe1_0.exchange,
        oe1_0.payload,
        oe1_0.published_at,
        oe1_0.retry_count,
        oe1_0.routing_key,
        oe1_0.status 
    from
        outbox_events oe1_0 
    where
        oe1_0.status=? 
        and oe1_0.retry_count<?
2026-06-24 10:52:24 [scheduling-1] DEBUG org.hibernate.SQL - 
    /* <criteria> */ select
        oe1_0.id,
        oe1_0.created_at,
        oe1_0.event_id,
        oe1_0.event_type,
        oe1_0.exchange,
        oe1_0.payload,
        oe1_0.published_at,
        oe1_0.retry_count,
        oe1_0.routing_key,
        oe1_0.status 
    from
        outbox_events oe1_0 
    where
        oe1_0.status=? 
        and oe1_0.retry_count<?
2026-06-24 10:52:29 [scheduling-1] DEBUG org.hibernate.SQL - 
    /* <criteria> */ select
        oe1_0.id,
        oe1_0.created_at,
        oe1_0.event_id,
        oe1_0.event_type,
        oe1_0.exchange,
        oe1_0.payload,
        oe1_0.published_at,
        oe1_0.retry_count,
        oe1_0.routing_key,
        oe1_0.status 
    from
        outbox_events oe1_0 
    where
        oe1_0.status=? 
        and oe1_0.retry_count<?
2026-06-24 10:52:34 [scheduling-1] DEBUG org.hibernate.SQL - 
    /* <criteria> */ select
        oe1_0.id,
        oe1_0.created_at,
        oe1_0.event_id,
        oe1_0.event_type,
        oe1_0.exchange,
        oe1_0.payload,
        oe1_0.published_at,
        oe1_0.retry_count,
        oe1_0.routing_key,
        oe1_0.status 
    from
        outbox_events oe1_0 
    where
        oe1_0.status=? 
        and oe1_0.retry_count<?
2026-06-24 10:52:39 [scheduling-1] DEBUG org.hibernate.SQL - 
    /* <criteria> */ select
        oe1_0.id,
        oe1_0.created_at,
        oe1_0.event_id,
        oe1_0.event_type,
        oe1_0.exchange,
        oe1_0.payload,
        oe1_0.published_at,
        oe1_0.retry_count,
        oe1_0.routing_key,
        oe1_0.status 
    from
        outbox_events oe1_0 
    where
        oe1_0.status=? 
        and oe1_0.retry_count<?
2026-06-24 10:52:44 [scheduling-1] DEBUG org.hibernate.SQL - 
    /* <criteria> */ select
        oe1_0.id,
        oe1_0.created_at,
        oe1_0.event_id,
        oe1_0.event_type,
        oe1_0.exchange,
        oe1_0.payload,
        oe1_0.published_at,
        oe1_0.retry_count,
        oe1_0.routing_key,
        oe1_0.status 
    from
        outbox_events oe1_0 
    where
        oe1_0.status=? 
        and oe1_0.retry_count<?
2026-06-24 10:52:49 [scheduling-1] DEBUG org.hibernate.SQL - 
    /* <criteria> */ select
        oe1_0.id,
        oe1_0.created_at,
        oe1_0.event_id,
        oe1_0.event_type,
        oe1_0.exchange,
        oe1_0.payload,
        oe1_0.published_at,
        oe1_0.retry_count,
        oe1_0.routing_key,
        oe1_0.status 
    from
        outbox_events oe1_0 
    where
        oe1_0.status=? 
        and oe1_0.retry_count<?
2026-06-24 10:52:54 [scheduling-1] DEBUG org.hibernate.SQL - 
    /* <criteria> */ select
        oe1_0.id,
        oe1_0.created_at,
        oe1_0.event_id,
        oe1_0.event_type,
        oe1_0.exchange,
        oe1_0.payload,
        oe1_0.published_at,
        oe1_0.retry_count,
        oe1_0.routing_key,
        oe1_0.status 
    from
        outbox_events oe1_0 
    where
        oe1_0.status=? 
        and oe1_0.retry_count<?
2026-06-24 10:52:59 [scheduling-1] DEBUG org.hibernate.SQL - 
    /* <criteria> */ select
        oe1_0.id,
        oe1_0.created_at,
        oe1_0.event_id,
        oe1_0.event_type,
        oe1_0.exchange,
        oe1_0.payload,
        oe1_0.published_at,
        oe1_0.retry_count,
        oe1_0.routing_key,
        oe1_0.status 
    from
        outbox_events oe1_0 
    where
        oe1_0.status=? 
        and oe1_0.retry_count<?
2026-06-24 10:53:04 [scheduling-1] DEBUG org.hibernate.SQL - 
    /* <criteria> */ select
        oe1_0.id,
        oe1_0.created_at,
        oe1_0.event_id,
        oe1_0.event_type,
        oe1_0.exchange,
        oe1_0.payload,
        oe1_0.published_at,
        oe1_0.retry_count,
        oe1_0.routing_key,
        oe1_0.status 
    from
        outbox_events oe1_0 
    where
        oe1_0.status=? 
        and oe1_0.retry_count<?
2026-06-24 10:53:09 [scheduling-1] DEBUG org.hibernate.SQL - 
    /* <criteria> */ select
        oe1_0.id,
        oe1_0.created_at,
        oe1_0.event_id,
        oe1_0.event_type,
        oe1_0.exchange,
        oe1_0.payload,
        oe1_0.published_at,
        oe1_0.retry_count,
        oe1_0.routing_key,
        oe1_0.status 
    from
        outbox_events oe1_0 
    where
        oe1_0.status=? 
        and oe1_0.retry_count<?
2026-06-24 10:53:14 [scheduling-1] DEBUG org.hibernate.SQL - 
    /* <criteria> */ select
        oe1_0.id,
        oe1_0.created_at,
        oe1_0.event_id,
        oe1_0.event_type,
        oe1_0.exchange,
        oe1_0.payload,
        oe1_0.published_at,
        oe1_0.retry_count,
        oe1_0.routing_key,
        oe1_0.status 
    from
        outbox_events oe1_0 
    where
        oe1_0.status=? 
        and oe1_0.retry_count<?
2026-06-24 10:53:19 [scheduling-1] DEBUG org.hibernate.SQL - 
    /* <criteria> */ select
        oe1_0.id,
        oe1_0.created_at,
        oe1_0.event_id,
        oe1_0.event_type,
        oe1_0.exchange,
        oe1_0.payload,
        oe1_0.published_at,
        oe1_0.retry_count,
        oe1_0.routing_key,
        oe1_0.status 
    from
        outbox_events oe1_0 
    where
        oe1_0.status=? 
        and oe1_0.retry_count<?
2026-06-24 10:53:24 [scheduling-1] DEBUG org.hibernate.SQL - 
    /* <criteria> */ select
        oe1_0.id,
        oe1_0.created_at,
        oe1_0.event_id,
        oe1_0.event_type,
        oe1_0.exchange,
        oe1_0.payload,
        oe1_0.published_at,
        oe1_0.retry_count,
        oe1_0.routing_key,
        oe1_0.status 
    from
        outbox_events oe1_0 
    where
        oe1_0.status=? 
        and oe1_0.retry_count<?
2026-06-24 10:53:29 [scheduling-1] DEBUG org.hibernate.SQL - 
    /* <criteria> */ select
        oe1_0.id,
        oe1_0.created_at,
        oe1_0.event_id,
        oe1_0.event_type,
        oe1_0.exchange,
        oe1_0.payload,
        oe1_0.published_at,
        oe1_0.retry_count,
        oe1_0.routing_key,
        oe1_0.status 
    from
        outbox_events oe1_0 
    where
        oe1_0.status=? 
        and oe1_0.retry_count<?
2026-06-24 10:53:34 [scheduling-1] DEBUG org.hibernate.SQL - 
    /* <criteria> */ select
        oe1_0.id,
        oe1_0.created_at,
        oe1_0.event_id,
        oe1_0.event_type,
        oe1_0.exchange,
        oe1_0.payload,
        oe1_0.published_at,
        oe1_0.retry_count,
        oe1_0.routing_key,
        oe1_0.status 
    from
        outbox_events oe1_0 
    where
        oe1_0.status=? 
        and oe1_0.retry_count<?
2026-06-24 10:53:39 [scheduling-1] DEBUG org.hibernate.SQL - 
    /* <criteria> */ select
        oe1_0.id,
        oe1_0.created_at,
        oe1_0.event_id,
        oe1_0.event_type,
        oe1_0.exchange,
        oe1_0.payload,
        oe1_0.published_at,
        oe1_0.retry_count,
        oe1_0.routing_key,
        oe1_0.status 
    from
        outbox_events oe1_0 
    where
        oe1_0.status=? 
        and oe1_0.retry_count<?
2026-06-24 10:53:44 [scheduling-1] DEBUG org.hibernate.SQL - 
    /* <criteria> */ select
        oe1_0.id,
        oe1_0.created_at,
        oe1_0.event_id,
        oe1_0.event_type,
        oe1_0.exchange,
        oe1_0.payload,
        oe1_0.published_at,
        oe1_0.retry_count,
        oe1_0.routing_key,
        oe1_0.status 
    from
        outbox_events oe1_0 
    where
        oe1_0.status=? 
        and oe1_0.retry_count<?
2026-06-24 10:53:49 [scheduling-1] DEBUG org.hibernate.SQL - 
    /* <criteria> */ select
        oe1_0.id,
        oe1_0.created_at,
        oe1_0.event_id,
        oe1_0.event_type,
        oe1_0.exchange,
        oe1_0.payload,
        oe1_0.published_at,
        oe1_0.retry_count,
        oe1_0.routing_key,
        oe1_0.status 
    from
        outbox_events oe1_0 
    where
        oe1_0.status=? 
        and oe1_0.retry_count<?
2026-06-24 10:53:54 [scheduling-1] DEBUG org.hibernate.SQL - 
    /* <criteria> */ select
        oe1_0.id,
        oe1_0.created_at,
        oe1_0.event_id,
        oe1_0.event_type,
        oe1_0.exchange,
        oe1_0.payload,
        oe1_0.published_at,
        oe1_0.retry_count,
        oe1_0.routing_key,
        oe1_0.status 
    from
        outbox_events oe1_0 
    where
        oe1_0.status=? 
        and oe1_0.retry_count<?
2026-06-24 10:53:59 [scheduling-1] DEBUG org.hibernate.SQL - 
    /* <criteria> */ select
        oe1_0.id,
        oe1_0.created_at,
        oe1_0.event_id,
        oe1_0.event_type,
        oe1_0.exchange,
        oe1_0.payload,
        oe1_0.published_at,
        oe1_0.retry_count,
        oe1_0.routing_key,
        oe1_0.status 
    from
        outbox_events oe1_0 
    where
        oe1_0.status=? 
        and oe1_0.retry_count<?
2026-06-24 10:54:05 [scheduling-1] DEBUG org.hibernate.SQL - 
    /* <criteria> */ select
        oe1_0.id,
        oe1_0.created_at,
        oe1_0.event_id,
        oe1_0.event_type,
        oe1_0.exchange,
        oe1_0.payload,
        oe1_0.published_at,
        oe1_0.retry_count,
        oe1_0.routing_key,
        oe1_0.status 
    from
        outbox_events oe1_0 
    where
        oe1_0.status=? 
        and oe1_0.retry_count<?
2026-06-24 10:54:10 [scheduling-1] DEBUG org.hibernate.SQL - 
    /* <criteria> */ select
        oe1_0.id,
        oe1_0.created_at,
        oe1_0.event_id,
        oe1_0.event_type,
        oe1_0.exchange,
        oe1_0.payload,
        oe1_0.published_at,
        oe1_0.retry_count,
        oe1_0.routing_key,
        oe1_0.status 
    from
        outbox_events oe1_0 
    where
        oe1_0.status=? 
        and oe1_0.retry_count<?
2026-06-24 10:54:15 [scheduling-1] DEBUG org.hibernate.SQL - 
    /* <criteria> */ select
        oe1_0.id,
        oe1_0.created_at,
        oe1_0.event_id,
        oe1_0.event_type,
        oe1_0.exchange,
        oe1_0.payload,
        oe1_0.published_at,
        oe1_0.retry_count,
        oe1_0.routing_key,
        oe1_0.status 
    from
        outbox_events oe1_0 
    where
        oe1_0.status=? 
        and oe1_0.retry_count<?
2026-06-24 10:54:20 [scheduling-1] DEBUG org.hibernate.SQL - 
    /* <criteria> */ select
        oe1_0.id,
        oe1_0.created_at,
        oe1_0.event_id,
        oe1_0.event_type,
        oe1_0.exchange,
        oe1_0.payload,
        oe1_0.published_at,
        oe1_0.retry_count,
        oe1_0.routing_key,
        oe1_0.status 
    from
        outbox_events oe1_0 
    where
        oe1_0.status=? 
        and oe1_0.retry_count<?
2026-06-24 10:54:25 [scheduling-1] DEBUG org.hibernate.SQL - 
    /* <criteria> */ select
        oe1_0.id,
        oe1_0.created_at,
        oe1_0.event_id,
        oe1_0.event_type,
        oe1_0.exchange,
        oe1_0.payload,
        oe1_0.published_at,
        oe1_0.retry_count,
        oe1_0.routing_key,
        oe1_0.status 
    from
        outbox_events oe1_0 
    where
        oe1_0.status=? 
        and oe1_0.retry_count<?
2026-06-24 10:54:30 [scheduling-1] DEBUG org.hibernate.SQL - 
    /* <criteria> */ select
        oe1_0.id,
        oe1_0.created_at,
        oe1_0.event_id,
        oe1_0.event_type,
        oe1_0.exchange,
        oe1_0.payload,
        oe1_0.published_at,
        oe1_0.retry_count,
        oe1_0.routing_key,
        oe1_0.status 
    from
        outbox_events oe1_0 
    where
        oe1_0.status=? 
        and oe1_0.retry_count<?
2026-06-24 10:54:35 [scheduling-1] DEBUG org.hibernate.SQL - 
    /* <criteria> */ select
        oe1_0.id,
        oe1_0.created_at,
        oe1_0.event_id,
        oe1_0.event_type,
        oe1_0.exchange,
        oe1_0.payload,
        oe1_0.published_at,
        oe1_0.retry_count,
        oe1_0.routing_key,
        oe1_0.status 
    from
        outbox_events oe1_0 
    where
        oe1_0.status=? 
        and oe1_0.retry_count<?
2026-06-24 10:54:40 [scheduling-1] DEBUG org.hibernate.SQL - 
    /* <criteria> */ select
        oe1_0.id,
        oe1_0.created_at,
        oe1_0.event_id,
        oe1_0.event_type,
        oe1_0.exchange,
        oe1_0.payload,
        oe1_0.published_at,
        oe1_0.retry_count,
        oe1_0.routing_key,
        oe1_0.status 
    from
        outbox_events oe1_0 
    where
        oe1_0.status=? 
        and oe1_0.retry_count<?
2026-06-24 10:54:45 [scheduling-1] DEBUG org.hibernate.SQL - 
    /* <criteria> */ select
        oe1_0.id,
        oe1_0.created_at,
        oe1_0.event_id,
        oe1_0.event_type,
        oe1_0.exchange,
        oe1_0.payload,
        oe1_0.published_at,
        oe1_0.retry_count,
        oe1_0.routing_key,
        oe1_0.status 
    from
        outbox_events oe1_0 
    where
        oe1_0.status=? 
        and oe1_0.retry_count<?
2026-06-24 10:54:50 [scheduling-1] DEBUG org.hibernate.SQL - 
    /* <criteria> */ select
        oe1_0.id,
        oe1_0.created_at,
        oe1_0.event_id,
        oe1_0.event_type,
        oe1_0.exchange,
        oe1_0.payload,
        oe1_0.published_at,
        oe1_0.retry_count,
        oe1_0.routing_key,
        oe1_0.status 
    from
        outbox_events oe1_0 
    where
        oe1_0.status=? 
        and oe1_0.retry_count<?
2026-06-24 10:54:55 [scheduling-1] DEBUG org.hibernate.SQL - 
    /* <criteria> */ select
        oe1_0.id,
        oe1_0.created_at,
        oe1_0.event_id,
        oe1_0.event_type,
        oe1_0.exchange,
        oe1_0.payload,
        oe1_0.published_at,
        oe1_0.retry_count,
        oe1_0.routing_key,
        oe1_0.status 
    from
        outbox_events oe1_0 
    where
        oe1_0.status=? 
        and oe1_0.retry_count<?
2026-06-24 10:55:00 [scheduling-1] DEBUG org.hibernate.SQL - 
    /* <criteria> */ select
        oe1_0.id,
        oe1_0.created_at,
        oe1_0.event_id,
        oe1_0.event_type,
        oe1_0.exchange,
        oe1_0.payload,
        oe1_0.published_at,
        oe1_0.retry_count,
        oe1_0.routing_key,
        oe1_0.status 
    from
        outbox_events oe1_0 
    where
        oe1_0.status=? 
        and oe1_0.retry_count<?
2026-06-24 10:55:05 [scheduling-1] DEBUG org.hibernate.SQL - 
    /* <criteria> */ select
        oe1_0.id,
        oe1_0.created_at,
        oe1_0.event_id,
        oe1_0.event_type,
        oe1_0.exchange,
        oe1_0.payload,
        oe1_0.published_at,
        oe1_0.retry_count,
        oe1_0.routing_key,
        oe1_0.status 
    from
        outbox_events oe1_0 
    where
        oe1_0.status=? 
        and oe1_0.retry_count<?
2026-06-24 10:55:10 [scheduling-1] DEBUG org.hibernate.SQL - 
    /* <criteria> */ select
        oe1_0.id,
        oe1_0.created_at,
        oe1_0.event_id,
        oe1_0.event_type,
        oe1_0.exchange,
        oe1_0.payload,
        oe1_0.published_at,
        oe1_0.retry_count,
        oe1_0.routing_key,
        oe1_0.status 
    from
        outbox_events oe1_0 
    where
        oe1_0.status=? 
        and oe1_0.retry_count<?
2026-06-24 10:55:15 [scheduling-1] DEBUG org.hibernate.SQL - 
    /* <criteria> */ select
        oe1_0.id,
        oe1_0.created_at,
        oe1_0.event_id,
        oe1_0.event_type,
        oe1_0.exchange,
        oe1_0.payload,
        oe1_0.published_at,
        oe1_0.retry_count,
        oe1_0.routing_key,
        oe1_0.status 
    from
        outbox_events oe1_0 
    where
        oe1_0.status=? 
        and oe1_0.retry_count<?
2026-06-24 10:55:20 [scheduling-1] DEBUG org.hibernate.SQL - 
    /* <criteria> */ select
        oe1_0.id,
        oe1_0.created_at,
        oe1_0.event_id,
        oe1_0.event_type,
        oe1_0.exchange,
        oe1_0.payload,
        oe1_0.published_at,
        oe1_0.retry_count,
        oe1_0.routing_key,
        oe1_0.status 
    from
        outbox_events oe1_0 
    where
        oe1_0.status=? 
        and oe1_0.retry_count<?
2026-06-24 10:55:25 [scheduling-1] DEBUG org.hibernate.SQL - 
    /* <criteria> */ select
        oe1_0.id,
        oe1_0.created_at,
        oe1_0.event_id,
        oe1_0.event_type,
        oe1_0.exchange,
        oe1_0.payload,
        oe1_0.published_at,
        oe1_0.retry_count,
        oe1_0.routing_key,
        oe1_0.status 
    from
        outbox_events oe1_0 
    where
        oe1_0.status=? 
        and oe1_0.retry_count<?
2026-06-24 10:55:30 [scheduling-1] DEBUG org.hibernate.SQL - 
    /* <criteria> */ select
        oe1_0.id,
        oe1_0.created_at,
        oe1_0.event_id,
        oe1_0.event_type,
        oe1_0.exchange,
        oe1_0.payload,
        oe1_0.published_at,
        oe1_0.retry_count,
        oe1_0.routing_key,
        oe1_0.status 
    from
        outbox_events oe1_0 
    where
        oe1_0.status=? 
        and oe1_0.retry_count<?
2026-06-24 10:55:35 [scheduling-1] DEBUG org.hibernate.SQL - 
    /* <criteria> */ select
        oe1_0.id,
        oe1_0.created_at,
        oe1_0.event_id,
        oe1_0.event_type,
        oe1_0.exchange,
        oe1_0.payload,
        oe1_0.published_at,
        oe1_0.retry_count,
        oe1_0.routing_key,
        oe1_0.status 
    from
        outbox_events oe1_0 
    where
        oe1_0.status=? 
        and oe1_0.retry_count<?
2026-06-24 10:55:40 [scheduling-1] DEBUG org.hibernate.SQL - 
    /* <criteria> */ select
        oe1_0.id,
        oe1_0.created_at,
        oe1_0.event_id,
        oe1_0.event_type,
        oe1_0.exchange,
        oe1_0.payload,
        oe1_0.published_at,
        oe1_0.retry_count,
        oe1_0.routing_key,
        oe1_0.status 
    from
        outbox_events oe1_0 
    where
        oe1_0.status=? 
        and oe1_0.retry_count<?
2026-06-24 10:55:45 [scheduling-1] DEBUG org.hibernate.SQL - 
    /* <criteria> */ select
        oe1_0.id,
        oe1_0.created_at,
        oe1_0.event_id,
        oe1_0.event_type,
        oe1_0.exchange,
        oe1_0.payload,
        oe1_0.published_at,
        oe1_0.retry_count,
        oe1_0.routing_key,
        oe1_0.status 
    from
        outbox_events oe1_0 
    where
        oe1_0.status=? 
        and oe1_0.retry_count<?
2026-06-24 10:55:50 [scheduling-1] DEBUG org.hibernate.SQL - 
    /* <criteria> */ select
        oe1_0.id,
        oe1_0.created_at,
        oe1_0.event_id,
        oe1_0.event_type,
        oe1_0.exchange,
        oe1_0.payload,
        oe1_0.published_at,
        oe1_0.retry_count,
        oe1_0.routing_key,
        oe1_0.status 
    from
        outbox_events oe1_0 
    where
        oe1_0.status=? 
        and oe1_0.retry_count<?
2026-06-24 10:55:55 [scheduling-1] DEBUG org.hibernate.SQL - 
    /* <criteria> */ select
        oe1_0.id,
        oe1_0.created_at,
        oe1_0.event_id,
        oe1_0.event_type,
        oe1_0.exchange,
        oe1_0.payload,
        oe1_0.published_at,
        oe1_0.retry_count,
        oe1_0.routing_key,
        oe1_0.status 
    from
        outbox_events oe1_0 
    where
        oe1_0.status=? 
        and oe1_0.retry_count<?
2026-06-24 10:56:00 [scheduling-1] DEBUG org.hibernate.SQL - 
    /* <criteria> */ select
        oe1_0.id,
        oe1_0.created_at,
        oe1_0.event_id,
        oe1_0.event_type,
        oe1_0.exchange,
        oe1_0.payload,
        oe1_0.published_at,
        oe1_0.retry_count,
        oe1_0.routing_key,
        oe1_0.status 
    from
        outbox_events oe1_0 
    where
        oe1_0.status=? 
        and oe1_0.retry_count<?
2026-06-24 10:56:05 [scheduling-1] DEBUG org.hibernate.SQL - 
    /* <criteria> */ select
        oe1_0.id,
        oe1_0.created_at,
        oe1_0.event_id,
        oe1_0.event_type,
        oe1_0.exchange,
        oe1_0.payload,
        oe1_0.published_at,
        oe1_0.retry_count,
        oe1_0.routing_key,
        oe1_0.status 
    from
        outbox_events oe1_0 
    where
        oe1_0.status=? 
        and oe1_0.retry_count<?
2026-06-24 10:56:07 [http-nio-8083-exec-4] DEBUG c.f.o.s.JwtAuthenticationFilter - Set authentication for user: phase7final105606@test.com with role: CUSTOMER
2026-06-24 10:56:07 [http-nio-8083-exec-4] DEBUG org.hibernate.SQL - 
    /* SELECT
        DISTINCT o 
    FROM
        
    Order o LEFT JOIN
        
    FETCH
        o.orderItems */ select
            distinct o1_0.id,
            o1_0.created_at,
            o1_0.delivery_address,
            oi1_0.order_id,
            oi1_0.id,
            oi1_0.menu_item_id,
            oi1_0.price,
            oi1_0.quantity,
            o1_0.restaurant_id,
            o1_0.status,
            o1_0.total_amount,
            o1_0.updated_at,
            o1_0.user_id 
        from
            orders o1_0 
        left join
            order_items oi1_0 
                on o1_0.id=oi1_0.order_id
2026-06-24 10:56:10 [scheduling-1] DEBUG org.hibernate.SQL - 
    /* <criteria> */ select
        oe1_0.id,
        oe1_0.created_at,
        oe1_0.event_id,
        oe1_0.event_type,
        oe1_0.exchange,
        oe1_0.payload,
        oe1_0.published_at,
        oe1_0.retry_count,
        oe1_0.routing_key,
        oe1_0.status 
    from
        outbox_events oe1_0 
    where
        oe1_0.status=? 
        and oe1_0.retry_count<?
2026-06-24 10:56:15 [scheduling-1] DEBUG org.hibernate.SQL - 
    /* <criteria> */ select
        oe1_0.id,
        oe1_0.created_at,
        oe1_0.event_id,
        oe1_0.event_type,
        oe1_0.exchange,
        oe1_0.payload,
        oe1_0.published_at,
        oe1_0.retry_count,
        oe1_0.routing_key,
        oe1_0.status 
    from
        outbox_events oe1_0 
    where
        oe1_0.status=? 
        and oe1_0.retry_count<?
2026-06-24 10:56:20 [scheduling-1] DEBUG org.hibernate.SQL - 
    /* <criteria> */ select
        oe1_0.id,
        oe1_0.created_at,
        oe1_0.event_id,
        oe1_0.event_type,
        oe1_0.exchange,
        oe1_0.payload,
        oe1_0.published_at,
        oe1_0.retry_count,
        oe1_0.routing_key,
        oe1_0.status 
    from
        outbox_events oe1_0 
    where
        oe1_0.status=? 
        and oe1_0.retry_count<?
2026-06-24 10:56:20 [AsyncResolver-bootstrap-executor-0] INFO  c.n.d.s.r.aws.ConfigClusterResolver - Resolving eureka endpoints via configuration
2026-06-24 10:56:25 [scheduling-1] DEBUG org.hibernate.SQL - 
    /* <criteria> */ select
        oe1_0.id,
        oe1_0.created_at,
        oe1_0.event_id,
        oe1_0.event_type,
        oe1_0.exchange,
        oe1_0.payload,
        oe1_0.published_at,
        oe1_0.retry_count,
        oe1_0.routing_key,
        oe1_0.status 
    from
        outbox_events oe1_0 
    where
        oe1_0.status=? 
        and oe1_0.retry_count<?
2026-06-24 10:56:30 [scheduling-1] DEBUG org.hibernate.SQL - 
    /* <criteria> */ select
        oe1_0.id,
        oe1_0.created_at,
        oe1_0.event_id,
        oe1_0.event_type,
        oe1_0.exchange,
        oe1_0.payload,
        oe1_0.published_at,
        oe1_0.retry_count,
        oe1_0.routing_key,
        oe1_0.status 
    from
        outbox_events oe1_0 
    where
        oe1_0.status=? 
        and oe1_0.retry_count<?
2026-06-24 10:56:35 [scheduling-1] DEBUG org.hibernate.SQL - 
    /* <criteria> */ select
        oe1_0.id,
        oe1_0.created_at,
        oe1_0.event_id,
        oe1_0.event_type,
        oe1_0.exchange,
        oe1_0.payload,
        oe1_0.published_at,
        oe1_0.retry_count,
        oe1_0.routing_key,
        oe1_0.status 
    from
        outbox_events oe1_0 
    where
        oe1_0.status=? 
        and oe1_0.retry_count<?
2026-06-24 10:56:40 [scheduling-1] DEBUG org.hibernate.SQL - 
    /* <criteria> */ select
        oe1_0.id,
        oe1_0.created_at,
        oe1_0.event_id,
        oe1_0.event_type,
        oe1_0.exchange,
        oe1_0.payload,
        oe1_0.published_at,
        oe1_0.retry_count,
        oe1_0.routing_key,
        oe1_0.status 
    from
        outbox_events oe1_0 
    where
        oe1_0.status=? 
        and oe1_0.retry_count<?
2026-06-24 10:56:45 [scheduling-1] DEBUG org.hibernate.SQL - 
    /* <criteria> */ select
        oe1_0.id,
        oe1_0.created_at,
        oe1_0.event_id,
        oe1_0.event_type,
        oe1_0.exchange,
        oe1_0.payload,
        oe1_0.published_at,
        oe1_0.retry_count,
        oe1_0.routing_key,
        oe1_0.status 
    from
        outbox_events oe1_0 
    where
        oe1_0.status=? 
        and oe1_0.retry_count<?
2026-06-24 10:56:50 [scheduling-1] DEBUG org.hibernate.SQL - 
    /* <criteria> */ select
        oe1_0.id,
        oe1_0.created_at,
        oe1_0.event_id,
        oe1_0.event_type,
        oe1_0.exchange,
        oe1_0.payload,
        oe1_0.published_at,
        oe1_0.retry_count,
        oe1_0.routing_key,
        oe1_0.status 
    from
        outbox_events oe1_0 
    where
        oe1_0.status=? 
        and oe1_0.retry_count<?
2026-06-24 10:56:55 [scheduling-1] DEBUG org.hibernate.SQL - 
    /* <criteria> */ select
        oe1_0.id,
        oe1_0.created_at,
        oe1_0.event_id,
        oe1_0.event_type,
        oe1_0.exchange,
        oe1_0.payload,
        oe1_0.published_at,
        oe1_0.retry_count,
        oe1_0.routing_key,
        oe1_0.status 
    from
        outbox_events oe1_0 
    where
        oe1_0.status=? 
        and oe1_0.retry_count<?
2026-06-24 10:57:00 [scheduling-1] DEBUG org.hibernate.SQL - 
    /* <criteria> */ select
        oe1_0.id,
        oe1_0.created_at,
        oe1_0.event_id,
        oe1_0.event_type,
        oe1_0.exchange,
        oe1_0.payload,
        oe1_0.published_at,
        oe1_0.retry_count,
        oe1_0.routing_key,
        oe1_0.status 
    from
        outbox_events oe1_0 
    where
        oe1_0.status=? 
        and oe1_0.retry_count<?
2026-06-24 10:57:05 [scheduling-1] DEBUG org.hibernate.SQL - 
    /* <criteria> */ select
        oe1_0.id,
        oe1_0.created_at,
        oe1_0.event_id,
        oe1_0.event_type,
        oe1_0.exchange,
        oe1_0.payload,
        oe1_0.published_at,
        oe1_0.retry_count,
        oe1_0.routing_key,
        oe1_0.status 
    from
        outbox_events oe1_0 
    where
        oe1_0.status=? 
        and oe1_0.retry_count<?
2026-06-24 10:57:10 [scheduling-1] DEBUG org.hibernate.SQL - 
    /* <criteria> */ select
        oe1_0.id,
        oe1_0.created_at,
        oe1_0.event_id,
        oe1_0.event_type,
        oe1_0.exchange,
        oe1_0.payload,
        oe1_0.published_at,
        oe1_0.retry_count,
        oe1_0.routing_key,
        oe1_0.status 
    from
        outbox_events oe1_0 
    where
        oe1_0.status=? 
        and oe1_0.retry_count<?
2026-06-24 10:57:15 [scheduling-1] DEBUG org.hibernate.SQL - 
    /* <criteria> */ select
        oe1_0.id,
        oe1_0.created_at,
        oe1_0.event_id,
        oe1_0.event_type,
        oe1_0.exchange,
        oe1_0.payload,
        oe1_0.published_at,
        oe1_0.retry_count,
        oe1_0.routing_key,
        oe1_0.status 
    from
        outbox_events oe1_0 
    where
        oe1_0.status=? 
        and oe1_0.retry_count<?
2026-06-24 10:57:20 [scheduling-1] DEBUG org.hibernate.SQL - 
    /* <criteria> */ select
        oe1_0.id,
        oe1_0.created_at,
        oe1_0.event_id,
        oe1_0.event_type,
        oe1_0.exchange,
        oe1_0.payload,
        oe1_0.published_at,
        oe1_0.retry_count,
        oe1_0.routing_key,
        oe1_0.status 
    from
        outbox_events oe1_0 
    where
        oe1_0.status=? 
        and oe1_0.retry_count<?
