2026-06-24 09:57:04 [main] INFO  c.f.n.c.NotificationControllerTest - Starting NotificationControllerTest using Java 17.0.18 with PID 39828 (started by avilakad in C:\Users\avilakad\OneDrive - Publicis Groupe\Documents\Food-Delivery-main\notification-service)
2026-06-24 09:57:04 [main] INFO  c.f.n.c.NotificationControllerTest - No active profile set, falling back to 1 default profile: "default"
2026-06-24 09:57:04 [main] INFO  o.s.c.c.c.ConfigServerConfigDataLoader - Fetching config from server at : http://localhost:8888
2026-06-24 09:57:04 [main] INFO  o.s.c.c.c.ConfigServerConfigDataLoader - Located environment: name=notification-service, profiles=[default], label=null, version=127b1adee530cd27467179f9b7c7520365be625a, state=null
2026-06-24 09:57:24 [main] WARN  o.s.b.a.s.s.UserDetailsServiceAutoConfiguration - 

Using generated security password: 9b698893-9e9b-4c49-a99f-820c76385942

This generated password is for development use only. Your security configuration must be updated before running your application in production.

2026-06-24 09:57:26 [main] INFO  o.s.s.web.DefaultSecurityFilterChain - Will secure any request with [org.springframework.security.web.session.DisableEncodeUrlFilter@2984638a, org.springframework.security.web.context.request.async.WebAsyncManagerIntegrationFilter@3aba9252, org.springframework.security.web.context.SecurityContextHolderFilter@77aabf26, org.springframework.security.web.header.HeaderWriterFilter@aea96b0, org.springframework.web.filter.CorsFilter@10b51115, org.springframework.security.web.csrf.CsrfFilter@2288342c, org.springframework.security.web.authentication.logout.LogoutFilter@39d547e, org.springframework.security.web.authentication.UsernamePasswordAuthenticationFilter@52889c68, org.springframework.security.web.authentication.ui.DefaultLoginPageGeneratingFilter@77c0457f, org.springframework.security.web.authentication.ui.DefaultLogoutPageGeneratingFilter@56967355, org.springframework.security.web.authentication.www.BasicAuthenticationFilter@6b6829b1, org.springframework.security.web.savedrequest.RequestCacheAwareFilter@304d96b5, org.springframework.security.web.servletapi.SecurityContextHolderAwareRequestFilter@15dcaa32, org.springframework.security.web.authentication.AnonymousAuthenticationFilter@5c04d23e, org.springframework.security.web.access.ExceptionTranslationFilter@2fae65df, org.springframework.security.web.access.intercept.AuthorizationFilter@208c08d2]
2026-06-24 09:57:26 [main] INFO  o.s.b.t.m.w.SpringBootMockServletContext - Initializing Spring TestDispatcherServlet ''
2026-06-24 09:57:26 [main] INFO  o.s.t.w.s.TestDispatcherServlet - Initializing Servlet ''
2026-06-24 09:57:26 [main] INFO  o.s.t.w.s.TestDispatcherServlet - Completed initialization in 9 ms
2026-06-24 09:57:27 [main] INFO  c.f.n.c.NotificationControllerTest - Started NotificationControllerTest in 31.925 seconds (process running for 41.452)
2026-06-24 09:57:33 [main] WARN  c.f.n.e.GlobalExceptionHandler - JSON parsing error for POST request to null: null
2026-06-24 09:57:34 [main] WARN  c.f.n.e.GlobalExceptionHandler - JSON parsing error for PATCH request to /api/notifications/1: null
2026-06-24 09:57:34 [main] WARN  c.f.n.e.GlobalExceptionHandler - JSON parsing error for PUT request to /api/notifications/1: null
2026-06-24 09:57:34 [main] WARN  c.f.n.e.GlobalExceptionHandler - JSON parsing error for POST request to /api/notifications: null
2026-06-24 09:57:38 [main] INFO  c.f.n.NotificationServiceApplication - Starting NotificationServiceApplication using Java 17.0.18 with PID 39828 (started by avilakad in C:\Users\avilakad\OneDrive - Publicis Groupe\Documents\Food-Delivery-main\notification-service)
2026-06-24 09:57:38 [main] INFO  c.f.n.NotificationServiceApplication - No active profile set, falling back to 1 default profile: "default"
2026-06-24 09:57:38 [main] INFO  o.s.c.c.c.ConfigServerConfigDataLoader - Fetching config from server at : http://localhost:8888
2026-06-24 09:57:38 [main] INFO  o.s.c.c.c.ConfigServerConfigDataLoader - Located environment: name=notification-service, profiles=[default], label=null, version=127b1adee530cd27467179f9b7c7520365be625a, state=null
2026-06-24 09:57:42 [main] INFO  o.s.d.r.c.RepositoryConfigurationDelegate - Bootstrapping Spring Data JPA repositories in DEFAULT mode.
2026-06-24 09:57:42 [main] INFO  o.s.d.r.c.RepositoryConfigurationDelegate - Finished Spring Data repository scanning in 408 ms. Found 1 JPA repository interface.
2026-06-24 09:57:44 [main] INFO  o.s.cloud.context.scope.GenericScope - BeanFactory id=6b4db888-695d-3939-97f0-f7b22de8f15a
2026-06-24 09:57:47 [main] WARN  o.s.c.s.PostProcessorRegistrationDelegate$BeanPostProcessorChecker - Bean 'org.springframework.cloud.client.loadbalancer.LoadBalancerAutoConfiguration$RetryInterceptorAutoConfiguration' of type [org.springframework.cloud.client.loadbalancer.LoadBalancerAutoConfiguration$RetryInterceptorAutoConfiguration] is not eligible for getting processed by all BeanPostProcessors (for example: not eligible for auto-proxying). The currently created BeanPostProcessor [lbRestClientPostProcessor] is declared through a non-static factory method on that class; consider declaring it as static instead.
2026-06-24 09:57:47 [main] WARN  o.s.c.s.PostProcessorRegistrationDelegate$BeanPostProcessorChecker - Bean 'org.springframework.cloud.loadbalancer.config.BlockingLoadBalancerClientAutoConfiguration' of type [org.springframework.cloud.loadbalancer.config.BlockingLoadBalancerClientAutoConfiguration] is not eligible for getting processed by all BeanPostProcessors (for example: not eligible for auto-proxying). Is this bean getting eagerly injected into a currently created BeanPostProcessor [lbRestClientPostProcessor]? Check the corresponding BeanPostProcessor declaration and its dependencies.
2026-06-24 09:57:47 [main] WARN  o.s.c.s.PostProcessorRegistrationDelegate$BeanPostProcessorChecker - Bean 'org.springframework.cloud.loadbalancer.config.LoadBalancerAutoConfiguration' of type [org.springframework.cloud.loadbalancer.config.LoadBalancerAutoConfiguration] is not eligible for getting processed by all BeanPostProcessors (for example: not eligible for auto-proxying). Is this bean getting eagerly injected into a currently created BeanPostProcessor [lbRestClientPostProcessor]? Check the corresponding BeanPostProcessor declaration and its dependencies.
2026-06-24 09:57:47 [main] WARN  o.s.c.s.PostProcessorRegistrationDelegate$BeanPostProcessorChecker - Bean 'org.springframework.cloud.commons.config.CommonsConfigAutoConfiguration' of type [org.springframework.cloud.commons.config.CommonsConfigAutoConfiguration] is not eligible for getting processed by all BeanPostProcessors (for example: not eligible for auto-proxying). Is this bean getting eagerly injected into a currently created BeanPostProcessor [lbRestClientPostProcessor]? Check the corresponding BeanPostProcessor declaration and its dependencies.
2026-06-24 09:57:47 [main] WARN  o.s.c.s.PostProcessorRegistrationDelegate$BeanPostProcessorChecker - Bean 'org.springframework.cloud.client.loadbalancer.LoadBalancerDefaultMappingsProviderAutoConfiguration' of type [org.springframework.cloud.client.loadbalancer.LoadBalancerDefaultMappingsProviderAutoConfiguration] is not eligible for getting processed by all BeanPostProcessors (for example: not eligible for auto-proxying). Is this bean getting eagerly injected into a currently created BeanPostProcessor [lbRestClientPostProcessor]? Check the corresponding BeanPostProcessor declaration and its dependencies.
2026-06-24 09:57:47 [main] WARN  o.s.c.s.PostProcessorRegistrationDelegate$BeanPostProcessorChecker - Bean 'loadBalancerClientsDefaultsMappingsProvider' of type [org.springframework.cloud.client.loadbalancer.LoadBalancerDefaultMappingsProviderAutoConfiguration$$Lambda$1432/0x00000193c98a3470] is not eligible for getting processed by all BeanPostProcessors (for example: not eligible for auto-proxying). Is this bean getting eagerly injected into a currently created BeanPostProcessor [lbRestClientPostProcessor]? Check the corresponding BeanPostProcessor declaration and its dependencies.
2026-06-24 09:57:47 [main] WARN  o.s.c.s.PostProcessorRegistrationDelegate$BeanPostProcessorChecker - Bean 'defaultsBindHandlerAdvisor' of type [org.springframework.cloud.commons.config.DefaultsBindHandlerAdvisor] is not eligible for getting processed by all BeanPostProcessors (for example: not eligible for auto-proxying). Is this bean getting eagerly injected into a currently created BeanPostProcessor [lbRestClientPostProcessor]? Check the corresponding BeanPostProcessor declaration and its dependencies.
2026-06-24 09:57:47 [main] WARN  o.s.c.s.PostProcessorRegistrationDelegate$BeanPostProcessorChecker - Bean 'spring.cloud.loadbalancer-org.springframework.cloud.client.loadbalancer.LoadBalancerClientsProperties' of type [org.springframework.cloud.client.loadbalancer.LoadBalancerClientsProperties] is not eligible for getting processed by all BeanPostProcessors (for example: not eligible for auto-proxying). Is this bean getting eagerly injected into a currently created BeanPostProcessor [lbRestClientPostProcessor]? Check the corresponding BeanPostProcessor declaration and its dependencies.
2026-06-24 09:57:47 [main] WARN  o.s.c.s.PostProcessorRegistrationDelegate$BeanPostProcessorChecker - Bean 'default.org.springframework.cloud.loadbalancer.config.LoadBalancerAutoConfiguration.LoadBalancerClientSpecification' of type [org.springframework.cloud.loadbalancer.annotation.LoadBalancerClientSpecification] is not eligible for getting processed by all BeanPostProcessors (for example: not eligible for auto-proxying). Is this bean getting eagerly injected into a currently created BeanPostProcessor [lbRestClientPostProcessor]? Check the corresponding BeanPostProcessor declaration and its dependencies.
2026-06-24 09:57:47 [main] WARN  o.s.c.s.PostProcessorRegistrationDelegate$BeanPostProcessorChecker - Bean 'default.org.springframework.cloud.loadbalancer.config.BlockingLoadBalancerClientAutoConfiguration.LoadBalancerClientSpecification' of type [org.springframework.cloud.loadbalancer.annotation.LoadBalancerClientSpecification] is not eligible for getting processed by all BeanPostProcessors (for example: not eligible for auto-proxying). Is this bean getting eagerly injected into a currently created BeanPostProcessor [lbRestClientPostProcessor]? Check the corresponding BeanPostProcessor declaration and its dependencies.
2026-06-24 09:57:47 [main] WARN  o.s.c.s.PostProcessorRegistrationDelegate$BeanPostProcessorChecker - Bean 'loadBalancerClientFactory' of type [org.springframework.cloud.loadbalancer.support.LoadBalancerClientFactory] is not eligible for getting processed by all BeanPostProcessors (for example: not eligible for auto-proxying). Is this bean getting eagerly injected into a currently created BeanPostProcessor [lbRestClientPostProcessor]? Check the corresponding BeanPostProcessor declaration and its dependencies.
2026-06-24 09:57:47 [main] WARN  o.s.c.s.PostProcessorRegistrationDelegate$BeanPostProcessorChecker - Bean 'blockingLoadBalancerClient' of type [org.springframework.cloud.loadbalancer.blocking.client.BlockingLoadBalancerClient] is not eligible for getting processed by all BeanPostProcessors (for example: not eligible for auto-proxying). Is this bean getting eagerly injected into a currently created BeanPostProcessor [lbRestClientPostProcessor]? Check the corresponding BeanPostProcessor declaration and its dependencies.
2026-06-24 09:57:47 [main] WARN  o.s.c.s.PostProcessorRegistrationDelegate$BeanPostProcessorChecker - Bean 'loadBalancerServiceInstanceCookieTransformer' of type [org.springframework.cloud.loadbalancer.core.LoadBalancerServiceInstanceCookieTransformer] is not eligible for getting processed by all BeanPostProcessors (for example: not eligible for auto-proxying). Is this bean getting eagerly injected into a currently created BeanPostProcessor [lbRestClientPostProcessor]? Check the corresponding BeanPostProcessor declaration and its dependencies.
2026-06-24 09:57:47 [main] WARN  o.s.c.s.PostProcessorRegistrationDelegate$BeanPostProcessorChecker - Bean 'xForwarderHeadersTransformer' of type [org.springframework.cloud.loadbalancer.blocking.XForwardedHeadersTransformer] is not eligible for getting processed by all BeanPostProcessors (for example: not eligible for auto-proxying). Is this bean getting eagerly injected into a currently created BeanPostProcessor [lbRestClientPostProcessor]? Check the corresponding BeanPostProcessor declaration and its dependencies.
2026-06-24 09:57:47 [main] WARN  o.s.c.s.PostProcessorRegistrationDelegate$BeanPostProcessorChecker - Bean 'org.springframework.cloud.client.loadbalancer.LoadBalancerAutoConfiguration' of type [org.springframework.cloud.client.loadbalancer.LoadBalancerAutoConfiguration] is not eligible for getting processed by all BeanPostProcessors (for example: not eligible for auto-proxying). Is this bean getting eagerly injected into a currently created BeanPostProcessor [lbRestClientPostProcessor]? Check the corresponding BeanPostProcessor declaration and its dependencies.
2026-06-24 09:57:47 [main] WARN  o.s.c.s.PostProcessorRegistrationDelegate$BeanPostProcessorChecker - Bean 'loadBalancerRequestFactory' of type [org.springframework.cloud.client.loadbalancer.LoadBalancerRequestFactory] is not eligible for getting processed by all BeanPostProcessors (for example: not eligible for auto-proxying). Is this bean getting eagerly injected into a currently created BeanPostProcessor [lbRestClientPostProcessor]? Check the corresponding BeanPostProcessor declaration and its dependencies.
2026-06-24 09:57:47 [main] WARN  o.s.c.s.PostProcessorRegistrationDelegate$BeanPostProcessorChecker - Bean 'org.springframework.cloud.loadbalancer.config.BlockingLoadBalancerClientAutoConfiguration$BlockingLoadBalancerRetryConfig' of type [org.springframework.cloud.loadbalancer.config.BlockingLoadBalancerClientAutoConfiguration$BlockingLoadBalancerRetryConfig$$SpringCGLIB$$0] is not eligible for getting processed by all BeanPostProcessors (for example: not eligible for auto-proxying). Is this bean getting eagerly injected into a currently created BeanPostProcessor [lbRestClientPostProcessor]? Check the corresponding BeanPostProcessor declaration and its dependencies.
2026-06-24 09:57:48 [main] WARN  o.s.c.s.PostProcessorRegistrationDelegate$BeanPostProcessorChecker - Bean 'loadBalancedRetryFactory' of type [org.springframework.cloud.loadbalancer.blocking.retry.BlockingLoadBalancedRetryFactory] is not eligible for getting processed by all BeanPostProcessors (for example: not eligible for auto-proxying). Is this bean getting eagerly injected into a currently created BeanPostProcessor [lbRestClientPostProcessor]? Check the corresponding BeanPostProcessor declaration and its dependencies.
2026-06-24 09:57:48 [main] WARN  o.s.c.s.PostProcessorRegistrationDelegate$BeanPostProcessorChecker - Bean 'loadBalancerInterceptor' of type [org.springframework.cloud.client.loadbalancer.RetryLoadBalancerInterceptor] is not eligible for getting processed by all BeanPostProcessors (for example: not eligible for auto-proxying). Is this bean getting eagerly injected into a currently created BeanPostProcessor [lbRestClientPostProcessor]? Check the corresponding BeanPostProcessor declaration and its dependencies.
2026-06-24 09:57:50 [main] INFO  o.s.b.w.e.tomcat.TomcatWebServer - Tomcat initialized with port 0 (http)
2026-06-24 09:57:51 [main] INFO  o.a.catalina.core.StandardService - Starting service [Tomcat]
2026-06-24 09:57:51 [main] INFO  o.a.catalina.core.StandardEngine - Starting Servlet engine: [Apache Tomcat/10.1.16]
2026-06-24 09:57:51 [main] INFO  o.a.c.c.C.[Tomcat].[localhost].[/] - Initializing Spring embedded WebApplicationContext
2026-06-24 09:57:51 [main] INFO  o.s.b.w.s.c.ServletWebServerApplicationContext - Root WebApplicationContext: initialization completed in 13611 ms
2026-06-24 09:57:55 [main] INFO  o.h.jpa.internal.util.LogHelper - HHH000204: Processing PersistenceUnitInfo [name: default]
2026-06-24 09:57:55 [main] INFO  org.hibernate.Version - HHH000412: Hibernate ORM core version 6.3.1.Final
2026-06-24 09:57:55 [main] INFO  o.h.c.i.RegionFactoryInitiator - HHH000026: Second-level cache disabled
2026-06-24 09:57:56 [main] INFO  o.s.o.j.p.SpringPersistenceUnitInfo - No LoadTimeWeaver setup: ignoring JPA class transformer
2026-06-24 09:57:57 [main] INFO  com.zaxxer.hikari.HikariDataSource - NotificationServiceHikariPool - Starting...
2026-06-24 09:58:00 [main] INFO  com.zaxxer.hikari.pool.HikariPool - NotificationServiceHikariPool - Added connection conn0: url=jdbc:h2:mem:notifmain user=SA
2026-06-24 09:58:01 [main] INFO  com.zaxxer.hikari.HikariDataSource - NotificationServiceHikariPool - Start completed.
2026-06-24 09:58:01 [main] WARN  org.hibernate.dialect.Dialect - HHH000511: The 2.2.0 version for [org.hibernate.dialect.PostgreSQLDialect] is no longer supported, hence certain features may not work properly. The minimum supported version is 11.0.0. Check the community dialects project for available legacy versions.
2026-06-24 09:58:01 [main] WARN  org.hibernate.orm.deprecation - HHH90000025: PostgreSQLDialect does not need to be specified explicitly using 'hibernate.dialect' (remove the property setting and it will be selected by default)
2026-06-24 09:58:09 [main] INFO  o.h.e.t.j.p.i.JtaPlatformInitiator - HHH000489: No JTA platform available (set 'hibernate.transaction.jta.platform' to enable JTA platform integration)
2026-06-24 09:58:09 [main] DEBUG org.hibernate.SQL - 
    drop table if exists notifications cascade
2026-06-24 09:58:09 [main] DEBUG org.hibernate.SQL - 
    create table notifications (
        is_read boolean,
        created_at timestamp(6) not null,
        id bigserial not null,
        updated_at timestamp(6),
        user_id bigint not null,
        status varchar(20),
        type varchar(50) not null,
        message varchar(1000) not null,
        title varchar(255) not null,
        primary key (id)
    )
2026-06-24 09:58:09 [main] INFO  o.s.o.j.LocalContainerEntityManagerFactoryBean - Initialized JPA EntityManagerFactory for persistence unit 'default'
2026-06-24 09:58:12 [main] INFO  o.s.d.j.r.query.QueryEnhancerFactory - Hibernate is in classpath; If applicable, HQL parser will be used.
2026-06-24 09:58:21 [main] WARN  o.s.b.a.s.s.UserDetailsServiceAutoConfiguration - 

Using generated security password: 85fdd3d9-c060-4aef-bc20-7530f1a411b2

This generated password is for development use only. Your security configuration must be updated before running your application in production.

2026-06-24 09:58:23 [main] INFO  o.s.b.a.e.web.EndpointLinksResolver - Exposing 5 endpoint(s) beneath base path '/actuator'
2026-06-24 09:58:24 [main] INFO  o.s.s.web.DefaultSecurityFilterChain - Will secure any request with [org.springframework.security.web.session.DisableEncodeUrlFilter@7afcb504, org.springframework.security.web.context.request.async.WebAsyncManagerIntegrationFilter@5fbc138e, org.springframework.security.web.context.SecurityContextHolderFilter@3632a9fa, org.springframework.security.web.header.HeaderWriterFilter@795ae889, org.springframework.web.filter.CorsFilter@5dbd30f, org.springframework.security.web.authentication.logout.LogoutFilter@23d27066, com.fooddelivery.notification.security.JwtAuthenticationFilter@3eae10be, org.springframework.security.web.savedrequest.RequestCacheAwareFilter@1de152a2, org.springframework.security.web.servletapi.SecurityContextHolderAwareRequestFilter@2d23b27c, org.springframework.security.web.authentication.AnonymousAuthenticationFilter@451349c9, org.springframework.security.web.session.SessionManagementFilter@7ffce82a, org.springframework.security.web.access.ExceptionTranslationFilter@3c2db405, org.springframework.security.web.access.intercept.AuthorizationFilter@6f4ca29c]
2026-06-24 09:58:28 [main] INFO  o.s.c.n.e.c.DiscoveryClientOptionalArgsConfiguration - Eureka HTTP Client uses RestTemplate.
2026-06-24 09:58:29 [main] WARN  o.s.c.l.c.LoadBalancerCacheAutoConfiguration$LoadBalancerCaffeineWarnLogger - Spring Cloud LoadBalancer is currently working with the default cache. While this cache implementation is useful for development and tests, it's recommended to use Caffeine cache in production.You can switch to using Caffeine cache, by adding it and org.springframework.cache.caffeine.CaffeineCacheManager to the classpath.
2026-06-24 09:58:32 [main] INFO  o.s.b.w.e.tomcat.TomcatWebServer - Tomcat started on port 50305 (http) with context path ''
2026-06-24 09:58:37 [main] INFO  o.s.a.r.c.CachingConnectionFactory - Attempting to connect to: [localhost:5672]
2026-06-24 09:58:38 [main] INFO  o.s.a.r.c.CachingConnectionFactory - Created new connection: rabbitConnectionFactory#7ab5bbb:0/SimpleConnection@3515c81f [delegate=amqp://guest@127.0.0.1:5672/, localPort=50314]
2026-06-24 09:58:38 [main] INFO  o.s.amqp.rabbit.core.RabbitAdmin - Auto-declaring a non-durable or auto-delete Exchange (order.exchange) durable:false, auto-delete:false. It will be deleted by the broker if it shuts down, and can be redeclared by closing and reopening the connection.
2026-06-24 09:58:38 [main] INFO  o.s.amqp.rabbit.core.RabbitAdmin - Auto-declaring a non-durable or auto-delete Exchange (payment.exchange) durable:false, auto-delete:false. It will be deleted by the broker if it shuts down, and can be redeclared by closing and reopening the connection.
2026-06-24 09:58:38 [main] INFO  o.s.amqp.rabbit.core.RabbitAdmin - Auto-declaring a non-durable or auto-delete Exchange (restaurant.exchange) durable:false, auto-delete:false. It will be deleted by the broker if it shuts down, and can be redeclared by closing and reopening the connection.
2026-06-24 09:58:38 [main] INFO  o.s.amqp.rabbit.core.RabbitAdmin - Auto-declaring a non-durable or auto-delete Exchange (notification.exchange) durable:false, auto-delete:false. It will be deleted by the broker if it shuts down, and can be redeclared by closing and reopening the connection.
2026-06-24 09:58:38 [main] INFO  o.s.amqp.rabbit.core.RabbitAdmin - Auto-declaring a non-durable or auto-delete Exchange (dlx.exchange) durable:false, auto-delete:false. It will be deleted by the broker if it shuts down, and can be redeclared by closing and reopening the connection.
2026-06-24 09:58:38 [main] INFO  o.s.amqp.rabbit.core.RabbitAdmin - Auto-declaring a non-durable, auto-delete, or exclusive Queue (order.created.queue) durable:false, auto-delete:false, exclusive:false. It will be redeclared if the broker stops and is restarted while the connection factory is alive, but all messages will be lost.
2026-06-24 09:58:38 [main] INFO  o.s.amqp.rabbit.core.RabbitAdmin - Auto-declaring a non-durable, auto-delete, or exclusive Queue (order.confirmed.queue) durable:false, auto-delete:false, exclusive:false. It will be redeclared if the broker stops and is restarted while the connection factory is alive, but all messages will be lost.
2026-06-24 09:58:38 [main] INFO  o.s.amqp.rabbit.core.RabbitAdmin - Auto-declaring a non-durable, auto-delete, or exclusive Queue (order.cancelled.queue) durable:false, auto-delete:false, exclusive:false. It will be redeclared if the broker stops and is restarted while the connection factory is alive, but all messages will be lost.
2026-06-24 09:58:38 [main] INFO  o.s.amqp.rabbit.core.RabbitAdmin - Auto-declaring a non-durable, auto-delete, or exclusive Queue (payment.success.queue) durable:false, auto-delete:false, exclusive:false. It will be redeclared if the broker stops and is restarted while the connection factory is alive, but all messages will be lost.
2026-06-24 09:58:38 [main] INFO  o.s.amqp.rabbit.core.RabbitAdmin - Auto-declaring a non-durable, auto-delete, or exclusive Queue (payment.failed.queue) durable:false, auto-delete:false, exclusive:false. It will be redeclared if the broker stops and is restarted while the connection factory is alive, but all messages will be lost.
2026-06-24 09:58:38 [main] INFO  o.s.amqp.rabbit.core.RabbitAdmin - Auto-declaring a non-durable, auto-delete, or exclusive Queue (restaurant.accepted.queue) durable:false, auto-delete:false, exclusive:false. It will be redeclared if the broker stops and is restarted while the connection factory is alive, but all messages will be lost.
2026-06-24 09:58:38 [main] INFO  o.s.amqp.rabbit.core.RabbitAdmin - Auto-declaring a non-durable, auto-delete, or exclusive Queue (restaurant.rejected.queue) durable:false, auto-delete:false, exclusive:false. It will be redeclared if the broker stops and is restarted while the connection factory is alive, but all messages will be lost.
2026-06-24 09:58:41 [main] INFO  c.f.n.NotificationServiceApplication - Started NotificationServiceApplication in 66.46 seconds (process running for 115.485)
2026-06-24 09:58:41 [org.springframework.amqp.rabbit.RabbitListenerEndpointContainer#0-2] INFO  o.s.a.r.l.SimpleMessageListenerContainer - Waiting for workers to finish.
2026-06-24 09:58:41 [org.springframework.amqp.rabbit.RabbitListenerEndpointContainer#1-2] INFO  o.s.a.r.l.SimpleMessageListenerContainer - Waiting for workers to finish.
2026-06-24 09:58:41 [org.springframework.amqp.rabbit.RabbitListenerEndpointContainer#2-2] INFO  o.s.a.r.l.SimpleMessageListenerContainer - Waiting for workers to finish.
2026-06-24 09:58:41 [org.springframework.amqp.rabbit.RabbitListenerEndpointContainer#0-2] INFO  o.s.a.r.l.SimpleMessageListenerContainer - Successfully waited for workers to finish.
2026-06-24 09:58:41 [main] INFO  c.f.n.service.NotificationService - 
=================================================
           NOTIFICATION SENT
=================================================
Timestamp: 2026-06-24 09:58:41
User ID: 1
Type: ORDER_CREATED
Message: Test notification message
=================================================

2026-06-24 09:58:41 [main] INFO  c.f.n.service.NotificationService - 
=================================================
           NOTIFICATION SENT
=================================================
Timestamp: 2026-06-24 09:58:41
User ID: 1
Type: ORDER_CREATED
Message: Test notification message
=================================================

2026-06-24 09:58:41 [main] INFO  c.f.n.service.NotificationService - 
=================================================
           NOTIFICATION SENT
=================================================
Timestamp: 2026-06-24 09:58:41
User ID: 1
Type: WELCOME
Message: Welcome to Food Delivery App, John Doe! Your account has been created successfully.
=================================================

2026-06-24 09:58:41 [org.springframework.amqp.rabbit.RabbitListenerEndpointContainer#1-2] INFO  o.s.a.r.l.SimpleMessageListenerContainer - Successfully waited for workers to finish.
2026-06-24 09:58:41 [main] INFO  c.f.n.service.NotificationService - 
=================================================
           NOTIFICATION SENT
=================================================
Timestamp: 2026-06-24 09:58:41
User ID: 1
Type: ORDER_CREATED
Message: Test notification message
=================================================

2026-06-24 09:58:42 [org.springframework.amqp.rabbit.RabbitListenerEndpointContainer#2-2] INFO  o.s.a.r.l.SimpleMessageListenerContainer - Successfully waited for workers to finish.
2026-06-24 09:58:42 [main] INFO  c.f.n.service.NotificationService - 
=================================================
           NOTIFICATION SENT
=================================================
Timestamp: 2026-06-24 09:58:42
User ID: 1
Type: PAYMENT_UPDATE
Message: Payment SUCCESS. Transaction ID: TXN123456
=================================================

2026-06-24 09:58:42 [SpringApplicationShutdownHook] INFO  o.s.o.j.LocalContainerEntityManagerFactoryBean - Closing JPA EntityManagerFactory for persistence unit 'default'
2026-06-24 09:58:42 [SpringApplicationShutdownHook] DEBUG org.hibernate.SQL - 
    drop table if exists notifications cascade
2026-06-24 09:58:42 [SpringApplicationShutdownHook] INFO  com.zaxxer.hikari.HikariDataSource - NotificationServiceHikariPool - Shutdown initiated...
2026-06-24 09:58:42 [SpringApplicationShutdownHook] INFO  com.zaxxer.hikari.HikariDataSource - NotificationServiceHikariPool - Shutdown completed.
2026-06-24 09:58:42 [main] INFO  c.f.n.service.NotificationService - 
=================================================
           NOTIFICATION SENT
=================================================
Timestamp: 2026-06-24 09:58:42
User ID: 1
Type: ORDER_CREATED
Message: Test notification message
=================================================

2026-06-24 09:58:42 [main] INFO  c.f.n.service.NotificationService - 
=================================================
           NOTIFICATION SENT
=================================================
Timestamp: 2026-06-24 09:58:42
User ID: 1
Type: ORDER_STATUS_UPDATE
Message: Your order #123 status has been updated to: CONFIRMED
=================================================

2026-06-24 09:58:42 [main] INFO  c.f.n.service.NotificationService - 
=================================================
           SMS NOTIFICATION
=================================================
Timestamp: 2026-06-24 09:58:42
To User ID: 1
SMS Message: Test notification message
Type: ORDER_CREATED
Status: DELIVERED
=================================================

2026-06-24 09:58:42 [main] INFO  c.f.n.service.NotificationService - 
=================================================
           EMAIL NOTIFICATION
=================================================
Timestamp: 2026-06-24 09:58:42
To User ID: 1
Subject: Food Delivery Update
Message: Test notification message
Type: ORDER_CREATED
Status: SENT
=================================================

2026-06-24 10:00:32 [main] INFO  c.f.n.NotificationServiceApplication - Starting NotificationServiceApplication using Java 17.0.18 with PID 29308 (C:\Users\avilakad\OneDrive - Publicis Groupe\Documents\Food-Delivery-main\notification-service\target\classes started by avilakad in C:\Users\avilakad\OneDrive - Publicis Groupe\Documents\Food-Delivery-main\notification-service)
2026-06-24 10:00:32 [main] INFO  c.f.n.NotificationServiceApplication - No active profile set, falling back to 1 default profile: "default"
2026-06-24 10:00:32 [main] INFO  o.s.c.c.c.ConfigServerConfigDataLoader - Fetching config from server at : http://localhost:8888
2026-06-24 10:00:32 [main] INFO  o.s.c.c.c.ConfigServerConfigDataLoader - Located environment: name=notification-service, profiles=[default], label=null, version=127b1adee530cd27467179f9b7c7520365be625a, state=null
2026-06-24 10:00:34 [main] INFO  o.s.d.r.c.RepositoryConfigurationDelegate - Bootstrapping Spring Data JPA repositories in DEFAULT mode.
2026-06-24 10:00:34 [main] INFO  o.s.d.r.c.RepositoryConfigurationDelegate - Finished Spring Data repository scanning in 137 ms. Found 1 JPA repository interface.
2026-06-24 10:00:34 [main] INFO  o.s.cloud.context.scope.GenericScope - BeanFactory id=5695bdd2-c3b2-30a9-a0d8-59956869b4bf
2026-06-24 10:00:35 [main] WARN  o.s.c.s.PostProcessorRegistrationDelegate$BeanPostProcessorChecker - Bean 'org.springframework.cloud.client.loadbalancer.LoadBalancerAutoConfiguration$RetryInterceptorAutoConfiguration' of type [org.springframework.cloud.client.loadbalancer.LoadBalancerAutoConfiguration$RetryInterceptorAutoConfiguration] is not eligible for getting processed by all BeanPostProcessors (for example: not eligible for auto-proxying). The currently created BeanPostProcessor [lbRestClientPostProcessor] is declared through a non-static factory method on that class; consider declaring it as static instead.
2026-06-24 10:00:35 [main] WARN  o.s.c.s.PostProcessorRegistrationDelegate$BeanPostProcessorChecker - Bean 'org.springframework.cloud.loadbalancer.config.BlockingLoadBalancerClientAutoConfiguration' of type [org.springframework.cloud.loadbalancer.config.BlockingLoadBalancerClientAutoConfiguration] is not eligible for getting processed by all BeanPostProcessors (for example: not eligible for auto-proxying). Is this bean getting eagerly injected into a currently created BeanPostProcessor [lbRestClientPostProcessor]? Check the corresponding BeanPostProcessor declaration and its dependencies.
2026-06-24 10:00:35 [main] WARN  o.s.c.s.PostProcessorRegistrationDelegate$BeanPostProcessorChecker - Bean 'org.springframework.cloud.loadbalancer.config.LoadBalancerAutoConfiguration' of type [org.springframework.cloud.loadbalancer.config.LoadBalancerAutoConfiguration] is not eligible for getting processed by all BeanPostProcessors (for example: not eligible for auto-proxying). Is this bean getting eagerly injected into a currently created BeanPostProcessor [lbRestClientPostProcessor]? Check the corresponding BeanPostProcessor declaration and its dependencies.
2026-06-24 10:00:35 [main] WARN  o.s.c.s.PostProcessorRegistrationDelegate$BeanPostProcessorChecker - Bean 'org.springframework.cloud.commons.config.CommonsConfigAutoConfiguration' of type [org.springframework.cloud.commons.config.CommonsConfigAutoConfiguration] is not eligible for getting processed by all BeanPostProcessors (for example: not eligible for auto-proxying). Is this bean getting eagerly injected into a currently created BeanPostProcessor [lbRestClientPostProcessor]? Check the corresponding BeanPostProcessor declaration and its dependencies.
2026-06-24 10:00:35 [main] WARN  o.s.c.s.PostProcessorRegistrationDelegate$BeanPostProcessorChecker - Bean 'org.springframework.cloud.client.loadbalancer.LoadBalancerDefaultMappingsProviderAutoConfiguration' of type [org.springframework.cloud.client.loadbalancer.LoadBalancerDefaultMappingsProviderAutoConfiguration] is not eligible for getting processed by all BeanPostProcessors (for example: not eligible for auto-proxying). Is this bean getting eagerly injected into a currently created BeanPostProcessor [lbRestClientPostProcessor]? Check the corresponding BeanPostProcessor declaration and its dependencies.
2026-06-24 10:00:35 [main] WARN  o.s.c.s.PostProcessorRegistrationDelegate$BeanPostProcessorChecker - Bean 'loadBalancerClientsDefaultsMappingsProvider' of type [org.springframework.cloud.client.loadbalancer.LoadBalancerDefaultMappingsProviderAutoConfiguration$$Lambda$671/0x000001610a50d9f0] is not eligible for getting processed by all BeanPostProcessors (for example: not eligible for auto-proxying). Is this bean getting eagerly injected into a currently created BeanPostProcessor [lbRestClientPostProcessor]? Check the corresponding BeanPostProcessor declaration and its dependencies.
2026-06-24 10:00:35 [main] WARN  o.s.c.s.PostProcessorRegistrationDelegate$BeanPostProcessorChecker - Bean 'defaultsBindHandlerAdvisor' of type [org.springframework.cloud.commons.config.DefaultsBindHandlerAdvisor] is not eligible for getting processed by all BeanPostProcessors (for example: not eligible for auto-proxying). Is this bean getting eagerly injected into a currently created BeanPostProcessor [lbRestClientPostProcessor]? Check the corresponding BeanPostProcessor declaration and its dependencies.
2026-06-24 10:00:35 [main] WARN  o.s.c.s.PostProcessorRegistrationDelegate$BeanPostProcessorChecker - Bean 'spring.cloud.loadbalancer-org.springframework.cloud.client.loadbalancer.LoadBalancerClientsProperties' of type [org.springframework.cloud.client.loadbalancer.LoadBalancerClientsProperties] is not eligible for getting processed by all BeanPostProcessors (for example: not eligible for auto-proxying). Is this bean getting eagerly injected into a currently created BeanPostProcessor [lbRestClientPostProcessor]? Check the corresponding BeanPostProcessor declaration and its dependencies.
2026-06-24 10:00:35 [main] WARN  o.s.c.s.PostProcessorRegistrationDelegate$BeanPostProcessorChecker - Bean 'default.org.springframework.cloud.loadbalancer.config.LoadBalancerAutoConfiguration.LoadBalancerClientSpecification' of type [org.springframework.cloud.loadbalancer.annotation.LoadBalancerClientSpecification] is not eligible for getting processed by all BeanPostProcessors (for example: not eligible for auto-proxying). Is this bean getting eagerly injected into a currently created BeanPostProcessor [lbRestClientPostProcessor]? Check the corresponding BeanPostProcessor declaration and its dependencies.
2026-06-24 10:00:35 [main] WARN  o.s.c.s.PostProcessorRegistrationDelegate$BeanPostProcessorChecker - Bean 'default.org.springframework.cloud.loadbalancer.config.BlockingLoadBalancerClientAutoConfiguration.LoadBalancerClientSpecification' of type [org.springframework.cloud.loadbalancer.annotation.LoadBalancerClientSpecification] is not eligible for getting processed by all BeanPostProcessors (for example: not eligible for auto-proxying). Is this bean getting eagerly injected into a currently created BeanPostProcessor [lbRestClientPostProcessor]? Check the corresponding BeanPostProcessor declaration and its dependencies.
2026-06-24 10:00:35 [main] WARN  o.s.c.s.PostProcessorRegistrationDelegate$BeanPostProcessorChecker - Bean 'default.org.springframework.cloud.netflix.eureka.loadbalancer.LoadBalancerEurekaAutoConfiguration.LoadBalancerClientSpecification' of type [org.springframework.cloud.loadbalancer.annotation.LoadBalancerClientSpecification] is not eligible for getting processed by all BeanPostProcessors (for example: not eligible for auto-proxying). Is this bean getting eagerly injected into a currently created BeanPostProcessor [lbRestClientPostProcessor]? Check the corresponding BeanPostProcessor declaration and its dependencies.
2026-06-24 10:00:35 [main] WARN  o.s.c.s.PostProcessorRegistrationDelegate$BeanPostProcessorChecker - Bean 'loadBalancerClientFactory' of type [org.springframework.cloud.loadbalancer.support.LoadBalancerClientFactory] is not eligible for getting processed by all BeanPostProcessors (for example: not eligible for auto-proxying). Is this bean getting eagerly injected into a currently created BeanPostProcessor [lbRestClientPostProcessor]? Check the corresponding BeanPostProcessor declaration and its dependencies.
2026-06-24 10:00:35 [main] WARN  o.s.c.s.PostProcessorRegistrationDelegate$BeanPostProcessorChecker - Bean 'blockingLoadBalancerClient' of type [org.springframework.cloud.loadbalancer.blocking.client.BlockingLoadBalancerClient] is not eligible for getting processed by all BeanPostProcessors (for example: not eligible for auto-proxying). Is this bean getting eagerly injected into a currently created BeanPostProcessor [lbRestClientPostProcessor]? Check the corresponding BeanPostProcessor declaration and its dependencies.
2026-06-24 10:00:35 [main] WARN  o.s.c.s.PostProcessorRegistrationDelegate$BeanPostProcessorChecker - Bean 'loadBalancerServiceInstanceCookieTransformer' of type [org.springframework.cloud.loadbalancer.core.LoadBalancerServiceInstanceCookieTransformer] is not eligible for getting processed by all BeanPostProcessors (for example: not eligible for auto-proxying). Is this bean getting eagerly injected into a currently created BeanPostProcessor [lbRestClientPostProcessor]? Check the corresponding BeanPostProcessor declaration and its dependencies.
2026-06-24 10:00:35 [main] WARN  o.s.c.s.PostProcessorRegistrationDelegate$BeanPostProcessorChecker - Bean 'xForwarderHeadersTransformer' of type [org.springframework.cloud.loadbalancer.blocking.XForwardedHeadersTransformer] is not eligible for getting processed by all BeanPostProcessors (for example: not eligible for auto-proxying). Is this bean getting eagerly injected into a currently created BeanPostProcessor [lbRestClientPostProcessor]? Check the corresponding BeanPostProcessor declaration and its dependencies.
2026-06-24 10:00:35 [main] WARN  o.s.c.s.PostProcessorRegistrationDelegate$BeanPostProcessorChecker - Bean 'org.springframework.cloud.client.loadbalancer.LoadBalancerAutoConfiguration' of type [org.springframework.cloud.client.loadbalancer.LoadBalancerAutoConfiguration] is not eligible for getting processed by all BeanPostProcessors (for example: not eligible for auto-proxying). Is this bean getting eagerly injected into a currently created BeanPostProcessor [lbRestClientPostProcessor]? Check the corresponding BeanPostProcessor declaration and its dependencies.
2026-06-24 10:00:35 [main] WARN  o.s.c.s.PostProcessorRegistrationDelegate$BeanPostProcessorChecker - Bean 'loadBalancerRequestFactory' of type [org.springframework.cloud.client.loadbalancer.LoadBalancerRequestFactory] is not eligible for getting processed by all BeanPostProcessors (for example: not eligible for auto-proxying). Is this bean getting eagerly injected into a currently created BeanPostProcessor [lbRestClientPostProcessor]? Check the corresponding BeanPostProcessor declaration and its dependencies.
2026-06-24 10:00:35 [main] WARN  o.s.c.s.PostProcessorRegistrationDelegate$BeanPostProcessorChecker - Bean 'org.springframework.cloud.loadbalancer.config.BlockingLoadBalancerClientAutoConfiguration$BlockingLoadBalancerRetryConfig' of type [org.springframework.cloud.loadbalancer.config.BlockingLoadBalancerClientAutoConfiguration$BlockingLoadBalancerRetryConfig$$SpringCGLIB$$0] is not eligible for getting processed by all BeanPostProcessors (for example: not eligible for auto-proxying). Is this bean getting eagerly injected into a currently created BeanPostProcessor [lbRestClientPostProcessor]? Check the corresponding BeanPostProcessor declaration and its dependencies.
2026-06-24 10:00:35 [main] WARN  o.s.c.s.PostProcessorRegistrationDelegate$BeanPostProcessorChecker - Bean 'loadBalancedRetryFactory' of type [org.springframework.cloud.loadbalancer.blocking.retry.BlockingLoadBalancedRetryFactory] is not eligible for getting processed by all BeanPostProcessors (for example: not eligible for auto-proxying). Is this bean getting eagerly injected into a currently created BeanPostProcessor [lbRestClientPostProcessor]? Check the corresponding BeanPostProcessor declaration and its dependencies.
2026-06-24 10:00:35 [main] WARN  o.s.c.s.PostProcessorRegistrationDelegate$BeanPostProcessorChecker - Bean 'loadBalancerInterceptor' of type [org.springframework.cloud.client.loadbalancer.RetryLoadBalancerInterceptor] is not eligible for getting processed by all BeanPostProcessors (for example: not eligible for auto-proxying). Is this bean getting eagerly injected into a currently created BeanPostProcessor [lbRestClientPostProcessor]? Check the corresponding BeanPostProcessor declaration and its dependencies.
2026-06-24 10:00:35 [main] INFO  o.s.b.w.e.tomcat.TomcatWebServer - Tomcat initialized with port 8081 (http)
2026-06-24 10:00:35 [main] INFO  o.a.catalina.core.StandardService - Starting service [Tomcat]
2026-06-24 10:00:35 [main] INFO  o.a.catalina.core.StandardEngine - Starting Servlet engine: [Apache Tomcat/10.1.16]
2026-06-24 10:00:35 [main] INFO  o.a.c.c.C.[Tomcat].[localhost].[/] - Initializing Spring embedded WebApplicationContext
2026-06-24 10:00:35 [main] INFO  o.s.b.w.s.c.ServletWebServerApplicationContext - Root WebApplicationContext: initialization completed in 2974 ms
2026-06-24 10:00:36 [main] INFO  o.h.jpa.internal.util.LogHelper - HHH000204: Processing PersistenceUnitInfo [name: default]
2026-06-24 10:00:36 [main] INFO  org.hibernate.Version - HHH000412: Hibernate ORM core version 6.3.1.Final
2026-06-24 10:00:36 [main] INFO  o.h.c.i.RegionFactoryInitiator - HHH000026: Second-level cache disabled
2026-06-24 10:00:36 [main] INFO  o.s.o.j.p.SpringPersistenceUnitInfo - No LoadTimeWeaver setup: ignoring JPA class transformer
2026-06-24 10:00:37 [main] INFO  com.zaxxer.hikari.HikariDataSource - NotificationServiceHikariPool - Starting...
2026-06-24 10:00:37 [main] INFO  com.zaxxer.hikari.pool.HikariPool - NotificationServiceHikariPool - Added connection org.postgresql.jdbc.PgConnection@e638553
2026-06-24 10:00:37 [main] INFO  com.zaxxer.hikari.HikariDataSource - NotificationServiceHikariPool - Start completed.
2026-06-24 10:00:37 [main] WARN  org.hibernate.orm.deprecation - HHH90000025: PostgreSQLDialect does not need to be specified explicitly using 'hibernate.dialect' (remove the property setting and it will be selected by default)
2026-06-24 10:00:38 [main] INFO  o.h.e.t.j.p.i.JtaPlatformInitiator - HHH000489: No JTA platform available (set 'hibernate.transaction.jta.platform' to enable JTA platform integration)
2026-06-24 10:00:38 [main] INFO  o.s.o.j.LocalContainerEntityManagerFactoryBean - Initialized JPA EntityManagerFactory for persistence unit 'default'
2026-06-24 10:00:39 [main] INFO  o.s.d.j.r.query.QueryEnhancerFactory - Hibernate is in classpath; If applicable, HQL parser will be used.
2026-06-24 10:00:40 [main] WARN  o.s.b.a.s.s.UserDetailsServiceAutoConfiguration - 

Using generated security password: 848d6937-3ce6-487d-ae97-52275e297600

This generated password is for development use only. Your security configuration must be updated before running your application in production.

2026-06-24 10:00:41 [main] INFO  o.s.b.a.e.web.EndpointLinksResolver - Exposing 5 endpoint(s) beneath base path '/actuator'
2026-06-24 10:00:41 [main] INFO  o.s.s.web.DefaultSecurityFilterChain - Will secure any request with [org.springframework.security.web.session.DisableEncodeUrlFilter@405a2c7b, org.springframework.security.web.context.request.async.WebAsyncManagerIntegrationFilter@27779eaa, org.springframework.security.web.context.SecurityContextHolderFilter@1741e4a6, org.springframework.security.web.header.HeaderWriterFilter@4a05902b, org.springframework.web.filter.CorsFilter@758d901e, org.springframework.security.web.authentication.logout.LogoutFilter@32ecad28, com.fooddelivery.notification.security.JwtAuthenticationFilter@14b96c1e, org.springframework.security.web.savedrequest.RequestCacheAwareFilter@66b98075, org.springframework.security.web.servletapi.SecurityContextHolderAwareRequestFilter@5e7967a, org.springframework.security.web.authentication.AnonymousAuthenticationFilter@56e92cdf, org.springframework.security.web.session.SessionManagementFilter@1cfa4ad9, org.springframework.security.web.access.ExceptionTranslationFilter@5543800c, org.springframework.security.web.access.intercept.AuthorizationFilter@d97ca99]
2026-06-24 10:00:42 [main] INFO  o.s.c.n.e.c.DiscoveryClientOptionalArgsConfiguration - Eureka HTTP Client uses RestTemplate.
2026-06-24 10:00:42 [main] WARN  o.s.c.l.c.LoadBalancerCacheAutoConfiguration$LoadBalancerCaffeineWarnLogger - Spring Cloud LoadBalancer is currently working with the default cache. While this cache implementation is useful for development and tests, it's recommended to use Caffeine cache in production.You can switch to using Caffeine cache, by adding it and org.springframework.cache.caffeine.CaffeineCacheManager to the classpath.
2026-06-24 10:00:43 [main] INFO  o.s.c.n.eureka.InstanceInfoFactory - Setting initial instance status as: STARTING
2026-06-24 10:00:43 [main] INFO  c.netflix.discovery.DiscoveryClient - Initializing Eureka in region us-east-1
2026-06-24 10:00:43 [main] INFO  c.n.d.s.r.aws.ConfigClusterResolver - Resolving eureka endpoints via configuration
2026-06-24 10:00:43 [main] INFO  c.netflix.discovery.DiscoveryClient - Disable delta property : false
2026-06-24 10:00:43 [main] INFO  c.netflix.discovery.DiscoveryClient - Single vip registry refresh property : null
2026-06-24 10:00:43 [main] INFO  c.netflix.discovery.DiscoveryClient - Force full registry fetch : false
2026-06-24 10:00:43 [main] INFO  c.netflix.discovery.DiscoveryClient - Application is null : false
2026-06-24 10:00:43 [main] INFO  c.netflix.discovery.DiscoveryClient - Registered Applications size is zero : true
2026-06-24 10:00:43 [main] INFO  c.netflix.discovery.DiscoveryClient - Application version is -1: true
2026-06-24 10:00:43 [main] INFO  c.netflix.discovery.DiscoveryClient - Getting all instance registry info from the eureka server
2026-06-24 10:00:43 [main] INFO  c.netflix.discovery.DiscoveryClient - The response status is 200
2026-06-24 10:00:43 [main] INFO  c.netflix.discovery.DiscoveryClient - Starting heartbeat executor: renew interval is: 10
2026-06-24 10:00:43 [main] INFO  c.n.discovery.InstanceInfoReplicator - InstanceInfoReplicator onDemand update allowed rate per min is 4
2026-06-24 10:00:43 [main] INFO  c.netflix.discovery.DiscoveryClient - Discovery Client initialized at timestamp 1782275443460 with initial instances count: 3
2026-06-24 10:00:43 [main] INFO  o.s.c.n.e.s.EurekaServiceRegistry - Registering application NOTIFICATION-SERVICE with eureka with status UP
2026-06-24 10:00:43 [main] INFO  c.netflix.discovery.DiscoveryClient - Saw local status change event StatusChangeEvent [timestamp=1782275443475, current=UP, previous=STARTING]
2026-06-24 10:00:43 [DiscoveryClient-InstanceInfoReplicator-0] INFO  c.netflix.discovery.DiscoveryClient - DiscoveryClient_NOTIFICATION-SERVICE/notification-service:e914f559663aa080fe82c213c2066cbe: registering service...
2026-06-24 10:00:43 [main] INFO  o.s.b.w.e.tomcat.TomcatWebServer - Tomcat started on port 8081 (http) with context path ''
2026-06-24 10:00:43 [main] INFO  o.s.c.n.e.s.EurekaAutoServiceRegistration - Updating port to 8081
2026-06-24 10:00:43 [DiscoveryClient-InstanceInfoReplicator-0] INFO  c.netflix.discovery.DiscoveryClient - DiscoveryClient_NOTIFICATION-SERVICE/notification-service:e914f559663aa080fe82c213c2066cbe - registration status: 204
2026-06-24 10:00:44 [main] INFO  o.s.a.r.c.CachingConnectionFactory - Attempting to connect to: [localhost:5672]
2026-06-24 10:00:44 [main] INFO  o.s.a.r.c.CachingConnectionFactory - Created new connection: rabbitConnectionFactory#42ec6e3:0/SimpleConnection@5f5d5739 [delegate=amqp://guest@127.0.0.1:5672/, localPort=64317]
2026-06-24 10:00:44 [main] INFO  o.s.amqp.rabbit.core.RabbitAdmin - Auto-declaring a non-durable or auto-delete Exchange (order.exchange) durable:false, auto-delete:false. It will be deleted by the broker if it shuts down, and can be redeclared by closing and reopening the connection.
2026-06-24 10:00:44 [main] INFO  o.s.amqp.rabbit.core.RabbitAdmin - Auto-declaring a non-durable or auto-delete Exchange (payment.exchange) durable:false, auto-delete:false. It will be deleted by the broker if it shuts down, and can be redeclared by closing and reopening the connection.
2026-06-24 10:00:44 [main] INFO  o.s.amqp.rabbit.core.RabbitAdmin - Auto-declaring a non-durable or auto-delete Exchange (restaurant.exchange) durable:false, auto-delete:false. It will be deleted by the broker if it shuts down, and can be redeclared by closing and reopening the connection.
2026-06-24 10:00:44 [main] INFO  o.s.amqp.rabbit.core.RabbitAdmin - Auto-declaring a non-durable or auto-delete Exchange (notification.exchange) durable:false, auto-delete:false. It will be deleted by the broker if it shuts down, and can be redeclared by closing and reopening the connection.
2026-06-24 10:00:44 [main] INFO  o.s.amqp.rabbit.core.RabbitAdmin - Auto-declaring a non-durable or auto-delete Exchange (dlx.exchange) durable:false, auto-delete:false. It will be deleted by the broker if it shuts down, and can be redeclared by closing and reopening the connection.
2026-06-24 10:00:44 [main] INFO  o.s.amqp.rabbit.core.RabbitAdmin - Auto-declaring a non-durable, auto-delete, or exclusive Queue (order.created.queue) durable:false, auto-delete:false, exclusive:false. It will be redeclared if the broker stops and is restarted while the connection factory is alive, but all messages will be lost.
2026-06-24 10:00:44 [main] INFO  o.s.amqp.rabbit.core.RabbitAdmin - Auto-declaring a non-durable, auto-delete, or exclusive Queue (order.confirmed.queue) durable:false, auto-delete:false, exclusive:false. It will be redeclared if the broker stops and is restarted while the connection factory is alive, but all messages will be lost.
2026-06-24 10:00:44 [main] INFO  o.s.amqp.rabbit.core.RabbitAdmin - Auto-declaring a non-durable, auto-delete, or exclusive Queue (order.cancelled.queue) durable:false, auto-delete:false, exclusive:false. It will be redeclared if the broker stops and is restarted while the connection factory is alive, but all messages will be lost.
2026-06-24 10:00:44 [main] INFO  o.s.amqp.rabbit.core.RabbitAdmin - Auto-declaring a non-durable, auto-delete, or exclusive Queue (payment.success.queue) durable:false, auto-delete:false, exclusive:false. It will be redeclared if the broker stops and is restarted while the connection factory is alive, but all messages will be lost.
2026-06-24 10:00:44 [main] INFO  o.s.amqp.rabbit.core.RabbitAdmin - Auto-declaring a non-durable, auto-delete, or exclusive Queue (payment.failed.queue) durable:false, auto-delete:false, exclusive:false. It will be redeclared if the broker stops and is restarted while the connection factory is alive, but all messages will be lost.
2026-06-24 10:00:44 [main] INFO  o.s.amqp.rabbit.core.RabbitAdmin - Auto-declaring a non-durable, auto-delete, or exclusive Queue (restaurant.accepted.queue) durable:false, auto-delete:false, exclusive:false. It will be redeclared if the broker stops and is restarted while the connection factory is alive, but all messages will be lost.
2026-06-24 10:00:44 [main] INFO  o.s.amqp.rabbit.core.RabbitAdmin - Auto-declaring a non-durable, auto-delete, or exclusive Queue (restaurant.rejected.queue) durable:false, auto-delete:false, exclusive:false. It will be redeclared if the broker stops and is restarted while the connection factory is alive, but all messages will be lost.
2026-06-24 10:00:44 [main] INFO  c.f.n.NotificationServiceApplication - Started NotificationServiceApplication in 13.49 seconds (process running for 14.426)
2026-06-24 10:00:48 [http-nio-8081-exec-1] INFO  o.a.c.c.C.[Tomcat].[localhost].[/] - Initializing Spring DispatcherServlet 'dispatcherServlet'
2026-06-24 10:00:48 [http-nio-8081-exec-1] INFO  o.s.web.servlet.DispatcherServlet - Initializing Servlet 'dispatcherServlet'
2026-06-24 10:00:48 [http-nio-8081-exec-1] INFO  o.s.web.servlet.DispatcherServlet - Completed initialization in 3 ms
2026-06-24 10:00:48 [http-nio-8081-exec-1] WARN  o.s.w.s.h.HandlerMappingIntrospector - Cache miss for REQUEST dispatch to '/actuator/prometheus' (previous null). Performing MatchableHandlerMapping lookup. This is logged once only at WARN level, and every time at TRACE.
2026-06-24 10:05:43 [AsyncResolver-bootstrap-executor-0] INFO  c.n.d.s.r.aws.ConfigClusterResolver - Resolving eureka endpoints via configuration
2026-06-24 10:10:43 [AsyncResolver-bootstrap-executor-0] INFO  c.n.d.s.r.aws.ConfigClusterResolver - Resolving eureka endpoints via configuration
2026-06-24 10:14:11 [SpringApplicationShutdownHook] INFO  o.s.c.n.e.s.EurekaServiceRegistry - Unregistering application NOTIFICATION-SERVICE with eureka with status DOWN
2026-06-24 10:14:11 [SpringApplicationShutdownHook] INFO  c.netflix.discovery.DiscoveryClient - Saw local status change event StatusChangeEvent [timestamp=1782276251471, current=DOWN, previous=UP]
2026-06-24 10:14:11 [DiscoveryClient-InstanceInfoReplicator-0] INFO  c.netflix.discovery.DiscoveryClient - DiscoveryClient_NOTIFICATION-SERVICE/notification-service:e914f559663aa080fe82c213c2066cbe: registering service...
2026-06-24 10:14:11 [DiscoveryClient-InstanceInfoReplicator-0] INFO  c.netflix.discovery.DiscoveryClient - DiscoveryClient_NOTIFICATION-SERVICE/notification-service:e914f559663aa080fe82c213c2066cbe - registration status: 204
2026-06-24 10:14:11 [org.springframework.amqp.rabbit.RabbitListenerEndpointContainer#0-2] INFO  o.s.a.r.l.SimpleMessageListenerContainer - Waiting for workers to finish.
2026-06-24 10:14:11 [org.springframework.amqp.rabbit.RabbitListenerEndpointContainer#1-2] INFO  o.s.a.r.l.SimpleMessageListenerContainer - Waiting for workers to finish.
2026-06-24 10:14:11 [org.springframework.amqp.rabbit.RabbitListenerEndpointContainer#2-2] INFO  o.s.a.r.l.SimpleMessageListenerContainer - Waiting for workers to finish.
2026-06-24 10:14:11 [org.springframework.amqp.rabbit.RabbitListenerEndpointContainer#0-2] INFO  o.s.a.r.l.SimpleMessageListenerContainer - Successfully waited for workers to finish.
2026-06-24 10:14:11 [org.springframework.amqp.rabbit.RabbitListenerEndpointContainer#2-2] INFO  o.s.a.r.l.SimpleMessageListenerContainer - Successfully waited for workers to finish.
2026-06-24 10:14:11 [org.springframework.amqp.rabbit.RabbitListenerEndpointContainer#1-2] INFO  o.s.a.r.l.SimpleMessageListenerContainer - Successfully waited for workers to finish.
2026-06-24 10:14:11 [SpringApplicationShutdownHook] INFO  o.s.o.j.LocalContainerEntityManagerFactoryBean - Closing JPA EntityManagerFactory for persistence unit 'default'
2026-06-24 10:14:11 [SpringApplicationShutdownHook] INFO  com.zaxxer.hikari.HikariDataSource - NotificationServiceHikariPool - Shutdown initiated...
2026-06-24 10:14:11 [SpringApplicationShutdownHook] INFO  com.zaxxer.hikari.HikariDataSource - NotificationServiceHikariPool - Shutdown completed.
2026-06-24 10:14:12 [SpringApplicationShutdownHook] INFO  c.netflix.discovery.DiscoveryClient - Shutting down DiscoveryClient ...
2026-06-24 10:14:15 [SpringApplicationShutdownHook] INFO  c.netflix.discovery.DiscoveryClient - Unregistering ...
2026-06-24 10:14:15 [SpringApplicationShutdownHook] INFO  c.netflix.discovery.DiscoveryClient - DiscoveryClient_NOTIFICATION-SERVICE/notification-service:e914f559663aa080fe82c213c2066cbe - deregister  status: 200
2026-06-24 10:14:15 [SpringApplicationShutdownHook] INFO  c.netflix.discovery.DiscoveryClient - Completed shut down of DiscoveryClient
2026-06-24 10:15:41 [main] INFO  c.f.n.c.NotificationControllerTest - Starting NotificationControllerTest using Java 17.0.18 with PID 42472 (started by avilakad in C:\Users\avilakad\OneDrive - Publicis Groupe\Documents\Food-Delivery-main\notification-service)
2026-06-24 10:15:41 [main] INFO  c.f.n.c.NotificationControllerTest - No active profile set, falling back to 1 default profile: "default"
2026-06-24 10:15:41 [main] INFO  o.s.c.c.c.ConfigServerConfigDataLoader - Fetching config from server at : http://localhost:8888
2026-06-24 10:15:41 [main] INFO  o.s.c.c.c.ConfigServerConfigDataLoader - Located environment: name=notification-service, profiles=[default], label=null, version=2bd0a43ba902012f51ed6133a6824929146aed06, state=null
2026-06-24 10:15:50 [main] WARN  o.s.b.a.s.s.UserDetailsServiceAutoConfiguration - 

Using generated security password: fdc64208-22dc-45cc-930e-cb9c3a330a75

This generated password is for development use only. Your security configuration must be updated before running your application in production.

2026-06-24 10:15:51 [main] INFO  o.s.s.web.DefaultSecurityFilterChain - Will secure any request with [org.springframework.security.web.session.DisableEncodeUrlFilter@53e1be66, org.springframework.security.web.context.request.async.WebAsyncManagerIntegrationFilter@1275d11b, org.springframework.security.web.context.SecurityContextHolderFilter@9e3c653, org.springframework.security.web.header.HeaderWriterFilter@198fb504, org.springframework.web.filter.CorsFilter@796ca104, org.springframework.security.web.csrf.CsrfFilter@4aa0b026, org.springframework.security.web.authentication.logout.LogoutFilter@77aabf26, org.springframework.security.web.authentication.UsernamePasswordAuthenticationFilter@cb38d26, org.springframework.security.web.authentication.ui.DefaultLoginPageGeneratingFilter@119636bf, org.springframework.security.web.authentication.ui.DefaultLogoutPageGeneratingFilter@3f851ccf, org.springframework.security.web.authentication.www.BasicAuthenticationFilter@4bb408d1, org.springframework.security.web.savedrequest.RequestCacheAwareFilter@34d4aea7, org.springframework.security.web.servletapi.SecurityContextHolderAwareRequestFilter@4a9f02f4, org.springframework.security.web.authentication.AnonymousAuthenticationFilter@61c987d7, org.springframework.security.web.access.ExceptionTranslationFilter@236a641a, org.springframework.security.web.access.intercept.AuthorizationFilter@469dfbf7]
2026-06-24 10:15:51 [main] INFO  o.s.b.t.m.w.SpringBootMockServletContext - Initializing Spring TestDispatcherServlet ''
2026-06-24 10:15:51 [main] INFO  o.s.t.w.s.TestDispatcherServlet - Initializing Servlet ''
2026-06-24 10:15:51 [main] INFO  o.s.t.w.s.TestDispatcherServlet - Completed initialization in 3 ms
2026-06-24 10:15:51 [main] INFO  c.f.n.c.NotificationControllerTest - Started NotificationControllerTest in 14.0 seconds (process running for 17.965)
2026-06-24 10:15:54 [main] WARN  c.f.n.e.GlobalExceptionHandler - JSON parsing error for POST request to null: null
2026-06-24 10:15:55 [main] WARN  c.f.n.e.GlobalExceptionHandler - JSON parsing error for PATCH request to /api/notifications/1: null
2026-06-24 10:15:55 [main] WARN  c.f.n.e.GlobalExceptionHandler - JSON parsing error for PUT request to /api/notifications/1: null
2026-06-24 10:15:55 [main] WARN  c.f.n.e.GlobalExceptionHandler - JSON parsing error for POST request to /api/notifications: null
2026-06-24 10:15:56 [main] INFO  c.f.n.NotificationServiceApplication - Starting NotificationServiceApplication using Java 17.0.18 with PID 42472 (started by avilakad in C:\Users\avilakad\OneDrive - Publicis Groupe\Documents\Food-Delivery-main\notification-service)
2026-06-24 10:15:56 [main] INFO  c.f.n.NotificationServiceApplication - No active profile set, falling back to 1 default profile: "default"
2026-06-24 10:15:56 [main] INFO  o.s.c.c.c.ConfigServerConfigDataLoader - Fetching config from server at : http://localhost:8888
2026-06-24 10:15:56 [main] INFO  o.s.c.c.c.ConfigServerConfigDataLoader - Located environment: name=notification-service, profiles=[default], label=null, version=2bd0a43ba902012f51ed6133a6824929146aed06, state=null
2026-06-24 10:16:00 [main] INFO  o.s.d.r.c.RepositoryConfigurationDelegate - Bootstrapping Spring Data JPA repositories in DEFAULT mode.
2026-06-24 10:16:00 [main] INFO  o.s.d.r.c.RepositoryConfigurationDelegate - Finished Spring Data repository scanning in 328 ms. Found 1 JPA repository interface.
2026-06-24 10:16:01 [main] INFO  o.s.cloud.context.scope.GenericScope - BeanFactory id=6b4db888-695d-3939-97f0-f7b22de8f15a
2026-06-24 10:16:02 [main] WARN  o.s.c.s.PostProcessorRegistrationDelegate$BeanPostProcessorChecker - Bean 'org.springframework.cloud.client.loadbalancer.LoadBalancerAutoConfiguration$RetryInterceptorAutoConfiguration' of type [org.springframework.cloud.client.loadbalancer.LoadBalancerAutoConfiguration$RetryInterceptorAutoConfiguration] is not eligible for getting processed by all BeanPostProcessors (for example: not eligible for auto-proxying). The currently created BeanPostProcessor [lbRestClientPostProcessor] is declared through a non-static factory method on that class; consider declaring it as static instead.
2026-06-24 10:16:02 [main] WARN  o.s.c.s.PostProcessorRegistrationDelegate$BeanPostProcessorChecker - Bean 'org.springframework.cloud.loadbalancer.config.BlockingLoadBalancerClientAutoConfiguration' of type [org.springframework.cloud.loadbalancer.config.BlockingLoadBalancerClientAutoConfiguration] is not eligible for getting processed by all BeanPostProcessors (for example: not eligible for auto-proxying). Is this bean getting eagerly injected into a currently created BeanPostProcessor [lbRestClientPostProcessor]? Check the corresponding BeanPostProcessor declaration and its dependencies.
2026-06-24 10:16:02 [main] WARN  o.s.c.s.PostProcessorRegistrationDelegate$BeanPostProcessorChecker - Bean 'org.springframework.cloud.loadbalancer.config.LoadBalancerAutoConfiguration' of type [org.springframework.cloud.loadbalancer.config.LoadBalancerAutoConfiguration] is not eligible for getting processed by all BeanPostProcessors (for example: not eligible for auto-proxying). Is this bean getting eagerly injected into a currently created BeanPostProcessor [lbRestClientPostProcessor]? Check the corresponding BeanPostProcessor declaration and its dependencies.
2026-06-24 10:16:02 [main] WARN  o.s.c.s.PostProcessorRegistrationDelegate$BeanPostProcessorChecker - Bean 'org.springframework.cloud.commons.config.CommonsConfigAutoConfiguration' of type [org.springframework.cloud.commons.config.CommonsConfigAutoConfiguration] is not eligible for getting processed by all BeanPostProcessors (for example: not eligible for auto-proxying). Is this bean getting eagerly injected into a currently created BeanPostProcessor [lbRestClientPostProcessor]? Check the corresponding BeanPostProcessor declaration and its dependencies.
2026-06-24 10:16:02 [main] WARN  o.s.c.s.PostProcessorRegistrationDelegate$BeanPostProcessorChecker - Bean 'org.springframework.cloud.client.loadbalancer.LoadBalancerDefaultMappingsProviderAutoConfiguration' of type [org.springframework.cloud.client.loadbalancer.LoadBalancerDefaultMappingsProviderAutoConfiguration] is not eligible for getting processed by all BeanPostProcessors (for example: not eligible for auto-proxying). Is this bean getting eagerly injected into a currently created BeanPostProcessor [lbRestClientPostProcessor]? Check the corresponding BeanPostProcessor declaration and its dependencies.
2026-06-24 10:16:02 [main] WARN  o.s.c.s.PostProcessorRegistrationDelegate$BeanPostProcessorChecker - Bean 'loadBalancerClientsDefaultsMappingsProvider' of type [org.springframework.cloud.client.loadbalancer.LoadBalancerDefaultMappingsProviderAutoConfiguration$$Lambda$1432/0x0000013fcb8a3470] is not eligible for getting processed by all BeanPostProcessors (for example: not eligible for auto-proxying). Is this bean getting eagerly injected into a currently created BeanPostProcessor [lbRestClientPostProcessor]? Check the corresponding BeanPostProcessor declaration and its dependencies.
2026-06-24 10:16:02 [main] WARN  o.s.c.s.PostProcessorRegistrationDelegate$BeanPostProcessorChecker - Bean 'defaultsBindHandlerAdvisor' of type [org.springframework.cloud.commons.config.DefaultsBindHandlerAdvisor] is not eligible for getting processed by all BeanPostProcessors (for example: not eligible for auto-proxying). Is this bean getting eagerly injected into a currently created BeanPostProcessor [lbRestClientPostProcessor]? Check the corresponding BeanPostProcessor declaration and its dependencies.
2026-06-24 10:16:02 [main] WARN  o.s.c.s.PostProcessorRegistrationDelegate$BeanPostProcessorChecker - Bean 'spring.cloud.loadbalancer-org.springframework.cloud.client.loadbalancer.LoadBalancerClientsProperties' of type [org.springframework.cloud.client.loadbalancer.LoadBalancerClientsProperties] is not eligible for getting processed by all BeanPostProcessors (for example: not eligible for auto-proxying). Is this bean getting eagerly injected into a currently created BeanPostProcessor [lbRestClientPostProcessor]? Check the corresponding BeanPostProcessor declaration and its dependencies.
2026-06-24 10:16:02 [main] WARN  o.s.c.s.PostProcessorRegistrationDelegate$BeanPostProcessorChecker - Bean 'default.org.springframework.cloud.loadbalancer.config.LoadBalancerAutoConfiguration.LoadBalancerClientSpecification' of type [org.springframework.cloud.loadbalancer.annotation.LoadBalancerClientSpecification] is not eligible for getting processed by all BeanPostProcessors (for example: not eligible for auto-proxying). Is this bean getting eagerly injected into a currently created BeanPostProcessor [lbRestClientPostProcessor]? Check the corresponding BeanPostProcessor declaration and its dependencies.
2026-06-24 10:16:02 [main] WARN  o.s.c.s.PostProcessorRegistrationDelegate$BeanPostProcessorChecker - Bean 'default.org.springframework.cloud.loadbalancer.config.BlockingLoadBalancerClientAutoConfiguration.LoadBalancerClientSpecification' of type [org.springframework.cloud.loadbalancer.annotation.LoadBalancerClientSpecification] is not eligible for getting processed by all BeanPostProcessors (for example: not eligible for auto-proxying). Is this bean getting eagerly injected into a currently created BeanPostProcessor [lbRestClientPostProcessor]? Check the corresponding BeanPostProcessor declaration and its dependencies.
2026-06-24 10:16:02 [main] WARN  o.s.c.s.PostProcessorRegistrationDelegate$BeanPostProcessorChecker - Bean 'loadBalancerClientFactory' of type [org.springframework.cloud.loadbalancer.support.LoadBalancerClientFactory] is not eligible for getting processed by all BeanPostProcessors (for example: not eligible for auto-proxying). Is this bean getting eagerly injected into a currently created BeanPostProcessor [lbRestClientPostProcessor]? Check the corresponding BeanPostProcessor declaration and its dependencies.
2026-06-24 10:16:02 [main] WARN  o.s.c.s.PostProcessorRegistrationDelegate$BeanPostProcessorChecker - Bean 'blockingLoadBalancerClient' of type [org.springframework.cloud.loadbalancer.blocking.client.BlockingLoadBalancerClient] is not eligible for getting processed by all BeanPostProcessors (for example: not eligible for auto-proxying). Is this bean getting eagerly injected into a currently created BeanPostProcessor [lbRestClientPostProcessor]? Check the corresponding BeanPostProcessor declaration and its dependencies.
2026-06-24 10:16:02 [main] WARN  o.s.c.s.PostProcessorRegistrationDelegate$BeanPostProcessorChecker - Bean 'loadBalancerServiceInstanceCookieTransformer' of type [org.springframework.cloud.loadbalancer.core.LoadBalancerServiceInstanceCookieTransformer] is not eligible for getting processed by all BeanPostProcessors (for example: not eligible for auto-proxying). Is this bean getting eagerly injected into a currently created BeanPostProcessor [lbRestClientPostProcessor]? Check the corresponding BeanPostProcessor declaration and its dependencies.
2026-06-24 10:16:02 [main] WARN  o.s.c.s.PostProcessorRegistrationDelegate$BeanPostProcessorChecker - Bean 'xForwarderHeadersTransformer' of type [org.springframework.cloud.loadbalancer.blocking.XForwardedHeadersTransformer] is not eligible for getting processed by all BeanPostProcessors (for example: not eligible for auto-proxying). Is this bean getting eagerly injected into a currently created BeanPostProcessor [lbRestClientPostProcessor]? Check the corresponding BeanPostProcessor declaration and its dependencies.
2026-06-24 10:16:02 [main] WARN  o.s.c.s.PostProcessorRegistrationDelegate$BeanPostProcessorChecker - Bean 'org.springframework.cloud.client.loadbalancer.LoadBalancerAutoConfiguration' of type [org.springframework.cloud.client.loadbalancer.LoadBalancerAutoConfiguration] is not eligible for getting processed by all BeanPostProcessors (for example: not eligible for auto-proxying). Is this bean getting eagerly injected into a currently created BeanPostProcessor [lbRestClientPostProcessor]? Check the corresponding BeanPostProcessor declaration and its dependencies.
2026-06-24 10:16:02 [main] WARN  o.s.c.s.PostProcessorRegistrationDelegate$BeanPostProcessorChecker - Bean 'loadBalancerRequestFactory' of type [org.springframework.cloud.client.loadbalancer.LoadBalancerRequestFactory] is not eligible for getting processed by all BeanPostProcessors (for example: not eligible for auto-proxying). Is this bean getting eagerly injected into a currently created BeanPostProcessor [lbRestClientPostProcessor]? Check the corresponding BeanPostProcessor declaration and its dependencies.
2026-06-24 10:16:02 [main] WARN  o.s.c.s.PostProcessorRegistrationDelegate$BeanPostProcessorChecker - Bean 'org.springframework.cloud.loadbalancer.config.BlockingLoadBalancerClientAutoConfiguration$BlockingLoadBalancerRetryConfig' of type [org.springframework.cloud.loadbalancer.config.BlockingLoadBalancerClientAutoConfiguration$BlockingLoadBalancerRetryConfig$$SpringCGLIB$$0] is not eligible for getting processed by all BeanPostProcessors (for example: not eligible for auto-proxying). Is this bean getting eagerly injected into a currently created BeanPostProcessor [lbRestClientPostProcessor]? Check the corresponding BeanPostProcessor declaration and its dependencies.
2026-06-24 10:16:02 [main] WARN  o.s.c.s.PostProcessorRegistrationDelegate$BeanPostProcessorChecker - Bean 'loadBalancedRetryFactory' of type [org.springframework.cloud.loadbalancer.blocking.retry.BlockingLoadBalancedRetryFactory] is not eligible for getting processed by all BeanPostProcessors (for example: not eligible for auto-proxying). Is this bean getting eagerly injected into a currently created BeanPostProcessor [lbRestClientPostProcessor]? Check the corresponding BeanPostProcessor declaration and its dependencies.
2026-06-24 10:16:02 [main] WARN  o.s.c.s.PostProcessorRegistrationDelegate$BeanPostProcessorChecker - Bean 'loadBalancerInterceptor' of type [org.springframework.cloud.client.loadbalancer.RetryLoadBalancerInterceptor] is not eligible for getting processed by all BeanPostProcessors (for example: not eligible for auto-proxying). Is this bean getting eagerly injected into a currently created BeanPostProcessor [lbRestClientPostProcessor]? Check the corresponding BeanPostProcessor declaration and its dependencies.
2026-06-24 10:16:03 [main] INFO  o.s.b.w.e.tomcat.TomcatWebServer - Tomcat initialized with port 0 (http)
2026-06-24 10:16:03 [main] INFO  o.a.catalina.core.StandardService - Starting service [Tomcat]
2026-06-24 10:16:03 [main] INFO  o.a.catalina.core.StandardEngine - Starting Servlet engine: [Apache Tomcat/10.1.16]
2026-06-24 10:16:04 [main] INFO  o.a.c.c.C.[Tomcat].[localhost].[/] - Initializing Spring embedded WebApplicationContext
2026-06-24 10:16:04 [main] INFO  o.s.b.w.s.c.ServletWebServerApplicationContext - Root WebApplicationContext: initialization completed in 7241 ms
2026-06-24 10:16:05 [main] INFO  o.h.jpa.internal.util.LogHelper - HHH000204: Processing PersistenceUnitInfo [name: default]
2026-06-24 10:16:06 [main] INFO  org.hibernate.Version - HHH000412: Hibernate ORM core version 6.3.1.Final
2026-06-24 10:16:06 [main] INFO  o.h.c.i.RegionFactoryInitiator - HHH000026: Second-level cache disabled
2026-06-24 10:16:06 [main] INFO  o.s.o.j.p.SpringPersistenceUnitInfo - No LoadTimeWeaver setup: ignoring JPA class transformer
2026-06-24 10:16:06 [main] INFO  com.zaxxer.hikari.HikariDataSource - NotificationServiceHikariPool - Starting...
2026-06-24 10:16:07 [main] INFO  com.zaxxer.hikari.pool.HikariPool - NotificationServiceHikariPool - Added connection conn0: url=jdbc:h2:mem:notifmain user=SA
2026-06-24 10:16:07 [main] INFO  com.zaxxer.hikari.HikariDataSource - NotificationServiceHikariPool - Start completed.
2026-06-24 10:16:07 [main] WARN  org.hibernate.dialect.Dialect - HHH000511: The 2.2.0 version for [org.hibernate.dialect.PostgreSQLDialect] is no longer supported, hence certain features may not work properly. The minimum supported version is 11.0.0. Check the community dialects project for available legacy versions.
2026-06-24 10:16:07 [main] WARN  org.hibernate.orm.deprecation - HHH90000025: PostgreSQLDialect does not need to be specified explicitly using 'hibernate.dialect' (remove the property setting and it will be selected by default)
2026-06-24 10:16:09 [main] INFO  o.h.e.t.j.p.i.JtaPlatformInitiator - HHH000489: No JTA platform available (set 'hibernate.transaction.jta.platform' to enable JTA platform integration)
2026-06-24 10:16:09 [main] DEBUG org.hibernate.SQL - 
    drop table if exists notifications cascade
2026-06-24 10:16:09 [main] DEBUG org.hibernate.SQL - 
    create table notifications (
        is_read boolean,
        created_at timestamp(6) not null,
        id bigserial not null,
        updated_at timestamp(6),
        user_id bigint not null,
        status varchar(20),
        type varchar(50) not null,
        message varchar(1000) not null,
        title varchar(255) not null,
        primary key (id)
    )
2026-06-24 10:16:09 [main] INFO  o.s.o.j.LocalContainerEntityManagerFactoryBean - Initialized JPA EntityManagerFactory for persistence unit 'default'
2026-06-24 10:16:10 [main] INFO  o.s.d.j.r.query.QueryEnhancerFactory - Hibernate is in classpath; If applicable, HQL parser will be used.
2026-06-24 10:16:12 [main] WARN  o.s.b.a.s.s.UserDetailsServiceAutoConfiguration - 

Using generated security password: addabcd8-f538-46c9-a257-23cb4c5b8696

This generated password is for development use only. Your security configuration must be updated before running your application in production.

2026-06-24 10:16:13 [main] INFO  o.s.b.a.e.web.EndpointLinksResolver - Exposing 5 endpoint(s) beneath base path '/actuator'
2026-06-24 10:16:13 [main] INFO  o.s.s.web.DefaultSecurityFilterChain - Will secure any request with [org.springframework.security.web.session.DisableEncodeUrlFilter@1ac94c84, org.springframework.security.web.context.request.async.WebAsyncManagerIntegrationFilter@5f997a61, org.springframework.security.web.context.SecurityContextHolderFilter@795ae889, org.springframework.security.web.header.HeaderWriterFilter@18ddf3eb, org.springframework.web.filter.CorsFilter@335967ae, org.springframework.security.web.authentication.logout.LogoutFilter@1de152a2, com.fooddelivery.notification.security.JwtAuthenticationFilter@469c42d6, org.springframework.security.web.savedrequest.RequestCacheAwareFilter@497cde09, org.springframework.security.web.servletapi.SecurityContextHolderAwareRequestFilter@7ffce82a, org.springframework.security.web.authentication.AnonymousAuthenticationFilter@76619aa2, org.springframework.security.web.session.SessionManagementFilter@7c6923fe, org.springframework.security.web.access.ExceptionTranslationFilter@59eb3d63, org.springframework.security.web.access.intercept.AuthorizationFilter@6b1a4a22]
2026-06-24 10:16:14 [main] INFO  o.s.c.n.e.c.DiscoveryClientOptionalArgsConfiguration - Eureka HTTP Client uses RestTemplate.
2026-06-24 10:16:14 [main] WARN  o.s.c.l.c.LoadBalancerCacheAutoConfiguration$LoadBalancerCaffeineWarnLogger - Spring Cloud LoadBalancer is currently working with the default cache. While this cache implementation is useful for development and tests, it's recommended to use Caffeine cache in production.You can switch to using Caffeine cache, by adding it and org.springframework.cache.caffeine.CaffeineCacheManager to the classpath.
2026-06-24 10:16:14 [main] INFO  o.s.b.w.e.tomcat.TomcatWebServer - Tomcat started on port 49699 (http) with context path ''
2026-06-24 10:16:15 [main] INFO  o.s.a.r.c.CachingConnectionFactory - Attempting to connect to: [localhost:5672]
2026-06-24 10:16:15 [main] INFO  o.s.a.r.c.CachingConnectionFactory - Created new connection: rabbitConnectionFactory#6b552520:0/SimpleConnection@70fce8c5 [delegate=amqp://guest@127.0.0.1:5672/, localPort=49703]
2026-06-24 10:16:15 [main] INFO  o.s.amqp.rabbit.core.RabbitAdmin - Auto-declaring a non-durable or auto-delete Exchange (order.exchange) durable:false, auto-delete:false. It will be deleted by the broker if it shuts down, and can be redeclared by closing and reopening the connection.
2026-06-24 10:16:15 [main] INFO  o.s.amqp.rabbit.core.RabbitAdmin - Auto-declaring a non-durable or auto-delete Exchange (payment.exchange) durable:false, auto-delete:false. It will be deleted by the broker if it shuts down, and can be redeclared by closing and reopening the connection.
2026-06-24 10:16:15 [main] INFO  o.s.amqp.rabbit.core.RabbitAdmin - Auto-declaring a non-durable or auto-delete Exchange (restaurant.exchange) durable:false, auto-delete:false. It will be deleted by the broker if it shuts down, and can be redeclared by closing and reopening the connection.
2026-06-24 10:16:15 [main] INFO  o.s.amqp.rabbit.core.RabbitAdmin - Auto-declaring a non-durable or auto-delete Exchange (notification.exchange) durable:false, auto-delete:false. It will be deleted by the broker if it shuts down, and can be redeclared by closing and reopening the connection.
2026-06-24 10:16:15 [main] INFO  o.s.amqp.rabbit.core.RabbitAdmin - Auto-declaring a non-durable or auto-delete Exchange (dlx.exchange) durable:false, auto-delete:false. It will be deleted by the broker if it shuts down, and can be redeclared by closing and reopening the connection.
2026-06-24 10:16:15 [main] INFO  o.s.amqp.rabbit.core.RabbitAdmin - Auto-declaring a non-durable, auto-delete, or exclusive Queue (order.created.queue) durable:false, auto-delete:false, exclusive:false. It will be redeclared if the broker stops and is restarted while the connection factory is alive, but all messages will be lost.
2026-06-24 10:16:15 [main] INFO  o.s.amqp.rabbit.core.RabbitAdmin - Auto-declaring a non-durable, auto-delete, or exclusive Queue (order.confirmed.queue) durable:false, auto-delete:false, exclusive:false. It will be redeclared if the broker stops and is restarted while the connection factory is alive, but all messages will be lost.
2026-06-24 10:16:15 [main] INFO  o.s.amqp.rabbit.core.RabbitAdmin - Auto-declaring a non-durable, auto-delete, or exclusive Queue (order.cancelled.queue) durable:false, auto-delete:false, exclusive:false. It will be redeclared if the broker stops and is restarted while the connection factory is alive, but all messages will be lost.
2026-06-24 10:16:15 [main] INFO  o.s.amqp.rabbit.core.RabbitAdmin - Auto-declaring a non-durable, auto-delete, or exclusive Queue (payment.success.queue) durable:false, auto-delete:false, exclusive:false. It will be redeclared if the broker stops and is restarted while the connection factory is alive, but all messages will be lost.
2026-06-24 10:16:15 [main] INFO  o.s.amqp.rabbit.core.RabbitAdmin - Auto-declaring a non-durable, auto-delete, or exclusive Queue (payment.failed.queue) durable:false, auto-delete:false, exclusive:false. It will be redeclared if the broker stops and is restarted while the connection factory is alive, but all messages will be lost.
2026-06-24 10:16:15 [main] INFO  o.s.amqp.rabbit.core.RabbitAdmin - Auto-declaring a non-durable, auto-delete, or exclusive Queue (restaurant.accepted.queue) durable:false, auto-delete:false, exclusive:false. It will be redeclared if the broker stops and is restarted while the connection factory is alive, but all messages will be lost.
2026-06-24 10:16:15 [main] INFO  o.s.amqp.rabbit.core.RabbitAdmin - Auto-declaring a non-durable, auto-delete, or exclusive Queue (restaurant.rejected.queue) durable:false, auto-delete:false, exclusive:false. It will be redeclared if the broker stops and is restarted while the connection factory is alive, but all messages will be lost.
2026-06-24 10:16:15 [main] INFO  c.f.n.NotificationServiceApplication - Started NotificationServiceApplication in 20.234 seconds (process running for 41.669)
2026-06-24 10:16:15 [main] INFO  c.f.n.service.NotificationService - 
=================================================
           NOTIFICATION SENT
=================================================
Timestamp: 2026-06-24 10:16:15
User ID: 1
Type: ORDER_CREATED
Message: Test notification message
=================================================

2026-06-24 10:16:15 [main] INFO  c.f.n.service.NotificationService - 
=================================================
           NOTIFICATION SENT
=================================================
Timestamp: 2026-06-24 10:16:15
User ID: 1
Type: ORDER_CREATED
Message: Test notification message
=================================================

2026-06-24 10:16:15 [main] INFO  c.f.n.service.NotificationService - 
=================================================
           NOTIFICATION SENT
=================================================
Timestamp: 2026-06-24 10:16:15
User ID: 1
Type: WELCOME
Message: Welcome to Food Delivery App, John Doe! Your account has been created successfully.
=================================================

2026-06-24 10:16:16 [main] INFO  c.f.n.service.NotificationService - 
=================================================
           NOTIFICATION SENT
=================================================
Timestamp: 2026-06-24 10:16:16
User ID: 1
Type: ORDER_CREATED
Message: Test notification message
=================================================

2026-06-24 10:16:16 [main] INFO  c.f.n.service.NotificationService - 
=================================================
           NOTIFICATION SENT
=================================================
Timestamp: 2026-06-24 10:16:16
User ID: 1
Type: PAYMENT_UPDATE
Message: Payment SUCCESS. Transaction ID: TXN123456
=================================================

2026-06-24 10:16:16 [main] INFO  c.f.n.service.NotificationService - 
=================================================
           NOTIFICATION SENT
=================================================
Timestamp: 2026-06-24 10:16:16
User ID: 1
Type: ORDER_CREATED
Message: Test notification message
=================================================

2026-06-24 10:16:16 [main] INFO  c.f.n.service.NotificationService - 
=================================================
           NOTIFICATION SENT
=================================================
Timestamp: 2026-06-24 10:16:16
User ID: 1
Type: ORDER_STATUS_UPDATE
Message: Your order #123 status has been updated to: CONFIRMED
=================================================

2026-06-24 10:16:16 [main] INFO  c.f.n.service.NotificationService - 
=================================================
           SMS NOTIFICATION
=================================================
Timestamp: 2026-06-24 10:16:16
To User ID: 1
SMS Message: Test notification message
Type: ORDER_CREATED
Status: DELIVERED
=================================================

2026-06-24 10:16:16 [main] INFO  c.f.n.service.NotificationService - 
=================================================
           EMAIL NOTIFICATION
=================================================
Timestamp: 2026-06-24 10:16:16
To User ID: 1
Subject: Food Delivery Update
Message: Test notification message
Type: ORDER_CREATED
Status: SENT
=================================================

2026-06-24 10:16:17 [org.springframework.amqp.rabbit.RabbitListenerEndpointContainer#0-2] INFO  o.s.a.r.l.SimpleMessageListenerContainer - Waiting for workers to finish.
2026-06-24 10:16:17 [org.springframework.amqp.rabbit.RabbitListenerEndpointContainer#1-2] INFO  o.s.a.r.l.SimpleMessageListenerContainer - Waiting for workers to finish.
2026-06-24 10:16:17 [org.springframework.amqp.rabbit.RabbitListenerEndpointContainer#2-2] INFO  o.s.a.r.l.SimpleMessageListenerContainer - Waiting for workers to finish.
2026-06-24 10:16:17 [org.springframework.amqp.rabbit.RabbitListenerEndpointContainer#0-2] INFO  o.s.a.r.l.SimpleMessageListenerContainer - Successfully waited for workers to finish.
2026-06-24 10:16:17 [org.springframework.amqp.rabbit.RabbitListenerEndpointContainer#1-2] INFO  o.s.a.r.l.SimpleMessageListenerContainer - Successfully waited for workers to finish.
2026-06-24 10:16:17 [org.springframework.amqp.rabbit.RabbitListenerEndpointContainer#2-2] INFO  o.s.a.r.l.SimpleMessageListenerContainer - Successfully waited for workers to finish.
2026-06-24 10:16:17 [SpringApplicationShutdownHook] INFO  o.s.o.j.LocalContainerEntityManagerFactoryBean - Closing JPA EntityManagerFactory for persistence unit 'default'
2026-06-24 10:16:17 [SpringApplicationShutdownHook] DEBUG org.hibernate.SQL - 
    drop table if exists notifications cascade
2026-06-24 10:16:17 [SpringApplicationShutdownHook] INFO  com.zaxxer.hikari.HikariDataSource - NotificationServiceHikariPool - Shutdown initiated...
2026-06-24 10:16:17 [SpringApplicationShutdownHook] INFO  com.zaxxer.hikari.HikariDataSource - NotificationServiceHikariPool - Shutdown completed.
2026-06-24 10:17:04 [main] INFO  c.f.n.NotificationServiceApplication - Starting NotificationServiceApplication using Java 17.0.18 with PID 6152 (C:\Users\avilakad\OneDrive - Publicis Groupe\Documents\Food-Delivery-main\notification-service\target\classes started by avilakad in C:\Users\avilakad\OneDrive - Publicis Groupe\Documents\Food-Delivery-main\notification-service)
2026-06-24 10:17:04 [main] INFO  c.f.n.NotificationServiceApplication - No active profile set, falling back to 1 default profile: "default"
2026-06-24 10:17:04 [main] INFO  o.s.c.c.c.ConfigServerConfigDataLoader - Fetching config from server at : http://localhost:8888
2026-06-24 10:17:04 [main] INFO  o.s.c.c.c.ConfigServerConfigDataLoader - Located environment: name=notification-service, profiles=[default], label=null, version=2bd0a43ba902012f51ed6133a6824929146aed06, state=null
2026-06-24 10:17:06 [main] INFO  o.s.d.r.c.RepositoryConfigurationDelegate - Bootstrapping Spring Data JPA repositories in DEFAULT mode.
2026-06-24 10:17:06 [main] INFO  o.s.d.r.c.RepositoryConfigurationDelegate - Finished Spring Data repository scanning in 298 ms. Found 1 JPA repository interface.
2026-06-24 10:17:06 [main] INFO  o.s.cloud.context.scope.GenericScope - BeanFactory id=5695bdd2-c3b2-30a9-a0d8-59956869b4bf
2026-06-24 10:17:07 [main] WARN  o.s.c.s.PostProcessorRegistrationDelegate$BeanPostProcessorChecker - Bean 'org.springframework.cloud.client.loadbalancer.LoadBalancerAutoConfiguration$RetryInterceptorAutoConfiguration' of type [org.springframework.cloud.client.loadbalancer.LoadBalancerAutoConfiguration$RetryInterceptorAutoConfiguration] is not eligible for getting processed by all BeanPostProcessors (for example: not eligible for auto-proxying). The currently created BeanPostProcessor [lbRestClientPostProcessor] is declared through a non-static factory method on that class; consider declaring it as static instead.
2026-06-24 10:17:07 [main] WARN  o.s.c.s.PostProcessorRegistrationDelegate$BeanPostProcessorChecker - Bean 'org.springframework.cloud.loadbalancer.config.BlockingLoadBalancerClientAutoConfiguration' of type [org.springframework.cloud.loadbalancer.config.BlockingLoadBalancerClientAutoConfiguration] is not eligible for getting processed by all BeanPostProcessors (for example: not eligible for auto-proxying). Is this bean getting eagerly injected into a currently created BeanPostProcessor [lbRestClientPostProcessor]? Check the corresponding BeanPostProcessor declaration and its dependencies.
2026-06-24 10:17:07 [main] WARN  o.s.c.s.PostProcessorRegistrationDelegate$BeanPostProcessorChecker - Bean 'org.springframework.cloud.loadbalancer.config.LoadBalancerAutoConfiguration' of type [org.springframework.cloud.loadbalancer.config.LoadBalancerAutoConfiguration] is not eligible for getting processed by all BeanPostProcessors (for example: not eligible for auto-proxying). Is this bean getting eagerly injected into a currently created BeanPostProcessor [lbRestClientPostProcessor]? Check the corresponding BeanPostProcessor declaration and its dependencies.
2026-06-24 10:17:07 [main] WARN  o.s.c.s.PostProcessorRegistrationDelegate$BeanPostProcessorChecker - Bean 'org.springframework.cloud.commons.config.CommonsConfigAutoConfiguration' of type [org.springframework.cloud.commons.config.CommonsConfigAutoConfiguration] is not eligible for getting processed by all BeanPostProcessors (for example: not eligible for auto-proxying). Is this bean getting eagerly injected into a currently created BeanPostProcessor [lbRestClientPostProcessor]? Check the corresponding BeanPostProcessor declaration and its dependencies.
2026-06-24 10:17:07 [main] WARN  o.s.c.s.PostProcessorRegistrationDelegate$BeanPostProcessorChecker - Bean 'org.springframework.cloud.client.loadbalancer.LoadBalancerDefaultMappingsProviderAutoConfiguration' of type [org.springframework.cloud.client.loadbalancer.LoadBalancerDefaultMappingsProviderAutoConfiguration] is not eligible for getting processed by all BeanPostProcessors (for example: not eligible for auto-proxying). Is this bean getting eagerly injected into a currently created BeanPostProcessor [lbRestClientPostProcessor]? Check the corresponding BeanPostProcessor declaration and its dependencies.
2026-06-24 10:17:07 [main] WARN  o.s.c.s.PostProcessorRegistrationDelegate$BeanPostProcessorChecker - Bean 'loadBalancerClientsDefaultsMappingsProvider' of type [org.springframework.cloud.client.loadbalancer.LoadBalancerDefaultMappingsProviderAutoConfiguration$$Lambda$671/0x000002134350dc58] is not eligible for getting processed by all BeanPostProcessors (for example: not eligible for auto-proxying). Is this bean getting eagerly injected into a currently created BeanPostProcessor [lbRestClientPostProcessor]? Check the corresponding BeanPostProcessor declaration and its dependencies.
2026-06-24 10:17:07 [main] WARN  o.s.c.s.PostProcessorRegistrationDelegate$BeanPostProcessorChecker - Bean 'defaultsBindHandlerAdvisor' of type [org.springframework.cloud.commons.config.DefaultsBindHandlerAdvisor] is not eligible for getting processed by all BeanPostProcessors (for example: not eligible for auto-proxying). Is this bean getting eagerly injected into a currently created BeanPostProcessor [lbRestClientPostProcessor]? Check the corresponding BeanPostProcessor declaration and its dependencies.
2026-06-24 10:17:07 [main] WARN  o.s.c.s.PostProcessorRegistrationDelegate$BeanPostProcessorChecker - Bean 'spring.cloud.loadbalancer-org.springframework.cloud.client.loadbalancer.LoadBalancerClientsProperties' of type [org.springframework.cloud.client.loadbalancer.LoadBalancerClientsProperties] is not eligible for getting processed by all BeanPostProcessors (for example: not eligible for auto-proxying). Is this bean getting eagerly injected into a currently created BeanPostProcessor [lbRestClientPostProcessor]? Check the corresponding BeanPostProcessor declaration and its dependencies.
2026-06-24 10:17:07 [main] WARN  o.s.c.s.PostProcessorRegistrationDelegate$BeanPostProcessorChecker - Bean 'default.org.springframework.cloud.loadbalancer.config.LoadBalancerAutoConfiguration.LoadBalancerClientSpecification' of type [org.springframework.cloud.loadbalancer.annotation.LoadBalancerClientSpecification] is not eligible for getting processed by all BeanPostProcessors (for example: not eligible for auto-proxying). Is this bean getting eagerly injected into a currently created BeanPostProcessor [lbRestClientPostProcessor]? Check the corresponding BeanPostProcessor declaration and its dependencies.
2026-06-24 10:17:07 [main] WARN  o.s.c.s.PostProcessorRegistrationDelegate$BeanPostProcessorChecker - Bean 'default.org.springframework.cloud.loadbalancer.config.BlockingLoadBalancerClientAutoConfiguration.LoadBalancerClientSpecification' of type [org.springframework.cloud.loadbalancer.annotation.LoadBalancerClientSpecification] is not eligible for getting processed by all BeanPostProcessors (for example: not eligible for auto-proxying). Is this bean getting eagerly injected into a currently created BeanPostProcessor [lbRestClientPostProcessor]? Check the corresponding BeanPostProcessor declaration and its dependencies.
2026-06-24 10:17:07 [main] WARN  o.s.c.s.PostProcessorRegistrationDelegate$BeanPostProcessorChecker - Bean 'default.org.springframework.cloud.netflix.eureka.loadbalancer.LoadBalancerEurekaAutoConfiguration.LoadBalancerClientSpecification' of type [org.springframework.cloud.loadbalancer.annotation.LoadBalancerClientSpecification] is not eligible for getting processed by all BeanPostProcessors (for example: not eligible for auto-proxying). Is this bean getting eagerly injected into a currently created BeanPostProcessor [lbRestClientPostProcessor]? Check the corresponding BeanPostProcessor declaration and its dependencies.
2026-06-24 10:17:07 [main] WARN  o.s.c.s.PostProcessorRegistrationDelegate$BeanPostProcessorChecker - Bean 'loadBalancerClientFactory' of type [org.springframework.cloud.loadbalancer.support.LoadBalancerClientFactory] is not eligible for getting processed by all BeanPostProcessors (for example: not eligible for auto-proxying). Is this bean getting eagerly injected into a currently created BeanPostProcessor [lbRestClientPostProcessor]? Check the corresponding BeanPostProcessor declaration and its dependencies.
2026-06-24 10:17:07 [main] WARN  o.s.c.s.PostProcessorRegistrationDelegate$BeanPostProcessorChecker - Bean 'blockingLoadBalancerClient' of type [org.springframework.cloud.loadbalancer.blocking.client.BlockingLoadBalancerClient] is not eligible for getting processed by all BeanPostProcessors (for example: not eligible for auto-proxying). Is this bean getting eagerly injected into a currently created BeanPostProcessor [lbRestClientPostProcessor]? Check the corresponding BeanPostProcessor declaration and its dependencies.
2026-06-24 10:17:07 [main] WARN  o.s.c.s.PostProcessorRegistrationDelegate$BeanPostProcessorChecker - Bean 'loadBalancerServiceInstanceCookieTransformer' of type [org.springframework.cloud.loadbalancer.core.LoadBalancerServiceInstanceCookieTransformer] is not eligible for getting processed by all BeanPostProcessors (for example: not eligible for auto-proxying). Is this bean getting eagerly injected into a currently created BeanPostProcessor [lbRestClientPostProcessor]? Check the corresponding BeanPostProcessor declaration and its dependencies.
2026-06-24 10:17:07 [main] WARN  o.s.c.s.PostProcessorRegistrationDelegate$BeanPostProcessorChecker - Bean 'xForwarderHeadersTransformer' of type [org.springframework.cloud.loadbalancer.blocking.XForwardedHeadersTransformer] is not eligible for getting processed by all BeanPostProcessors (for example: not eligible for auto-proxying). Is this bean getting eagerly injected into a currently created BeanPostProcessor [lbRestClientPostProcessor]? Check the corresponding BeanPostProcessor declaration and its dependencies.
2026-06-24 10:17:07 [main] WARN  o.s.c.s.PostProcessorRegistrationDelegate$BeanPostProcessorChecker - Bean 'org.springframework.cloud.client.loadbalancer.LoadBalancerAutoConfiguration' of type [org.springframework.cloud.client.loadbalancer.LoadBalancerAutoConfiguration] is not eligible for getting processed by all BeanPostProcessors (for example: not eligible for auto-proxying). Is this bean getting eagerly injected into a currently created BeanPostProcessor [lbRestClientPostProcessor]? Check the corresponding BeanPostProcessor declaration and its dependencies.
2026-06-24 10:17:07 [main] WARN  o.s.c.s.PostProcessorRegistrationDelegate$BeanPostProcessorChecker - Bean 'loadBalancerRequestFactory' of type [org.springframework.cloud.client.loadbalancer.LoadBalancerRequestFactory] is not eligible for getting processed by all BeanPostProcessors (for example: not eligible for auto-proxying). Is this bean getting eagerly injected into a currently created BeanPostProcessor [lbRestClientPostProcessor]? Check the corresponding BeanPostProcessor declaration and its dependencies.
2026-06-24 10:17:07 [main] WARN  o.s.c.s.PostProcessorRegistrationDelegate$BeanPostProcessorChecker - Bean 'org.springframework.cloud.loadbalancer.config.BlockingLoadBalancerClientAutoConfiguration$BlockingLoadBalancerRetryConfig' of type [org.springframework.cloud.loadbalancer.config.BlockingLoadBalancerClientAutoConfiguration$BlockingLoadBalancerRetryConfig$$SpringCGLIB$$0] is not eligible for getting processed by all BeanPostProcessors (for example: not eligible for auto-proxying). Is this bean getting eagerly injected into a currently created BeanPostProcessor [lbRestClientPostProcessor]? Check the corresponding BeanPostProcessor declaration and its dependencies.
2026-06-24 10:17:07 [main] WARN  o.s.c.s.PostProcessorRegistrationDelegate$BeanPostProcessorChecker - Bean 'loadBalancedRetryFactory' of type [org.springframework.cloud.loadbalancer.blocking.retry.BlockingLoadBalancedRetryFactory] is not eligible for getting processed by all BeanPostProcessors (for example: not eligible for auto-proxying). Is this bean getting eagerly injected into a currently created BeanPostProcessor [lbRestClientPostProcessor]? Check the corresponding BeanPostProcessor declaration and its dependencies.
2026-06-24 10:17:07 [main] WARN  o.s.c.s.PostProcessorRegistrationDelegate$BeanPostProcessorChecker - Bean 'loadBalancerInterceptor' of type [org.springframework.cloud.client.loadbalancer.RetryLoadBalancerInterceptor] is not eligible for getting processed by all BeanPostProcessors (for example: not eligible for auto-proxying). Is this bean getting eagerly injected into a currently created BeanPostProcessor [lbRestClientPostProcessor]? Check the corresponding BeanPostProcessor declaration and its dependencies.
2026-06-24 10:17:08 [main] INFO  o.s.b.w.e.tomcat.TomcatWebServer - Tomcat initialized with port 8086 (http)
2026-06-24 10:17:08 [main] INFO  o.a.catalina.core.StandardService - Starting service [Tomcat]
2026-06-24 10:17:08 [main] INFO  o.a.catalina.core.StandardEngine - Starting Servlet engine: [Apache Tomcat/10.1.16]
2026-06-24 10:17:08 [main] INFO  o.a.c.c.C.[Tomcat].[localhost].[/] - Initializing Spring embedded WebApplicationContext
2026-06-24 10:17:08 [main] INFO  o.s.b.w.s.c.ServletWebServerApplicationContext - Root WebApplicationContext: initialization completed in 3708 ms
2026-06-24 10:17:09 [main] INFO  o.h.jpa.internal.util.LogHelper - HHH000204: Processing PersistenceUnitInfo [name: default]
2026-06-24 10:17:09 [main] INFO  org.hibernate.Version - HHH000412: Hibernate ORM core version 6.3.1.Final
2026-06-24 10:17:09 [main] INFO  o.h.c.i.RegionFactoryInitiator - HHH000026: Second-level cache disabled
2026-06-24 10:17:09 [main] INFO  o.s.o.j.p.SpringPersistenceUnitInfo - No LoadTimeWeaver setup: ignoring JPA class transformer
2026-06-24 10:17:09 [main] INFO  com.zaxxer.hikari.HikariDataSource - NotificationServiceHikariPool - Starting...
2026-06-24 10:17:10 [main] INFO  com.zaxxer.hikari.pool.HikariPool - NotificationServiceHikariPool - Added connection org.postgresql.jdbc.PgConnection@6cac0334
2026-06-24 10:17:10 [main] INFO  com.zaxxer.hikari.HikariDataSource - NotificationServiceHikariPool - Start completed.
2026-06-24 10:17:10 [main] WARN  org.hibernate.orm.deprecation - HHH90000025: PostgreSQLDialect does not need to be specified explicitly using 'hibernate.dialect' (remove the property setting and it will be selected by default)
2026-06-24 10:17:11 [main] INFO  o.h.e.t.j.p.i.JtaPlatformInitiator - HHH000489: No JTA platform available (set 'hibernate.transaction.jta.platform' to enable JTA platform integration)
2026-06-24 10:17:11 [main] INFO  o.s.o.j.LocalContainerEntityManagerFactoryBean - Initialized JPA EntityManagerFactory for persistence unit 'default'
2026-06-24 10:17:11 [main] INFO  o.s.d.j.r.query.QueryEnhancerFactory - Hibernate is in classpath; If applicable, HQL parser will be used.
2026-06-24 10:17:12 [main] WARN  o.s.b.a.s.s.UserDetailsServiceAutoConfiguration - 

Using generated security password: 1892a2a9-118e-42fe-a6ed-901bbdf740fa

This generated password is for development use only. Your security configuration must be updated before running your application in production.

2026-06-24 10:17:13 [main] INFO  o.s.b.a.e.web.EndpointLinksResolver - Exposing 5 endpoint(s) beneath base path '/actuator'
2026-06-24 10:17:13 [main] INFO  o.s.s.web.DefaultSecurityFilterChain - Will secure any request with [org.springframework.security.web.session.DisableEncodeUrlFilter@27779eaa, org.springframework.security.web.context.request.async.WebAsyncManagerIntegrationFilter@758d901e, org.springframework.security.web.context.SecurityContextHolderFilter@3f19ac42, org.springframework.security.web.header.HeaderWriterFilter@1305f8e3, org.springframework.web.filter.CorsFilter@56e92cdf, org.springframework.security.web.authentication.logout.LogoutFilter@238cf72, com.fooddelivery.notification.security.JwtAuthenticationFilter@34647f58, org.springframework.security.web.savedrequest.RequestCacheAwareFilter@20e27a41, org.springframework.security.web.servletapi.SecurityContextHolderAwareRequestFilter@46577744, org.springframework.security.web.authentication.AnonymousAuthenticationFilter@4741fb8d, org.springframework.security.web.session.SessionManagementFilter@34195ce5, org.springframework.security.web.access.ExceptionTranslationFilter@28c319a2, org.springframework.security.web.access.intercept.AuthorizationFilter@7b95eab0]
2026-06-24 10:17:14 [main] INFO  o.s.c.n.e.c.DiscoveryClientOptionalArgsConfiguration - Eureka HTTP Client uses RestTemplate.
2026-06-24 10:17:14 [main] WARN  o.s.c.l.c.LoadBalancerCacheAutoConfiguration$LoadBalancerCaffeineWarnLogger - Spring Cloud LoadBalancer is currently working with the default cache. While this cache implementation is useful for development and tests, it's recommended to use Caffeine cache in production.You can switch to using Caffeine cache, by adding it and org.springframework.cache.caffeine.CaffeineCacheManager to the classpath.
2026-06-24 10:17:14 [main] INFO  o.s.c.n.eureka.InstanceInfoFactory - Setting initial instance status as: STARTING
2026-06-24 10:17:14 [main] INFO  c.netflix.discovery.DiscoveryClient - Initializing Eureka in region us-east-1
2026-06-24 10:17:14 [main] INFO  c.n.d.s.r.aws.ConfigClusterResolver - Resolving eureka endpoints via configuration
2026-06-24 10:17:14 [main] INFO  c.netflix.discovery.DiscoveryClient - Disable delta property : false
2026-06-24 10:17:14 [main] INFO  c.netflix.discovery.DiscoveryClient - Single vip registry refresh property : null
2026-06-24 10:17:14 [main] INFO  c.netflix.discovery.DiscoveryClient - Force full registry fetch : false
2026-06-24 10:17:14 [main] INFO  c.netflix.discovery.DiscoveryClient - Application is null : false
2026-06-24 10:17:14 [main] INFO  c.netflix.discovery.DiscoveryClient - Registered Applications size is zero : true
2026-06-24 10:17:14 [main] INFO  c.netflix.discovery.DiscoveryClient - Application version is -1: true
2026-06-24 10:17:14 [main] INFO  c.netflix.discovery.DiscoveryClient - Getting all instance registry info from the eureka server
2026-06-24 10:17:14 [main] INFO  c.netflix.discovery.DiscoveryClient - The response status is 200
2026-06-24 10:17:14 [main] INFO  c.netflix.discovery.DiscoveryClient - Starting heartbeat executor: renew interval is: 10
2026-06-24 10:17:14 [main] INFO  c.n.discovery.InstanceInfoReplicator - InstanceInfoReplicator onDemand update allowed rate per min is 4
2026-06-24 10:17:14 [main] INFO  c.netflix.discovery.DiscoveryClient - Discovery Client initialized at timestamp 1782276434778 with initial instances count: 5
2026-06-24 10:17:14 [main] INFO  o.s.c.n.e.s.EurekaServiceRegistry - Registering application NOTIFICATION-SERVICE with eureka with status UP
2026-06-24 10:17:14 [main] INFO  c.netflix.discovery.DiscoveryClient - Saw local status change event StatusChangeEvent [timestamp=1782276434790, current=UP, previous=STARTING]
2026-06-24 10:17:14 [DiscoveryClient-InstanceInfoReplicator-0] INFO  c.netflix.discovery.DiscoveryClient - DiscoveryClient_NOTIFICATION-SERVICE/notification-service:6d24339e62b286b9714c315819f55781: registering service...
2026-06-24 10:17:14 [main] INFO  o.s.b.w.e.tomcat.TomcatWebServer - Tomcat started on port 8086 (http) with context path ''
2026-06-24 10:17:14 [main] INFO  o.s.c.n.e.s.EurekaAutoServiceRegistration - Updating port to 8086
2026-06-24 10:17:14 [DiscoveryClient-InstanceInfoReplicator-0] INFO  c.netflix.discovery.DiscoveryClient - DiscoveryClient_NOTIFICATION-SERVICE/notification-service:6d24339e62b286b9714c315819f55781 - registration status: 204
2026-06-24 10:17:15 [main] INFO  o.s.a.r.c.CachingConnectionFactory - Attempting to connect to: [localhost:5672]
2026-06-24 10:17:15 [main] INFO  o.s.a.r.c.CachingConnectionFactory - Created new connection: rabbitConnectionFactory#2390a185:0/SimpleConnection@2ce01617 [delegate=amqp://guest@127.0.0.1:5672/, localPort=53893]
2026-06-24 10:17:15 [main] INFO  o.s.amqp.rabbit.core.RabbitAdmin - Auto-declaring a non-durable or auto-delete Exchange (order.exchange) durable:false, auto-delete:false. It will be deleted by the broker if it shuts down, and can be redeclared by closing and reopening the connection.
2026-06-24 10:17:15 [main] INFO  o.s.amqp.rabbit.core.RabbitAdmin - Auto-declaring a non-durable or auto-delete Exchange (payment.exchange) durable:false, auto-delete:false. It will be deleted by the broker if it shuts down, and can be redeclared by closing and reopening the connection.
2026-06-24 10:17:15 [main] INFO  o.s.amqp.rabbit.core.RabbitAdmin - Auto-declaring a non-durable or auto-delete Exchange (restaurant.exchange) durable:false, auto-delete:false. It will be deleted by the broker if it shuts down, and can be redeclared by closing and reopening the connection.
2026-06-24 10:17:15 [main] INFO  o.s.amqp.rabbit.core.RabbitAdmin - Auto-declaring a non-durable or auto-delete Exchange (notification.exchange) durable:false, auto-delete:false. It will be deleted by the broker if it shuts down, and can be redeclared by closing and reopening the connection.
2026-06-24 10:17:15 [main] INFO  o.s.amqp.rabbit.core.RabbitAdmin - Auto-declaring a non-durable or auto-delete Exchange (dlx.exchange) durable:false, auto-delete:false. It will be deleted by the broker if it shuts down, and can be redeclared by closing and reopening the connection.
2026-06-24 10:17:15 [main] INFO  o.s.amqp.rabbit.core.RabbitAdmin - Auto-declaring a non-durable, auto-delete, or exclusive Queue (order.created.queue) durable:false, auto-delete:false, exclusive:false. It will be redeclared if the broker stops and is restarted while the connection factory is alive, but all messages will be lost.
2026-06-24 10:17:15 [main] INFO  o.s.amqp.rabbit.core.RabbitAdmin - Auto-declaring a non-durable, auto-delete, or exclusive Queue (order.confirmed.queue) durable:false, auto-delete:false, exclusive:false. It will be redeclared if the broker stops and is restarted while the connection factory is alive, but all messages will be lost.
2026-06-24 10:17:15 [main] INFO  o.s.amqp.rabbit.core.RabbitAdmin - Auto-declaring a non-durable, auto-delete, or exclusive Queue (order.cancelled.queue) durable:false, auto-delete:false, exclusive:false. It will be redeclared if the broker stops and is restarted while the connection factory is alive, but all messages will be lost.
2026-06-24 10:17:15 [main] INFO  o.s.amqp.rabbit.core.RabbitAdmin - Auto-declaring a non-durable, auto-delete, or exclusive Queue (payment.success.queue) durable:false, auto-delete:false, exclusive:false. It will be redeclared if the broker stops and is restarted while the connection factory is alive, but all messages will be lost.
2026-06-24 10:17:15 [main] INFO  o.s.amqp.rabbit.core.RabbitAdmin - Auto-declaring a non-durable, auto-delete, or exclusive Queue (payment.failed.queue) durable:false, auto-delete:false, exclusive:false. It will be redeclared if the broker stops and is restarted while the connection factory is alive, but all messages will be lost.
2026-06-24 10:17:15 [main] INFO  o.s.amqp.rabbit.core.RabbitAdmin - Auto-declaring a non-durable, auto-delete, or exclusive Queue (restaurant.accepted.queue) durable:false, auto-delete:false, exclusive:false. It will be redeclared if the broker stops and is restarted while the connection factory is alive, but all messages will be lost.
2026-06-24 10:17:15 [main] INFO  o.s.amqp.rabbit.core.RabbitAdmin - Auto-declaring a non-durable, auto-delete, or exclusive Queue (restaurant.rejected.queue) durable:false, auto-delete:false, exclusive:false. It will be redeclared if the broker stops and is restarted while the connection factory is alive, but all messages will be lost.
2026-06-24 10:17:15 [main] INFO  c.f.n.NotificationServiceApplication - Started NotificationServiceApplication in 12.967 seconds (process running for 14.337)
2026-06-24 10:22:14 [AsyncResolver-bootstrap-executor-0] INFO  c.n.d.s.r.aws.ConfigClusterResolver - Resolving eureka endpoints via configuration
2026-06-24 10:27:14 [AsyncResolver-bootstrap-executor-0] INFO  c.n.d.s.r.aws.ConfigClusterResolver - Resolving eureka endpoints via configuration
2026-06-24 10:32:14 [AsyncResolver-bootstrap-executor-0] INFO  c.n.d.s.r.aws.ConfigClusterResolver - Resolving eureka endpoints via configuration
2026-06-24 10:37:14 [AsyncResolver-bootstrap-executor-0] INFO  c.n.d.s.r.aws.ConfigClusterResolver - Resolving eureka endpoints via configuration
2026-06-24 10:42:14 [AsyncResolver-bootstrap-executor-0] INFO  c.n.d.s.r.aws.ConfigClusterResolver - Resolving eureka endpoints via configuration
2026-06-24 10:47:14 [AsyncResolver-bootstrap-executor-0] INFO  c.n.d.s.r.aws.ConfigClusterResolver - Resolving eureka endpoints via configuration
2026-06-24 10:52:14 [AsyncResolver-bootstrap-executor-0] INFO  c.n.d.s.r.aws.ConfigClusterResolver - Resolving eureka endpoints via configuration
2026-06-24 10:56:06 [http-nio-8086-exec-1] INFO  o.a.c.c.C.[Tomcat].[localhost].[/] - Initializing Spring DispatcherServlet 'dispatcherServlet'
2026-06-24 10:56:06 [http-nio-8086-exec-1] INFO  o.s.web.servlet.DispatcherServlet - Initializing Servlet 'dispatcherServlet'
2026-06-24 10:56:06 [http-nio-8086-exec-1] INFO  o.s.web.servlet.DispatcherServlet - Completed initialization in 4 ms
2026-06-24 10:56:06 [http-nio-8086-exec-1] WARN  o.s.w.s.h.HandlerMappingIntrospector - Cache miss for REQUEST dispatch to '/actuator/health' (previous null). Performing MatchableHandlerMapping lookup. This is logged once only at WARN level, and every time at TRACE.
